emp_id,first_name,last_name,department,salary,hire_date,active
E10001,Omar,Okafor,Engineering,12686.95,2023-03-04,True
E10002,Ines,Okafor,Engineering,7713.67,2018-09-03,True
E10003,Amara,Schmidt,Support,10240.93,2026-07-19,False
E10004,Jonas,Okafor,Sales,5865.69,2024-01-05,True
E10005,Hugo,Schmidt,Support,6927.86,2022-09-18,True
E10006,Ines,Dubois,Legal,12121.85,2018-10-15,True
E10007,Lena,Silva,Sales,11118.1,2025-06-08,True
E10008,Sara,Petrov,People,5844.24,2022-09-03,True
E10009,Mateo,Rossi,People,7560.39,2024-03-22,True
E10010,Mateo,Larsen,People,9590.06,2026-06-15,True
E10011,Sara,Kowalski,Finance,11530.77,2019-05-10,True
E10012,Omar,Larsen,Finance,14218.52,2025-05-12,True
E10013,Amara,Novak,Marketing,3809.44,2019-08-08,True
E10014,Hugo,Ibrahim,Legal,9199.31,2025-02-05,True
E10015,Priya,Larsen,Legal,14437.69,2026-05-05,True
E10016,Jonas,Nair,People,12812.93,2020-04-06,True
E10017,Priya,Sato,Operations,9973.89,2018-03-11,False
E10018,Rafael,Sato,Legal,7257.23,2026-01-13,True
E10019,Ines,Kowalski,Support,7803.24,2024-01-04,True
E10020,Aarav,Rossi,Engineering,14325.01,2018-02-20,True
E10021,Omar,Rossi,Marketing,14408.65,2021-10-20,True
E10022,Sara,Ibrahim,People,8357.6,2019-02-03,True
E10023,Kofi,Dubois,Sales,8774.57,2023-12-07,False
E10024,Fatima,Sato,Finance,11876.97,2026-06-10,False
E10025,Kofi,Moreau,Operations,13802.96,2019-12-12,True
E10026,Tomasz,Petrov,Support,10017.72,2026-09-26,False
E10027,Omar,Silva,Support,8791.3,2021-04-12,True
E10028,Sara,Tanaka,Support,11035.06,2018-05-12,True
E10029,Chen,Silva,Engineering,5060.43,2023-06-07,True
E10030,Zofia,Nair,People,13815.03,2025-10-12,True
E10031,Elena,Costa,Support,8283.16,2019-11-06,True
E10032,Omar,Ibrahim,Legal,11687.22,2023-02-03,True
E10033,Aarav,Rossi,People,12497.42,2020-03-05,True
E10034,Nadia,Rossi,Sales,2424.52,2025-11-26,False
E10035,Fatima,Nakamura,Support,12749.57,2019-09-07,True
E10036,Tomasz,Silva,Operations,5477.65,2021-05-14,True
E10037,Nadia,Ibrahim,Legal,12762.2,2018-12-17,True
E10038,Tomasz,Nair,People,12112.57,2020-09-20,True
E10039,Fatima,Dubois,Engineering,9289.58,2020-03-11,True
E10040,Sara,Schmidt,Finance,5338.18,2026-09-09,True
E10041,Rafael,Sato,Finance,11900.71,2019-09-03,True
E10042,Ines,Tanaka,People,8669.64,2026-09-26,True
E10043,Tomasz,Tanaka,Support,12927.2,2021-12-05,True
E10044,Mateo,Kowalski,Support,7645.59,2024-08-07,True
E10045,Nadia,Rossi,Marketing,13476.75,2019-03-15,True
E10046,Sara,Haddad,Support,4221.61,2019-07-14,False
E10047,Priya,Novak,Operations,6236.68,2024-06-24,True
E10048,Rafael,Ibrahim,Finance,7081.14,2023-09-17,True
E10049,Elena,Silva,Engineering,3228.51,2026-02-09,True
E10050,Fatima,Nakamura,Marketing,7358.31,2020-05-18,False
E10051,Mateo,Kowalski,Marketing,2888.07,2025-12-23,True
E10052,Aarav,Kowalski,Marketing,3224.42,2019-05-28,True
E10053,Rafael,Nair,Operations,14906.94,2022-02-14,False
E10054,Fatima,Okafor,Support,14186.16,2022-10-06,True
E10055,Lena,Mensah,Support,5870.2,2020-04-17,True
E10056,Aarav,Tanaka,Finance,2346.89,2022-06-24,True
E10057,Sara,Silva,People,3513.59,2021-09-27,True
E10058,Omar,Moreau,Marketing,10973.73,2025-09-08,True
E10059,Nadia,Okafor,Sales,2332.89,2020-07-21,True
E10060,Hugo,Okafor,Engineering,10684.87,2022-07-13,False
E10061,Jonas,Mensah,Finance,8044.78,2022-10-06,True
E10062,Nadia,Petrov,Operations,5286.25,2018-05-10,True
E10063,Mateo,Costa,Engineering,8239.68,2020-01-17,True
E10064,Aarav,Kowalski,Marketing,12632.68,2021-09-05,True
E10065,Aarav,Mensah,Marketing,10228.66,2018-07-03,True
E10066,Zofia,Costa,Operations,11396.29,2026-03-16,True
E10067,Tomasz,Nakamura,Sales,13823.86,2020-01-25,True
E10068,Viktor,Silva,Engineering,2549.79,2018-11-05,True
E10069,Rafael,Sato,Finance,10204.25,2019-07-21,True
E10070,Kofi,Nair,People,12384.46,2021-08-24,False
E10071,Tomasz,Kowalski,People,5385.64,2026-02-03,True
E10072,Ines,Silva,People,8487.36,2021-12-13,True
E10073,Zofia,Novak,Engineering,9844.22,2022-01-11,True
E10074,Viktor,Rossi,Finance,8339.46,2022-10-16,True
E10075,Ines,Dubois,Marketing,11244.81,2019-12-10,True
E10076,Uma,Novak,Marketing,14699.35,2025-02-16,True
E10077,Tomasz,Ibrahim,Marketing,7113.26,2025-02-07,True
E10078,Tomasz,Tanaka,Operations,3851.32,2019-03-27,True
E10079,Nadia,Silva,People,13667.56,2022-02-16,True
E10080,Sara,Ibrahim,Legal,6024.03,2020-01-05,True
E10081,Elena,Petrov,Finance,6313.95,2024-06-11,True
E10082,Aarav,Mensah,Marketing,6925.61,2019-04-13,True
E10083,Priya,Tanaka,Finance,5750.58,2019-06-02,True
E10084,Fatima,Silva,Marketing,7746.97,2022-11-11,True
E10085,Aarav,Costa,Support,11382.12,2023-07-02,False
E10086,Zofia,Rossi,Marketing,8379.93,2024-08-18,True
E10087,Mateo,Mensah,Marketing,5431.18,2025-07-24,False
E10088,Jonas,Mensah,People,9300.44,2022-07-13,True
E10089,Ines,Moreau,People,9211.46,2020-02-15,False
E10090,Fatima,Sato,Support,5281.62,2025-07-06,True
E10091,Jonas,Larsen,Marketing,12534.07,2019-06-07,False
E10092,Priya,Moreau,Support,6985.19,2024-07-11,True
E10093,Viktor,Larsen,Sales,10961.04,2025-05-17,True
E10094,Kofi,Silva,Legal,7278.88,2021-02-15,True
E10095,Fatima,Okafor,Legal,11253.04,2022-01-26,True
E10096,Chen,Costa,People,14623.85,2025-01-08,True
E10097,Fatima,Moreau,Engineering,14229.32,2021-03-24,True
E10098,Uma,Okafor,Finance,12186.89,2025-02-08,True
E10099,Lena,Rossi,Marketing,8927.49,2018-11-14,True
E10100,Chen,Mensah,Support,7129.09,2019-02-08,True
E10101,Uma,Mensah,People,5724.48,2018-01-11,True
E10102,Tomasz,Silva,Support,2525.67,2021-08-14,True
E10103,Aarav,Novak,People,13502.61,2022-01-21,True
E10104,Priya,Larsen,Support,8474.46,2022-04-23,True
E10105,Omar,Novak,Finance,12376.33,2024-06-24,True
E10106,Sara,Novak,Marketing,11975.95,2019-04-07,True
E10107,Lena,Schmidt,People,9977.56,2021-05-08,True
E10108,Fatima,Costa,Finance,4882.14,2018-10-20,True
E10109,Amara,Haddad,Legal,7918.91,2018-12-23,False
E10110,Hugo,Petrov,Support,4530.12,2019-02-17,True
E10111,Omar,Larsen,Operations,7826.44,2018-05-04,True
E10112,Nadia,Nakamura,Engineering,9349.28,2022-02-25,True
E10113,Priya,Kowalski,Finance,11198.44,2023-05-07,True
E10114,Mateo,Larsen,People,2538.52,2025-04-14,True
E10115,Omar,Okafor,People,2952.9,2024-01-02,True
E10116,Mateo,Larsen,Marketing,6447.68,2019-10-20,True
E10117,Lena,Nair,Engineering,2461.21,2023-05-08,True
E10118,Kofi,Nakamura,People,3852.63,2025-07-16,True
E10119,Fatima,Silva,Operations,13199.74,2022-12-15,True
E10120,Ines,Costa,Sales,5322.96,2019-09-03,True
E10121,Uma,Petrov,Sales,14726.68,2025-09-04,False
E10122,Chen,Novak,Engineering,7552.2,2022-10-23,False
E10123,Fatima,Nakamura,People,10108.55,2020-04-22,True
E10124,Lena,Mensah,Marketing,9423.12,2026-02-12,True
E10125,Rafael,Silva,Sales,5297.72,2022-04-05,True
E10126,Chen,Costa,Marketing,14883.12,2021-06-17,True
E10127,Rafael,Okafor,Engineering,2207.63,2019-11-27,True
E10128,Amara,Mensah,Support,3679.55,2025-06-07,True
E10129,Nadia,Moreau,Sales,7912.13,2021-02-09,True
E10130,Zofia,Larsen,Support,2630.54,2018-02-11,True
E10131,Amara,Novak,Finance,12655.63,2021-05-14,True
E10132,Lena,Kowalski,Support,2553.72,2020-10-16,True
E10133,Elena,Costa,Sales,10350.7,2019-07-03,True
E10134,Kofi,Nakamura,Marketing,10718.01,2024-12-14,False
E10135,Viktor,Larsen,Legal,7492.99,2022-12-28,True
E10136,Ines,Costa,Legal,4763.05,2023-11-01,True
E10137,Elena,Kowalski,Legal,9563.12,2020-07-12,True
E10138,Aarav,Okafor,Sales,10369.75,2020-03-13,True
E10139,Tomasz,Haddad,Sales,6614.13,2023-12-06,True
E10140,Omar,Dubois,Support,6019.72,2019-02-27,False
E10141,Amara,Costa,Engineering,13751.15,2025-06-20,True
E10142,Jonas,Costa,Support,12788.48,2020-11-06,True
E10143,Tomasz,Haddad,Legal,6758.63,2018-07-05,True
E10144,Uma,Okafor,Operations,3660.49,2021-01-20,True
E10145,Priya,Mensah,Support,7612.24,2022-11-22,True
E10146,Hugo,Nair,Finance,10090.38,2026-08-16,True
E10147,Rafael,Haddad,People,7286.39,2025-10-03,True
E10148,Chen,Ibrahim,Finance,2671.56,2024-06-05,True
E10149,Tomasz,Kowalski,Finance,11798.92,2023-12-13,True
E10150,Chen,Schmidt,Support,3838.65,2020-01-16,True
E10151,Jonas,Kowalski,Operations,9982.0,2020-11-09,True
E10152,Fatima,Tanaka,People,4822.79,2022-08-09,True
E10153,Nadia,Okafor,Support,4486.3,2021-06-06,True
E10154,Mateo,Costa,Sales,12312.95,2022-11-09,True
E10155,Nadia,Ibrahim,Engineering,5383.57,2026-01-18,True
E10156,Nadia,Tanaka,Legal,14858.09,2024-12-19,True
E10157,Rafael,Silva,Sales,10045.24,2023-02-02,True
E10158,Lena,Petrov,Finance,11735.55,2026-05-08,True
E10159,Tomasz,Larsen,Finance,3843.86,2024-07-08,True
E10160,Amara,Nair,Operations,6046.97,2018-01-17,True
E10161,Viktor,Mensah,Sales,4769.69,2021-07-20,True
E10162,Aarav,Silva,Sales,7934.45,2020-03-03,True
E10163,Kofi,Nair,Finance,10424.67,2022-07-18,False
E10164,Tomasz,Dubois,Support,4268.22,2025-10-01,True
E10165,Omar,Haddad,Support,4192.75,2026-01-25,True
E10166,Fatima,Nakamura,Support,8799.25,2026-04-21,True
E10167,Hugo,Moreau,Marketing,2968.13,2024-10-21,True
E10168,Uma,Nair,Legal,12984.07,2025-12-24,False
E10169,Rafael,Haddad,Support,14936.51,2019-12-09,True
E10170,Mateo,Tanaka,Finance,5562.62,2018-02-18,True
E10171,Lena,Novak,Engineering,13440.98,2026-05-01,True
E10172,Ines,Haddad,Operations,4612.55,2021-12-13,True
E10173,Uma,Dubois,People,12923.5,2021-07-23,True
E10174,Jonas,Mensah,Support,7173.75,2018-07-19,True
E10175,Amara,Nair,Engineering,3518.68,2020-03-06,True
E10176,Aarav,Nair,Finance,3925.7,2020-12-21,True
E10177,Amara,Kowalski,Operations,4707.18,2019-12-27,True
E10178,Omar,Schmidt,Support,4789.43,2019-12-04,True
E10179,Lena,Dubois,Engineering,3851.95,2019-11-26,True
E10180,Mateo,Petrov,Legal,5500.68,2021-05-12,True
E10181,Nadia,Petrov,People,13073.17,2022-01-20,True
E10182,Priya,Moreau,Engineering,6599.21,2024-01-23,True
E10183,Chen,Mensah,Sales,7744.62,2021-12-17,True
E10184,Nadia,Dubois,Engineering,8455.74,2018-01-26,True
E10185,Nadia,Moreau,Marketing,9565.83,2025-10-06,True
E10186,Jonas,Dubois,Sales,3560.32,2021-12-21,True
E10187,Uma,Schmidt,Operations,6712.57,2025-12-13,False
E10188,Aarav,Larsen,Support,6039.3,2019-07-14,False
E10189,Omar,Silva,People,3777.88,2026-03-20,True
E10190,Viktor,Petrov,Sales,13286.42,2018-06-15,True
E10191,Rafael,Ibrahim,Marketing,9580.75,2023-03-05,True
E10192,Ines,Tanaka,Marketing,11833.25,2021-09-27,True
E10193,Fatima,Silva,Operations,9885.14,2020-12-12,True
E10194,Kofi,Schmidt,Sales,14497.41,2023-04-04,True
E10195,Lena,Mensah,Legal,5663.12,2020-03-04,True
E10196,Ines,Costa,People,2585.34,2019-05-13,False
E10197,Jonas,Moreau,Marketing,8093.87,2024-12-05,True
E10198,Jonas,Nakamura,Legal,13004.1,2024-01-22,True
E10199,Hugo,Schmidt,People,7699.35,2021-11-09,True
E10200,Jonas,Costa,Sales,5358.28,2019-07-14,True
E10201,Priya,Moreau,Sales,13626.36,2018-10-11,True
E10202,Elena,Okafor,Marketing,9121.31,2024-08-06,True
E10203,Nadia,Schmidt,People,9091.48,2021-09-23,True
E10204,Nadia,Moreau,Operations,7414.77,2018-11-15,True
E10205,Tomasz,Schmidt,Operations,10330.01,2020-07-09,True
E10206,Aarav,Kowalski,Legal,13895.04,2024-01-21,True
E10207,Kofi,Schmidt,Support,6043.85,2023-10-13,False
E10208,Omar,Ibrahim,Support,4260.96,2026-04-25,True
E10209,Uma,Silva,Sales,6680.68,2021-08-21,True
E10210,Lena,Sato,Sales,12155.43,2024-08-16,True
E10211,Omar,Tanaka,Legal,10859.24,2021-05-16,True
E10212,Jonas,Mensah,Operations,8302.63,2022-06-14,True
E10213,Nadia,Rossi,Marketing,13112.54,2019-11-02,True
E10214,Tomasz,Larsen,Finance,10583.2,2023-03-07,False
E10215,Zofia,Schmidt,Sales,13109.05,2022-05-06,True
E10216,Ines,Costa,Sales,9970.06,2023-03-23,True
E10217,Uma,Mensah,Support,8493.94,2019-11-07,True
E10218,Elena,Sato,Engineering,5543.46,2025-11-08,True
E10219,Uma,Okafor,People,8142.82,2025-08-05,True
E10220,Hugo,Sato,Finance,4207.39,2021-08-11,True
E10221,Lena,Ibrahim,Operations,7613.2,2025-11-22,True
E10222,Aarav,Nair,Finance,10907.6,2023-11-11,True
E10223,Sara,Dubois,Sales,2584.9,2019-09-23,True
E10224,Elena,Larsen,Operations,8238.27,2020-06-17,True
E10225,Priya,Petrov,Legal,5377.67,2021-05-02,True
E10226,Sara,Costa,Operations,8613.1,2022-06-09,False
E10227,Sara,Schmidt,Operations,4617.32,2023-04-23,True
E10228,Omar,Sato,Legal,9147.5,2019-01-02,True
E10229,Amara,Novak,People,9959.44,2019-01-22,True
E10230,Zofia,Costa,Sales,10192.03,2026-09-23,True
E10231,Amara,Ibrahim,Sales,3450.47,2019-04-06,False
E10232,Aarav,Larsen,Sales,12241.31,2024-02-18,True
E10233,Priya,Okafor,Operations,2411.63,2022-03-19,True
E10234,Viktor,Moreau,Finance,12731.62,2018-08-25,True
E10235,Chen,Nair,Legal,9769.26,2024-08-22,False
E10236,Uma,Schmidt,Engineering,10419.01,2025-07-07,False
E10237,Aarav,Nair,Engineering,14808.7,2018-07-28,True
E10238,Sara,Nair,Marketing,11379.27,2019-03-08,True
E10239,Nadia,Rossi,Engineering,5911.03,2020-01-18,True
E10240,Kofi,Okafor,Finance,2296.27,2025-11-01,False
E10241,Lena,Mensah,Sales,14437.28,2019-07-27,True
E10242,Nadia,Ibrahim,People,10834.36,2018-06-05,False
E10243,Hugo,Nakamura,People,7099.01,2019-06-26,True
E10244,Mateo,Mensah,Marketing,2927.98,2022-10-21,True
E10245,Aarav,Rossi,Marketing,9651.29,2023-10-08,True
E10246,Jonas,Ibrahim,Marketing,10984.15,2024-10-11,True
E10247,Viktor,Okafor,Marketing,12840.35,2024-03-26,False
E10248,Uma,Dubois,Operations,9008.37,2020-05-18,True
E10249,Jonas,Mensah,Finance,10844.4,2024-04-15,True
E10250,Aarav,Costa,People,9085.41,2022-10-18,True
E10251,Omar,Moreau,Marketing,13505.76,2019-04-17,True
E10252,Ines,Novak,Support,3332.78,2026-04-26,True
E10253,Viktor,Larsen,Legal,12152.76,2023-10-28,True
E10254,Nadia,Schmidt,Operations,10268.09,2018-08-26,True
E10255,Aarav,Larsen,Marketing,8814.63,2023-10-01,True
E10256,Sara,Novak,Marketing,14024.11,2021-10-09,True
E10257,Zofia,Rossi,Marketing,12975.27,2025-10-11,True
E10258,Chen,Nair,Finance,2596.61,2020-07-12,False
E10259,Chen,Costa,Engineering,11212.81,2025-08-03,True
E10260,Chen,Moreau,Legal,4493.66,2021-11-28,True
E10261,Jonas,Haddad,Finance,14232.19,2021-12-12,True
E10262,Amara,Tanaka,People,2865.5,2026-01-05,True
E10263,Lena,Ibrahim,Engineering,8189.41,2018-04-12,True
E10264,Sara,Costa,Sales,7812.97,2019-06-26,True
E10265,Ines,Okafor,Sales,14052.12,2018-08-08,True
E10266,Fatima,Ibrahim,Engineering,14029.81,2023-12-13,True
E10267,Mateo,Petrov,Support,8276.82,2019-08-21,True
E10268,Amara,Haddad,People,9249.79,2023-04-05,True
E10269,Priya,Nakamura,Support,4147.46,2020-05-09,True
E10270,Hugo,Tanaka,People,3551.52,2022-06-15,False
E10271,Tomasz,Okafor,Support,9334.06,2019-03-27,True
E10272,Nadia,Nakamura,Marketing,14955.44,2022-04-08,True
E10273,Hugo,Okafor,Marketing,4002.03,2022-07-21,True
E10274,Tomasz,Rossi,People,2174.67,2026-06-27,False
E10275,Nadia,Nakamura,Finance,13850.72,2022-03-07,True
E10276,Hugo,Moreau,Support,11280.06,2020-03-07,True
E10277,Sara,Tanaka,Sales,4793.39,2019-10-20,True
E10278,Lena,Novak,Finance,2992.87,2021-10-24,True
E10279,Nadia,Petrov,Marketing,12951.68,2018-09-28,False
E10280,Priya,Dubois,Sales,13337.94,2019-01-09,True
E10281,Hugo,Larsen,Finance,6719.49,2023-01-15,False
E10282,Nadia,Silva,Operations,12146.17,2019-02-28,True
E10283,Elena,Dubois,People,8735.82,2018-05-17,True
E10284,Jonas,Kowalski,Support,10092.78,2020-01-06,True
E10285,Aarav,Nair,Engineering,14034.58,2022-09-24,True
E10286,Viktor,Ibrahim,Support,11164.94,2018-10-04,True
E10287,Hugo,Okafor,Marketing,3728.72,2019-12-16,True
E10288,Elena,Schmidt,Legal,13497.34,2022-02-18,True
E10289,Viktor,Ibrahim,Legal,4258.26,2021-03-27,True
E10290,Priya,Moreau,Finance,7225.98,2024-12-02,True
E10291,Jonas,Petrov,Legal,12966.03,2023-07-19,True
E10292,Uma,Okafor,Operations,8787.91,2023-07-22,False
E10293,Aarav,Larsen,Engineering,8960.14,2021-07-03,True
E10294,Aarav,Silva,Sales,7547.94,2021-09-13,True
E10295,Amara,Okafor,Finance,13255.73,2025-11-20,True
E10296,Uma,Okafor,Engineering,5364.96,2022-11-17,True
E10297,Lena,Schmidt,Marketing,6609.11,2021-01-06,True
E10298,Chen,Ibrahim,Sales,7794.91,2026-05-17,True
E10299,Viktor,Mensah,Marketing,5272.83,2022-07-03,True
E10300,Zofia,Silva,Legal,4731.29,2022-08-23,True
E10301,Zofia,Dubois,People,12655.46,2026-05-01,True
E10302,Tomasz,Sato,Legal,14590.04,2021-04-13,True
E10303,Jonas,Petrov,Operations,8454.76,2023-03-10,False
E10304,Amara,Nair,Sales,9220.98,2021-05-20,False
E10305,Amara,Moreau,Legal,12854.45,2025-11-12,True
E10306,Jonas,Rossi,Legal,6473.91,2019-09-12,True
E10307,Zofia,Tanaka,Engineering,11628.38,2021-10-24,False
E10308,Fatima,Nakamura,Engineering,2205.47,2025-05-25,True
E10309,Omar,Rossi,Legal,13054.81,2019-08-09,False
E10310,Rafael,Ibrahim,Marketing,11426.87,2019-07-10,True
E10311,Zofia,Costa,Operations,2236.76,2026-09-24,True
E10312,Rafael,Mensah,Sales,9038.1,2025-07-26,True
E10313,Jonas,Kowalski,Operations,6305.21,2024-10-27,True
E10314,Ines,Nakamura,Finance,2478.13,2021-06-09,True
E10315,Uma,Mensah,Legal,8788.86,2025-05-17,True
E10316,Rafael,Larsen,Finance,9780.26,2024-07-12,True
E10317,Chen,Moreau,Support,3419.74,2018-11-12,True
E10318,Ines,Nakamura,People,7303.05,2026-03-25,True
E10319,Tomasz,Kowalski,Sales,6803.66,2023-12-12,False
E10320,Hugo,Schmidt,Marketing,11001.25,2022-09-27,False
E10321,Hugo,Moreau,Marketing,12621.37,2026-07-07,True
E10322,Hugo,Okafor,Engineering,6681.35,2021-07-21,True
E10323,Priya,Nair,Finance,6085.48,2018-12-23,True
E10324,Elena,Nair,Finance,4673.02,2022-07-16,True
E10325,Uma,Moreau,Sales,9520.42,2022-11-14,True
E10326,Tomasz,Moreau,Engineering,2522.51,2020-03-03,True
E10327,Rafael,Nakamura,Finance,10490.79,2026-08-22,True
E10328,Jonas,Larsen,Marketing,4323.59,2023-03-09,True
E10329,Ines,Ibrahim,Legal,2400.81,2019-06-08,False
E10330,Amara,Silva,Support,5009.8,2018-08-06,False
E10331,Aarav,Ibrahim,Marketing,7517.77,2020-06-09,False
E10332,Jonas,Costa,Support,7455.14,2025-02-13,False
E10333,Jonas,Kowalski,Sales,4330.13,2025-01-13,True
E10334,Uma,Larsen,Engineering,6448.24,2022-07-28,True
E10335,Chen,Schmidt,Legal,12745.34,2024-11-12,True
E10336,Rafael,Mensah,Operations,5192.95,2024-04-02,True
E10337,Fatima,Silva,Sales,3338.46,2018-06-09,True
E10338,Rafael,Ibrahim,Support,4192.82,2020-09-12,True
E10339,Viktor,Novak,Marketing,14350.55,2024-07-17,True
E10340,Fatima,Tanaka,People,9688.44,2025-11-12,True
E10341,Tomasz,Novak,Sales,13342.77,2024-10-04,True
E10342,Kofi,Costa,Finance,10586.0,2019-09-19,True
E10343,Chen,Haddad,Support,6268.91,2018-07-22,False
E10344,Nadia,Moreau,Marketing,4623.94,2019-09-23,True
E10345,Fatima,Costa,Marketing,6716.18,2021-05-28,False
E10346,Hugo,Nair,Operations,10869.58,2020-05-22,True
E10347,Rafael,Silva,Legal,6667.62,2024-01-21,True
E10348,Kofi,Silva,Finance,7341.82,2022-02-20,True
E10349,Fatima,Costa,Finance,9236.58,2021-05-21,True
E10350,Jonas,Dubois,Marketing,14026.64,2020-10-22,True
E10351,Elena,Mensah,Finance,13377.69,2023-01-19,True
E10352,Elena,Okafor,Operations,4846.09,2018-04-12,True
E10353,Omar,Silva,Marketing,8915.57,2019-07-12,False
E10354,Mateo,Moreau,People,8676.09,2024-08-22,True
E10355,Tomasz,Rossi,People,11925.46,2024-11-02,False
E10356,Hugo,Sato,Sales,14587.59,2026-05-21,True
E10357,Amara,Haddad,Operations,6604.95,2022-04-03,True
E10358,Fatima,Dubois,People,5201.91,2022-03-08,True
E10359,Nadia,Mensah,Sales,13500.51,2025-03-05,True
E10360,Elena,Sato,Legal,11907.43,2021-06-06,True
E10361,Rafael,Costa,Support,3618.76,2020-10-10,True
E10362,Amara,Okafor,Marketing,6049.08,2025-04-04,True
E10363,Hugo,Petrov,People,8162.9,2025-02-12,True
E10364,Amara,Nair,People,14879.0,2026-02-25,True
E10365,Viktor,Tanaka,Engineering,10426.73,2023-12-14,True
E10366,Aarav,Larsen,Engineering,10419.02,2026-06-21,True
E10367,Jonas,Kowalski,Sales,11739.76,2022-11-01,True
E10368,Nadia,Haddad,Sales,3460.93,2020-05-24,True
E10369,Hugo,Larsen,Operations,5103.8,2023-07-05,True
E10370,Jonas,Okafor,Finance,3525.84,2023-05-26,True
E10371,Ines,Dubois,Legal,8558.97,2024-01-06,False
E10372,Jonas,Haddad,Sales,7836.11,2019-03-13,True
E10373,Sara,Novak,Support,11425.45,2018-08-01,True
E10374,Fatima,Mensah,Engineering,10638.65,2026-07-17,True
E10375,Rafael,Nair,Sales,13748.31,2023-02-06,True
E10376,Viktor,Larsen,Support,8165.19,2018-08-18,True
E10377,Uma,Rossi,Legal,14490.12,2025-07-20,True
E10378,Mateo,Mensah,Legal,14374.56,2018-12-16,True
E10379,Mateo,Moreau,Finance,13031.25,2020-05-08,True
E10380,Chen,Rossi,Operations,9269.07,2025-12-14,True
E10381,Rafael,Costa,Marketing,3615.87,2021-10-06,False
E10382,Elena,Silva,Marketing,10485.32,2021-09-07,True
E10383,Sara,Silva,People,5056.69,2022-12-19,True
E10384,Priya,Kowalski,People,3872.88,2026-02-17,True
E10385,Tomasz,Schmidt,People,12801.6,2019-11-13,True
E10386,Sara,Kowalski,Sales,6940.26,2021-10-20,True
E10387,Nadia,Okafor,Finance,11155.78,2021-01-07,True
E10388,Fatima,Nakamura,Engineering,10119.62,2019-12-28,True
E10389,Nadia,Haddad,Operations,11713.92,2019-12-11,True
E10390,Elena,Silva,Operations,8734.11,2018-05-17,False
E10391,Zofia,Larsen,Engineering,6714.15,2025-01-11,True
E10392,Jonas,Tanaka,Operations,4628.09,2019-01-15,True
E10393,Aarav,Dubois,Engineering,3096.27,2025-02-09,True
E10394,Omar,Rossi,Marketing,9058.1,2026-05-23,True
E10395,Aarav,Nair,Operations,14909.24,2022-08-16,True
E10396,Chen,Haddad,Legal,12965.16,2018-01-06,True
E10397,Jonas,Moreau,Engineering,6780.76,2025-07-17,True
E10398,Zofia,Okafor,Support,4327.61,2020-10-12,True
E10399,Rafael,Costa,Operations,6183.24,2023-10-11,True
E10400,Aarav,Silva,People,13392.66,2023-04-20,True
E10401,Fatima,Tanaka,Legal,5656.93,2020-12-17,False
E10402,Viktor,Moreau,Sales,14879.7,2023-10-02,False
E10403,Priya,Schmidt,Operations,12310.11,2019-04-26,True
E10404,Chen,Mensah,Operations,11638.2,2020-11-17,False
E10405,Uma,Costa,Operations,2925.56,2021-06-11,True
E10406,Nadia,Silva,Support,14936.8,2025-09-05,True
E10407,Rafael,Costa,People,7231.63,2018-11-25,True
E10408,Chen,Rossi,Marketing,11385.72,2020-10-09,True
E10409,Chen,Novak,Engineering,9654.56,2026-06-10,True
E10410,Priya,Kowalski,People,6246.07,2025-06-06,True
E10411,Aarav,Haddad,Marketing,5189.45,2022-09-01,True
E10412,Ines,Mensah,Engineering,4673.8,2024-08-24,True
E10413,Amara,Kowalski,Engineering,12535.5,2020-10-19,True
E10414,Ines,Tanaka,Finance,10359.82,2020-01-01,True
E10415,Aarav,Dubois,Legal,9973.56,2023-12-26,True
E10416,Amara,Kowalski,Operations,12105.58,2018-07-20,True
E10417,Aarav,Petrov,Operations,2868.71,2025-01-20,True
E10418,Chen,Nair,Sales,4850.48,2023-03-17,True
E10419,Nadia,Nakamura,Operations,9061.02,2019-06-19,False
E10420,Zofia,Petrov,Support,11658.1,2020-11-09,True
E10421,Lena,Sato,People,9325.82,2025-01-12,True
E10422,Kofi,Nair,People,3430.31,2022-03-26,True
E10423,Jonas,Costa,Engineering,14171.07,2023-03-20,True
E10424,Tomasz,Novak,Sales,5474.42,2018-09-20,True
E10425,Hugo,Moreau,Finance,6651.13,2020-03-23,True
E10426,Nadia,Costa,People,4871.15,2025-04-26,False
E10427,Aarav,Kowalski,Legal,10800.14,2019-11-12,True
E10428,Omar,Silva,Finance,5382.25,2024-07-09,True
E10429,Nadia,Novak,Operations,11890.12,2021-04-21,True
E10430,Viktor,Haddad,People,13223.19,2025-04-28,True
E10431,Lena,Kowalski,Operations,2200.45,2020-05-28,False
E10432,Zofia,Ibrahim,Support,9581.45,2020-06-26,True
E10433,Rafael,Haddad,Legal,13234.7,2023-01-10,True
E10434,Aarav,Rossi,Marketing,4084.8,2019-03-24,True
E10435,Omar,Kowalski,Legal,6506.3,2020-08-22,True
E10436,Viktor,Silva,Support,12312.79,2023-01-23,True
E10437,Zofia,Silva,Legal,11110.78,2020-09-24,True
E10438,Elena,Schmidt,People,14602.64,2023-02-17,True
E10439,Uma,Rossi,Engineering,8949.02,2020-04-27,True
E10440,Ines,Silva,Engineering,5652.24,2019-06-06,True
E10441,Amara,Novak,Finance,7386.21,2022-02-18,False
E10442,Mateo,Okafor,People,9129.13,2022-01-18,True
E10443,Kofi,Costa,Legal,6233.34,2024-12-14,True
E10444,Omar,Nakamura,Sales,13672.59,2020-07-21,True
E10445,Zofia,Costa,Support,12741.88,2026-05-22,True
E10446,Amara,Costa,Operations,10936.64,2018-12-15,True
E10447,Viktor,Nair,People,11723.83,2023-08-28,True
E10448,Uma,Costa,Support,12734.63,2023-10-26,True
E10449,Chen,Costa,Marketing,10012.4,2024-06-22,True
E10450,Uma,Silva,Marketing,5515.02,2019-11-27,True
E10451,Viktor,Dubois,Support,14972.45,2023-09-03,False
E10452,Tomasz,Novak,Sales,12585.32,2026-06-08,True
E10453,Rafael,Haddad,Finance,6280.79,2020-11-12,True
E10454,Priya,Rossi,Marketing,6963.13,2024-02-12,True
E10455,Lena,Ibrahim,Engineering,5678.42,2026-09-10,False
E10456,Sara,Haddad,Sales,2225.95,2019-08-05,True
E10457,Zofia,Larsen,Operations,12433.97,2026-04-09,True
E10458,Viktor,Tanaka,Finance,9727.29,2021-01-10,True
E10459,Kofi,Silva,Marketing,12852.03,2022-06-03,True
E10460,Ines,Rossi,Legal,14445.86,2025-02-10,True
E10461,Rafael,Costa,Operations,2685.68,2023-01-25,True
E10462,Zofia,Tanaka,Operations,5211.57,2024-07-28,True
E10463,Viktor,Larsen,Engineering,10689.67,2021-12-11,False
E10464,Omar,Costa,Legal,8521.37,2019-08-21,True
E10465,Viktor,Ibrahim,People,11143.12,2018-02-14,True
E10466,Chen,Ibrahim,Legal,8453.0,2025-03-17,True
E10467,Jonas,Novak,Legal,9099.57,2018-11-22,True
E10468,Rafael,Schmidt,Engineering,4981.69,2023-07-03,True
E10469,Sara,Kowalski,Support,9391.43,2018-02-02,True
E10470,Mateo,Dubois,Finance,9211.34,2021-12-24,True
E10471,Amara,Rossi,Operations,6439.53,2020-07-17,False
E10472,Kofi,Moreau,Marketing,3261.26,2020-09-13,True
E10473,Omar,Moreau,Legal,10888.04,2022-09-10,True
E10474,Uma,Tanaka,Marketing,4741.75,2024-07-02,True
E10475,Sara,Rossi,Operations,14087.8,2023-08-11,True
E10476,Mateo,Nair,Engineering,7396.55,2026-01-19,True
E10477,Jonas,Ibrahim,Marketing,4723.06,2018-05-07,True
E10478,Rafael,Novak,Support,2890.5,2025-07-14,False
E10479,Fatima,Kowalski,People,4461.52,2019-01-24,True
E10480,Jonas,Mensah,Support,9006.97,2020-08-06,True
E10481,Elena,Ibrahim,Engineering,4736.88,2021-09-03,False
E10482,Kofi,Ibrahim,Legal,4136.56,2024-04-02,False
E10483,Hugo,Ibrahim,Marketing,11877.3,2020-01-28,True
E10484,Uma,Rossi,Marketing,13849.72,2023-12-11,True
E10485,Jonas,Costa,Finance,6353.31,2021-03-05,True
E10486,Uma,Kowalski,Support,8108.93,2021-11-24,True
E10487,Omar,Schmidt,Finance,12779.59,2023-11-04,True
E10488,Tomasz,Moreau,Engineering,5880.43,2021-11-12,True
E10489,Ines,Dubois,Marketing,13235.02,2025-02-20,True
E10490,Fatima,Dubois,Marketing,12000.54,2019-04-25,True
E10491,Lena,Okafor,Engineering,14561.16,2021-10-12,True
E10492,Lena,Okafor,Sales,6424.12,2020-11-15,True
E10493,Nadia,Haddad,Engineering,12256.53,2023-12-10,True
E10494,Elena,Sato,Engineering,12259.9,2026-08-20,True
E10495,Amara,Moreau,Engineering,7448.91,2018-01-23,True
E10496,Nadia,Haddad,Operations,4327.22,2023-02-03,True
E10497,Fatima,Tanaka,Engineering,3516.85,2025-05-08,True
E10498,Uma,Sato,Engineering,6310.4,2025-05-08,True
E10499,Tomasz,Tanaka,Operations,14330.74,2026-01-10,True
E10500,Jonas,Sato,Support,13576.51,2021-03-01,True
E10501,Viktor,Novak,Support,3266.73,2018-08-06,True
E10502,Priya,Costa,Engineering,5895.82,2022-01-04,True
E10503,Jonas,Moreau,Finance,12688.13,2021-04-03,True
E10504,Ines,Haddad,Marketing,6538.78,2019-01-26,True
E10505,Mateo,Nakamura,Legal,2563.63,2020-01-26,True
E10506,Fatima,Larsen,Sales,4763.97,2026-03-08,True
E10507,Sara,Okafor,People,8892.84,2019-01-11,False
E10508,Amara,Larsen,Legal,3335.32,2019-04-23,False
E10509,Sara,Rossi,Marketing,12778.74,2020-08-10,False
E10510,Viktor,Haddad,Legal,7100.13,2025-11-21,True
E10511,Viktor,Sato,Engineering,3022.85,2026-05-26,True
E10512,Jonas,Novak,People,9355.4,2022-04-16,True
E10513,Omar,Petrov,Legal,7362.07,2018-07-03,True
E10514,Zofia,Nakamura,Marketing,2207.68,2023-11-16,True
E10515,Priya,Nakamura,Marketing,8019.52,2019-08-11,True
E10516,Omar,Ibrahim,Finance,5898.05,2019-06-03,False
E10517,Rafael,Nakamura,Support,3698.72,2020-12-22,True
E10518,Omar,Tanaka,Operations,14437.38,2024-03-12,True
E10519,Omar,Mensah,People,6236.27,2023-10-17,True
E10520,Omar,Moreau,Finance,2154.52,2021-03-06,True
E10521,Viktor,Tanaka,Operations,10826.18,2021-08-18,True
E10522,Fatima,Tanaka,Legal,3123.83,2026-07-20,True
E10523,Nadia,Mensah,Legal,14182.18,2022-05-26,True
E10524,Nadia,Nair,Finance,13379.04,2025-08-22,True
E10525,Lena,Moreau,Sales,11501.29,2024-08-24,True
E10526,Fatima,Nair,Marketing,4004.27,2023-08-19,False
E10527,Omar,Haddad,Marketing,10198.2,2026-01-08,True
E10528,Priya,Sato,Legal,10474.09,2026-01-26,False
E10529,Nadia,Tanaka,Operations,4226.85,2024-08-19,True
E10530,Nadia,Rossi,Support,8770.19,2018-09-02,True
E10531,Lena,Okafor,Marketing,14614.07,2026-03-25,False
E10532,Lena,Dubois,Support,10113.78,2020-05-15,True
E10533,Omar,Petrov,Legal,12327.67,2022-06-16,True
E10534,Rafael,Moreau,Legal,10324.15,2021-10-25,False
E10535,Kofi,Sato,People,10635.25,2018-03-28,True
E10536,Omar,Larsen,Legal,8941.47,2019-05-10,False
E10537,Rafael,Nair,Finance,8978.09,2019-05-23,True
E10538,Nadia,Tanaka,Support,13515.97,2023-10-18,True
E10539,Elena,Mensah,Sales,10422.43,2024-12-24,True
E10540,Omar,Petrov,Legal,7186.67,2019-07-26,True
E10541,Fatima,Sato,Legal,10738.54,2020-12-10,True
E10542,Chen,Nakamura,Engineering,8592.39,2023-11-28,True
E10543,Priya,Costa,Support,9510.86,2021-10-09,True
E10544,Jonas,Silva,Engineering,13675.66,2020-03-02,True
E10545,Fatima,Costa,Marketing,11285.23,2024-05-25,True
E10546,Zofia,Novak,Support,6117.7,2026-05-12,True
E10547,Aarav,Moreau,Engineering,3713.19,2019-06-11,True
E10548,Fatima,Ibrahim,Marketing,8608.24,2025-11-15,True
E10549,Uma,Ibrahim,Engineering,8356.2,2018-01-10,True
E10550,Tomasz,Silva,Support,9291.2,2023-06-27,True
E10551,Jonas,Haddad,Finance,12552.26,2026-01-09,True
E10552,Kofi,Kowalski,Engineering,7283.79,2019-11-17,False
E10553,Amara,Larsen,Operations,10589.91,2024-04-09,True
E10554,Fatima,Nakamura,People,14584.62,2025-10-23,True
E10555,Zofia,Novak,Engineering,7318.92,2021-06-10,True
E10556,Tomasz,Nair,People,12124.43,2019-12-26,True
E10557,Ines,Sato,Marketing,11742.37,2021-05-01,False
E10558,Nadia,Novak,Legal,2316.96,2018-02-28,True
E10559,Uma,Larsen,Sales,9403.78,2026-05-11,False
E10560,Amara,Haddad,Operations,7551.67,2022-02-01,True
E10561,Mateo,Schmidt,Sales,6818.54,2025-02-16,True
E10562,Mateo,Dubois,Sales,13055.1,2019-06-17,True
E10563,Ines,Larsen,Marketing,10570.72,2026-07-07,True
E10564,Omar,Haddad,Legal,3867.03,2026-07-01,True
E10565,Aarav,Nair,Engineering,8099.42,2026-07-02,True
E10566,Mateo,Petrov,People,8366.49,2026-02-21,False
E10567,Ines,Larsen,Legal,13448.05,2018-04-04,True
E10568,Rafael,Ibrahim,People,11922.49,2020-04-19,True
E10569,Hugo,Costa,Support,11346.91,2018-08-16,True
E10570,Fatima,Schmidt,People,9836.09,2025-10-03,True
E10571,Omar,Silva,Finance,5262.84,2021-01-07,True
E10572,Amara,Costa,Support,14225.18,2018-08-08,True
E10573,Viktor,Nakamura,Marketing,2680.18,2018-09-15,True
E10574,Elena,Haddad,Sales,12504.63,2019-12-06,True
E10575,Tomasz,Costa,Finance,3075.53,2023-02-01,True
E10576,Uma,Sato,Engineering,11207.09,2019-09-22,True
E10577,Omar,Nair,Support,2458.84,2022-08-27,True
E10578,Elena,Novak,Legal,14765.82,2025-04-20,False
E10579,Nadia,Schmidt,Engineering,11518.12,2026-09-28,False
E10580,Nadia,Tanaka,Marketing,6117.16,2019-02-10,True
E10581,Aarav,Kowalski,Engineering,2708.75,2023-04-22,True
E10582,Omar,Ibrahim,Legal,14002.26,2021-09-19,True
E10583,Amara,Nair,Sales,13055.21,2019-01-14,True
E10584,Zofia,Mensah,People,5427.58,2018-03-05,True
E10585,Aarav,Petrov,Legal,3365.22,2022-06-15,True
E10586,Mateo,Tanaka,Support,2318.85,2025-10-18,True
E10587,Nadia,Petrov,Finance,12034.45,2021-09-25,True
E10588,Uma,Haddad,Engineering,2603.96,2023-02-28,True
E10589,Chen,Sato,Engineering,14539.21,2023-06-06,True
E10590,Uma,Silva,Legal,14099.8,2018-11-17,True
E10591,Ines,Novak,Marketing,11837.57,2019-11-01,True
E10592,Elena,Haddad,People,10031.08,2024-12-06,True
E10593,Jonas,Petrov,Marketing,14474.39,2022-07-03,True
E10594,Kofi,Rossi,Engineering,9820.52,2021-11-23,True
E10595,Chen,Sato,Finance,3092.35,2019-02-03,True
E10596,Sara,Moreau,Marketing,13962.71,2019-12-15,True
E10597,Lena,Costa,Legal,11089.58,2019-05-06,True
E10598,Mateo,Petrov,Support,2543.85,2019-08-27,True
E10599,Nadia,Petrov,Marketing,10167.31,2019-04-28,True
E10600,Viktor,Mensah,Marketing,4467.2,2019-03-05,True
E10601,Kofi,Kowalski,Support,2946.16,2018-07-10,True
E10602,Nadia,Sato,Sales,3925.16,2020-06-26,True
E10603,Hugo,Moreau,Engineering,13343.02,2023-06-26,True
E10604,Jonas,Novak,Support,11934.74,2024-01-28,True
E10605,Aarav,Okafor,Engineering,10664.45,2025-05-27,True
E10606,Sara,Ibrahim,People,3636.28,2022-01-15,True
E10607,Omar,Schmidt,People,8302.25,2025-02-06,False
E10608,Amara,Schmidt,Support,3021.23,2024-08-12,True
E10609,Uma,Okafor,Engineering,8684.51,2021-06-16,True
E10610,Amara,Nakamura,Finance,5225.83,2024-02-06,True
E10611,Elena,Kowalski,People,5553.84,2023-04-15,True
E10612,Rafael,Petrov,Engineering,4784.42,2020-02-22,True
E10613,Sara,Dubois,Marketing,4459.05,2019-02-01,True
E10614,Sara,Okafor,Support,12061.99,2026-01-22,True
E10615,Omar,Petrov,Finance,13149.37,2023-03-12,True
E10616,Jonas,Nair,People,13717.38,2020-12-03,True
E10617,Rafael,Rossi,Support,6056.01,2018-05-11,True
E10618,Aarav,Haddad,Finance,6767.77,2019-07-16,True
E10619,Tomasz,Dubois,Support,10120.26,2025-06-07,True
E10620,Lena,Ibrahim,Marketing,5053.2,2025-04-25,True
E10621,Mateo,Nakamura,Finance,9444.97,2024-03-25,True
E10622,Zofia,Tanaka,People,8245.09,2018-03-18,True
E10623,Jonas,Sato,Engineering,5664.02,2020-05-14,True
E10624,Fatima,Petrov,Finance,4302.2,2020-09-14,True
E10625,Kofi,Silva,Sales,14427.44,2025-07-09,False
E10626,Amara,Nakamura,Engineering,14562.64,2024-02-10,True
E10627,Priya,Kowalski,Legal,13040.3,2020-03-26,True
E10628,Rafael,Silva,People,10593.71,2026-02-19,True
E10629,Uma,Novak,Legal,3125.36,2023-09-09,True
E10630,Kofi,Silva,Legal,6849.22,2020-12-17,True
E10631,Amara,Dubois,Support,10773.16,2019-12-26,False
E10632,Mateo,Haddad,People,14447.41,2025-08-26,False
E10633,Ines,Sato,Legal,7295.45,2024-02-05,False
E10634,Nadia,Costa,People,11989.08,2021-06-05,False
E10635,Elena,Okafor,Sales,13498.93,2021-05-20,True
E10636,Viktor,Ibrahim,Operations,9552.39,2019-08-12,True
E10637,Hugo,Dubois,Finance,10828.85,2024-06-25,True
E10638,Lena,Sato,Support,10291.75,2023-02-23,True
E10639,Lena,Tanaka,Sales,12690.8,2021-06-20,True
E10640,Aarav,Sato,Legal,11459.73,2018-04-09,True
E10641,Chen,Silva,Finance,4377.11,2018-03-06,True
E10642,Aarav,Schmidt,Engineering,14141.02,2021-01-07,True
E10643,Tomasz,Larsen,Operations,5893.4,2023-02-24,True
E10644,Amara,Kowalski,Marketing,4234.36,2022-06-03,True
E10645,Kofi,Rossi,Operations,6533.99,2018-12-16,True
E10646,Fatima,Nakamura,Legal,5936.7,2026-01-01,True
E10647,Elena,Kowalski,Sales,4604.33,2019-08-23,True
E10648,Zofia,Kowalski,People,9399.31,2025-04-05,True
E10649,Rafael,Silva,Marketing,8581.72,2021-02-17,True
E10650,Jonas,Nair,Support,8729.13,2018-01-07,True
E10651,Ines,Haddad,Support,14803.56,2025-10-22,False
E10652,Amara,Silva,People,12046.08,2020-03-27,True
E10653,Mateo,Moreau,Marketing,2864.07,2022-07-20,True
E10654,Mateo,Moreau,Support,4090.57,2022-01-21,False
E10655,Ines,Petrov,Engineering,12221.73,2025-01-23,True
E10656,Sara,Moreau,Marketing,12098.74,2023-11-04,True
E10657,Sara,Kowalski,Marketing,12459.25,2024-07-17,True
E10658,Priya,Larsen,People,12154.26,2023-08-24,False
E10659,Rafael,Kowalski,Marketing,3857.03,2018-02-28,False
E10660,Chen,Ibrahim,Finance,5998.7,2026-03-03,False
E10661,Tomasz,Kowalski,Sales,7203.24,2023-07-04,True
E10662,Lena,Rossi,Engineering,11133.02,2018-01-11,True
E10663,Hugo,Silva,Sales,7113.58,2026-07-26,True
E10664,Elena,Silva,People,14617.55,2023-06-04,True
E10665,Jonas,Haddad,Marketing,11884.91,2024-08-13,True
E10666,Ines,Dubois,Engineering,13279.03,2020-12-17,True
E10667,Kofi,Moreau,People,12595.48,2021-01-23,True
E10668,Hugo,Petrov,Support,10613.33,2023-06-02,True
E10669,Nadia,Nair,Marketing,9931.74,2021-10-02,False
E10670,Mateo,Tanaka,Operations,6019.12,2023-04-20,True
E10671,Elena,Silva,Finance,13819.32,2024-05-14,True
E10672,Amara,Haddad,Sales,12580.98,2021-11-09,True
E10673,Priya,Mensah,Sales,5226.64,2023-07-23,True
E10674,Hugo,Petrov,Sales,13147.56,2018-06-24,False
E10675,Uma,Ibrahim,Operations,8182.9,2026-01-15,True
E10676,Mateo,Larsen,Support,2971.35,2021-12-04,True
E10677,Jonas,Larsen,Engineering,10041.21,2018-01-16,True
E10678,Omar,Mensah,People,14390.65,2021-08-10,True
E10679,Nadia,Mensah,Operations,9505.03,2025-06-04,True
E10680,Sara,Ibrahim,Legal,2301.45,2026-02-22,True
E10681,Uma,Larsen,Engineering,10550.97,2021-06-19,True
E10682,Fatima,Nakamura,Engineering,4508.28,2024-01-10,True
E10683,Jonas,Okafor,Support,6855.08,2023-02-24,True
E10684,Chen,Nakamura,Support,6348.76,2024-11-11,True
E10685,Uma,Moreau,Finance,10726.13,2020-08-05,True
E10686,Hugo,Haddad,Finance,13827.78,2024-09-18,False
E10687,Nadia,Okafor,Finance,4810.87,2019-10-01,False
E10688,Rafael,Rossi,Support,3993.43,2021-09-21,True
E10689,Fatima,Tanaka,Marketing,5149.41,2018-07-07,True
E10690,Chen,Nair,Operations,13738.51,2025-01-06,True
E10691,Kofi,Silva,Sales,5128.57,2021-09-06,False
E10692,Elena,Ibrahim,Support,5646.66,2021-10-27,True
E10693,Sara,Nair,People,13302.55,2026-01-28,True
E10694,Fatima,Petrov,People,4351.59,2026-07-07,False
E10695,Jonas,Novak,Support,4218.54,2023-07-14,True
E10696,Lena,Haddad,Support,7866.26,2024-05-05,True
E10697,Tomasz,Mensah,Sales,7508.29,2023-02-27,True
E10698,Kofi,Dubois,Support,8203.57,2025-08-17,True
E10699,Chen,Larsen,Legal,14556.53,2020-04-13,True
E10700,Nadia,Costa,Sales,8119.69,2024-06-27,True
E10701,Sara,Larsen,Legal,14365.06,2018-01-20,True
E10702,Fatima,Larsen,Legal,12298.74,2026-01-19,True
E10703,Hugo,Sato,Legal,10500.98,2021-06-10,True
E10704,Mateo,Dubois,People,8509.81,2018-10-12,True
E10705,Uma,Sato,Operations,10350.54,2018-06-16,True
E10706,Zofia,Tanaka,Finance,6903.32,2022-07-13,True
E10707,Kofi,Petrov,Marketing,12689.18,2026-01-06,False
E10708,Chen,Novak,Support,2913.09,2024-01-26,True
E10709,Jonas,Okafor,Legal,5535.01,2022-04-24,False
E10710,Uma,Sato,Engineering,12066.26,2019-03-05,True
E10711,Sara,Costa,Legal,3345.35,2021-01-28,True
E10712,Fatima,Mensah,Finance,3229.08,2020-10-06,True
E10713,Hugo,Schmidt,People,4228.83,2018-06-06,True
E10714,Ines,Larsen,Engineering,14710.68,2023-11-14,True
E10715,Rafael,Silva,People,14654.24,2024-05-22,True
E10716,Hugo,Rossi,Operations,10182.0,2020-03-21,True
E10717,Rafael,Sato,Finance,7943.85,2026-01-01,True
E10718,Omar,Moreau,Sales,13176.28,2023-11-26,True
E10719,Hugo,Costa,Sales,11011.36,2020-08-01,True
E10720,Nadia,Nakamura,Support,9461.57,2026-01-24,True
E10721,Viktor,Haddad,Operations,13633.33,2023-08-07,True
E10722,Zofia,Nair,Operations,6233.45,2021-11-25,True
E10723,Viktor,Sato,People,14364.87,2023-03-28,False
E10724,Amara,Rossi,Legal,11914.29,2019-08-19,True
E10725,Tomasz,Nakamura,Finance,3269.62,2022-10-25,True
E10726,Elena,Nakamura,People,13473.66,2024-05-26,True
E10727,Nadia,Schmidt,Finance,8486.18,2025-11-24,True
E10728,Kofi,Tanaka,Operations,4789.04,2019-11-17,False
E10729,Viktor,Tanaka,People,10400.6,2026-07-11,True
E10730,Amara,Rossi,Marketing,2836.75,2025-02-28,True
E10731,Omar,Silva,Marketing,12605.55,2020-06-02,True
E10732,Chen,Okafor,Support,8110.27,2018-02-16,False
E10733,Lena,Petrov,Sales,14425.45,2019-12-21,True
E10734,Hugo,Moreau,Marketing,6465.27,2019-11-06,False
E10735,Jonas,Tanaka,Marketing,13858.78,2021-08-08,True
E10736,Omar,Sato,People,4873.07,2022-02-14,False
E10737,Amara,Costa,Support,10522.63,2023-11-16,True
E10738,Hugo,Moreau,Engineering,9259.3,2021-05-13,False
E10739,Sara,Dubois,Marketing,9376.11,2020-08-04,True
E10740,Mateo,Schmidt,Operations,7021.61,2023-03-04,False
E10741,Viktor,Mensah,Operations,7090.02,2020-08-18,True
E10742,Ines,Ibrahim,Engineering,14425.34,2018-06-15,True
E10743,Ines,Sato,Sales,6773.23,2023-08-20,True
E10744,Jonas,Kowalski,Legal,2276.26,2022-12-18,True
E10745,Elena,Silva,Engineering,10928.75,2026-09-04,False
E10746,Amara,Nakamura,Engineering,14583.1,2018-05-11,False
E10747,Priya,Larsen,Sales,2317.67,2018-09-07,False
E10748,Ines,Schmidt,Marketing,9661.62,2021-02-24,True
E10749,Omar,Costa,Finance,3013.22,2023-11-27,True
E10750,Kofi,Moreau,Sales,7638.86,2024-02-28,True
E10751,Priya,Sato,Legal,4217.23,2018-01-24,True
E10752,Nadia,Tanaka,Sales,4235.8,2020-06-05,True
E10753,Lena,Moreau,Engineering,9340.76,2019-03-14,True
E10754,Amara,Silva,Legal,3952.31,2018-12-25,True
E10755,Chen,Dubois,Legal,7658.63,2023-04-16,True
E10756,Amara,Ibrahim,Support,14000.36,2021-11-20,False
E10757,Kofi,Kowalski,Operations,11830.09,2021-02-11,True
E10758,Chen,Moreau,People,5285.44,2024-05-05,True
E10759,Elena,Moreau,Legal,14061.03,2024-06-19,True
E10760,Hugo,Okafor,Marketing,8653.45,2019-12-11,True
E10761,Tomasz,Costa,Sales,5087.09,2026-04-07,True
E10762,Jonas,Ibrahim,Finance,11151.89,2025-02-22,True
E10763,Chen,Sato,Marketing,14901.14,2021-07-11,True
E10764,Amara,Costa,Legal,10982.52,2023-04-14,True
E10765,Amara,Sato,Support,14859.49,2019-02-21,True
E10766,Kofi,Novak,Engineering,10743.85,2026-08-16,True
E10767,Chen,Dubois,Sales,3962.86,2025-05-16,True
E10768,Hugo,Okafor,Engineering,3598.33,2018-12-11,True
E10769,Kofi,Larsen,Sales,11072.94,2021-10-12,True
E10770,Rafael,Ibrahim,Sales,2196.18,2022-03-03,True
E10771,Fatima,Tanaka,Engineering,3628.08,2024-04-13,True
E10772,Fatima,Okafor,Operations,3230.39,2021-01-10,False
E10773,Uma,Ibrahim,Support,6142.17,2023-12-07,True
E10774,Nadia,Larsen,Support,10098.54,2023-03-22,True
E10775,Priya,Nakamura,Sales,2709.49,2026-01-10,True
E10776,Tomasz,Dubois,Support,11187.08,2025-06-28,True
E10777,Lena,Mensah,Legal,12799.15,2024-09-02,True
E10778,Ines,Ibrahim,Operations,11249.69,2025-06-15,True
E10779,Ines,Silva,Legal,10548.4,2023-12-22,True
E10780,Aarav,Tanaka,Finance,6534.85,2023-12-14,True
E10781,Jonas,Petrov,Operations,8208.71,2026-05-24,True
E10782,Elena,Larsen,Support,5612.29,2020-08-16,True
E10783,Priya,Ibrahim,Marketing,7554.36,2020-06-11,True
E10784,Hugo,Larsen,Marketing,2928.35,2020-12-22,False
E10785,Hugo,Okafor,Legal,7590.35,2023-01-05,True
E10786,Elena,Schmidt,Marketing,7789.18,2023-09-13,False
E10787,Omar,Costa,Sales,7016.2,2022-01-01,True
E10788,Mateo,Rossi,Finance,10163.18,2019-06-07,True
E10789,Elena,Novak,Support,5143.76,2021-05-19,True
E10790,Amara,Petrov,Engineering,8693.72,2023-02-04,True
E10791,Priya,Larsen,Finance,13726.57,2025-05-04,True
E10792,Priya,Silva,Operations,9684.33,2024-04-13,True
E10793,Lena,Tanaka,People,12108.27,2026-09-16,True
E10794,Omar,Ibrahim,Support,9835.46,2018-01-06,True
E10795,Omar,Haddad,Engineering,14709.59,2025-09-25,True
E10796,Lena,Ibrahim,Support,11043.2,2025-02-03,True
E10797,Nadia,Nair,Legal,7414.68,2019-03-15,True
E10798,Nadia,Haddad,Engineering,8701.01,2023-09-16,True
E10799,Ines,Silva,Legal,6740.25,2022-09-11,True
E10800,Lena,Kowalski,Operations,12970.29,2026-05-12,True
E10801,Fatima,Petrov,Engineering,6494.51,2026-06-14,True
E10802,Omar,Nair,Sales,14960.21,2023-04-07,True
E10803,Omar,Tanaka,Support,4360.72,2025-06-23,True
E10804,Amara,Nair,Legal,4968.89,2023-12-11,True
E10805,Uma,Dubois,Support,9098.41,2018-08-03,True
E10806,Tomasz,Rossi,Sales,10600.58,2020-05-28,True
E10807,Fatima,Dubois,Engineering,3878.9,2026-09-10,True
E10808,Zofia,Silva,People,11682.48,2021-09-11,True
E10809,Rafael,Sato,Sales,12698.26,2023-08-21,False
E10810,Zofia,Okafor,Sales,5582.97,2019-10-28,True
E10811,Aarav,Silva,People,3265.3,2026-01-27,True
E10812,Hugo,Novak,Operations,13678.55,2026-04-11,True
E10813,Nadia,Kowalski,Engineering,2438.27,2020-06-24,True
E10814,Lena,Tanaka,Marketing,13954.97,2020-12-03,False
E10815,Kofi,Sato,Finance,12551.2,2025-10-24,True
E10816,Uma,Dubois,Sales,7049.2,2022-02-18,True
E10817,Jonas,Tanaka,Marketing,11706.46,2025-04-27,True
E10818,Lena,Costa,Finance,5024.89,2020-12-07,True
E10819,Tomasz,Larsen,People,2490.91,2023-08-25,True
E10820,Ines,Haddad,Operations,8516.77,2023-07-22,False
E10821,Fatima,Nakamura,Sales,8203.66,2020-09-17,True
E10822,Jonas,Larsen,Engineering,5533.09,2021-11-12,True
E10823,Omar,Novak,Operations,7761.5,2025-05-01,False
E10824,Fatima,Sato,Sales,11139.81,2022-05-06,True
E10825,Priya,Ibrahim,Legal,12855.8,2019-11-23,False
E10826,Fatima,Nakamura,Sales,8687.66,2021-02-05,True
E10827,Kofi,Rossi,Engineering,4497.37,2024-07-19,True
E10828,Viktor,Sato,Support,7790.98,2020-08-17,True
E10829,Ines,Ibrahim,Finance,13562.73,2019-01-21,True
E10830,Ines,Mensah,Support,14203.8,2026-07-06,True
E10831,Sara,Kowalski,Sales,11019.01,2023-02-05,True
E10832,Viktor,Okafor,Support,5337.11,2019-01-03,True
E10833,Sara,Haddad,Marketing,2152.33,2019-05-15,True
E10834,Priya,Schmidt,Support,13226.88,2021-12-04,True
E10835,Sara,Nair,Support,4831.63,2019-08-02,True
E10836,Uma,Costa,Support,6158.99,2024-07-03,True
E10837,Priya,Moreau,People,5671.96,2026-08-27,True
E10838,Amara,Sato,Support,8069.15,2024-04-19,False
E10839,Elena,Kowalski,Operations,13686.67,2026-09-14,False
E10840,Sara,Haddad,Support,8179.95,2018-05-05,False
E10841,Ines,Rossi,Legal,10576.09,2024-12-22,True
E10842,Mateo,Moreau,Support,6470.14,2024-08-05,True
E10843,Amara,Mensah,Marketing,12356.3,2019-05-23,True
E10844,Chen,Mensah,Finance,12147.79,2019-02-12,True
E10845,Tomasz,Nakamura,Engineering,3661.27,2024-11-15,True
E10846,Elena,Nakamura,Support,7026.3,2025-07-07,True
E10847,Tomasz,Sato,Marketing,12851.32,2024-07-19,True
E10848,Ines,Rossi,People,7150.6,2025-05-20,True
E10849,Tomasz,Haddad,Legal,4057.53,2020-10-09,False
E10850,Uma,Nair,Legal,3198.64,2021-02-20,True
E10851,Rafael,Kowalski,Engineering,14006.63,2022-10-04,True
E10852,Omar,Larsen,Sales,12394.22,2026-01-03,True
E10853,Jonas,Kowalski,Engineering,9241.88,2020-09-20,True
E10854,Priya,Ibrahim,Marketing,9668.05,2020-05-11,True
E10855,Elena,Sato,Legal,6067.16,2018-10-02,False
E10856,Chen,Novak,Marketing,10843.97,2019-07-10,True
E10857,Lena,Ibrahim,Operations,5987.1,2024-01-09,True
E10858,Elena,Moreau,People,6517.57,2026-02-12,True
E10859,Lena,Mensah,Operations,5324.58,2026-09-17,True
E10860,Rafael,Tanaka,Support,3880.92,2021-07-18,True
E10861,Chen,Tanaka,Sales,6773.45,2026-01-23,True
E10862,Rafael,Haddad,Engineering,6003.61,2021-07-26,True
E10863,Tomasz,Nakamura,Finance,13645.78,2025-11-13,True
E10864,Nadia,Sato,Marketing,7312.13,2024-04-19,True
E10865,Omar,Rossi,Operations,14884.59,2024-04-15,True
E10866,Chen,Sato,Sales,12842.32,2019-04-26,True
E10867,Mateo,Mensah,Operations,14773.21,2025-08-27,True
E10868,Hugo,Kowalski,Sales,13596.23,2026-03-17,True
E10869,Tomasz,Rossi,Sales,11349.66,2023-02-08,False
E10870,Lena,Kowalski,Marketing,4792.34,2023-05-01,False
E10871,Rafael,Nair,People,13203.39,2021-07-13,True
E10872,Omar,Tanaka,Support,2461.66,2019-04-04,True
E10873,Tomasz,Kowalski,Support,7903.06,2024-10-07,False
E10874,Amara,Schmidt,Finance,10215.83,2023-10-19,True
E10875,Fatima,Costa,Sales,13633.57,2025-09-15,True
E10876,Ines,Kowalski,Operations,9837.56,2024-03-07,True
E10877,Tomasz,Larsen,Engineering,2639.41,2023-01-09,True
E10878,Kofi,Nakamura,People,7916.77,2022-11-15,True
E10879,Zofia,Haddad,Engineering,5334.76,2023-02-22,True
E10880,Fatima,Novak,People,10713.44,2020-04-07,False
E10881,Amara,Haddad,Finance,4388.67,2025-08-03,True
E10882,Sara,Nakamura,Engineering,7457.0,2018-01-28,True
E10883,Priya,Silva,Operations,6061.09,2018-10-16,True
E10884,Tomasz,Nair,Operations,2628.51,2018-11-26,False
E10885,Mateo,Nair,Finance,3353.11,2021-04-02,False
E10886,Sara,Larsen,Engineering,9666.71,2025-12-19,True
E10887,Kofi,Nakamura,Engineering,8561.02,2024-11-17,True
E10888,Omar,Schmidt,People,11535.13,2025-02-26,True
E10889,Zofia,Dubois,Marketing,2737.17,2018-02-14,True
E10890,Aarav,Dubois,Support,6658.05,2022-11-15,True
E10891,Zofia,Okafor,Operations,6087.74,2022-11-08,False
E10892,Aarav,Nakamura,People,13475.76,2024-10-21,True
E10893,Sara,Mensah,Finance,11194.51,2020-10-22,True
E10894,Amara,Silva,Finance,13829.92,2023-12-06,True
E10895,Omar,Silva,Operations,10034.58,2021-12-05,False
E10896,Rafael,Moreau,Legal,14360.93,2019-04-05,True
E10897,Lena,Larsen,Finance,8922.63,2020-09-26,True
E10898,Aarav,Costa,Engineering,6337.86,2019-03-03,True
E10899,Uma,Okafor,Engineering,13096.86,2020-05-15,True
E10900,Elena,Novak,Sales,12547.06,2020-08-08,False
E10901,Elena,Haddad,People,10280.81,2018-05-27,True
E10902,Hugo,Petrov,Legal,10930.41,2023-03-28,True
E10903,Kofi,Sato,Sales,3886.42,2025-05-28,True
E10904,Aarav,Schmidt,Support,12136.94,2020-04-25,True
E10905,Lena,Ibrahim,Sales,7830.25,2023-02-03,True
E10906,Ines,Kowalski,Finance,3321.59,2020-03-22,True
E10907,Rafael,Okafor,Legal,10179.94,2020-04-04,True
E10908,Jonas,Nakamura,Operations,12213.66,2023-04-18,True
E10909,Chen,Mensah,Legal,5770.54,2020-07-24,True
E10910,Rafael,Mensah,Support,13235.36,2024-06-21,True
E10911,Zofia,Kowalski,Engineering,7919.0,2022-07-19,True
E10912,Sara,Tanaka,Legal,3473.0,2024-05-17,True
E10913,Priya,Novak,Finance,8323.62,2020-09-13,True
E10914,Elena,Sato,Engineering,13995.0,2023-07-22,True
E10915,Fatima,Mensah,Operations,7872.24,2024-09-15,True
E10916,Zofia,Rossi,Sales,13967.55,2025-10-21,True
E10917,Aarav,Tanaka,People,6951.25,2018-07-27,False
E10918,Rafael,Nakamura,Support,11104.46,2024-01-22,True
E10919,Jonas,Mensah,Legal,4751.79,2019-11-12,True
E10920,Priya,Larsen,Legal,3528.35,2025-11-03,True
E10921,Rafael,Nakamura,Operations,9467.96,2019-10-21,True
E10922,Priya,Petrov,Marketing,7096.14,2026-09-16,True
E10923,Viktor,Moreau,Support,10637.7,2018-08-27,True
E10924,Chen,Novak,Support,8544.12,2023-05-10,True
E10925,Uma,Kowalski,Finance,11541.08,2026-07-06,True
E10926,Fatima,Moreau,Marketing,6787.65,2019-07-05,True
E10927,Elena,Okafor,Engineering,8399.39,2024-04-02,False
E10928,Kofi,Larsen,People,14781.8,2024-11-09,True
E10929,Rafael,Larsen,Sales,9794.63,2020-03-21,True
E10930,Ines,Mensah,Operations,10774.04,2026-02-18,True
E10931,Mateo,Costa,Support,10097.58,2019-09-11,True
E10932,Priya,Larsen,Marketing,8554.05,2025-12-19,True
E10933,Nadia,Sato,People,9501.95,2022-04-27,True
E10934,Aarav,Nair,Legal,10237.75,2024-02-21,True
E10935,Uma,Novak,People,14757.38,2021-07-16,True
E10936,Sara,Nair,Marketing,5898.02,2021-06-23,True
E10937,Zofia,Novak,Marketing,9015.81,2025-12-20,True
E10938,Omar,Petrov,Finance,3380.8,2021-05-12,False
E10939,Fatima,Haddad,Legal,11537.14,2021-10-04,True
E10940,Lena,Tanaka,Legal,5614.72,2020-02-15,False
E10941,Uma,Petrov,Marketing,10596.6,2022-12-24,True
E10942,Mateo,Novak,Legal,5523.79,2023-04-11,True
E10943,Aarav,Moreau,Marketing,3912.1,2022-05-12,True
E10944,Elena,Moreau,Sales,7631.14,2023-06-03,True
E10945,Lena,Larsen,Finance,6557.39,2025-08-20,True
E10946,Sara,Dubois,Operations,13853.44,2026-03-08,False
E10947,Jonas,Silva,Finance,4678.14,2019-04-17,True
E10948,Nadia,Dubois,Operations,10685.52,2026-08-07,True
E10949,Tomasz,Dubois,Support,2729.07,2021-07-11,True
E10950,Elena,Dubois,Sales,8733.37,2022-06-06,False
E10951,Zofia,Rossi,Legal,3773.88,2019-09-07,True
E10952,Chen,Dubois,Operations,12224.96,2023-08-07,False
E10953,Sara,Dubois,Support,4703.39,2023-01-17,False
E10954,Rafael,Silva,Engineering,6473.92,2019-12-05,True
E10955,Nadia,Kowalski,Legal,3487.68,2026-06-18,True
E10956,Sara,Tanaka,Operations,6013.79,2024-08-18,True
E10957,Hugo,Kowalski,Support,13173.79,2021-08-22,True
E10958,Chen,Kowalski,Finance,9924.05,2021-12-01,True
E10959,Zofia,Tanaka,Marketing,13903.11,2025-08-14,False
E10960,Amara,Tanaka,Sales,8068.57,2022-09-07,True
E10961,Fatima,Nair,Marketing,3832.93,2021-04-14,True
E10962,Priya,Okafor,Engineering,8544.46,2018-07-19,True
E10963,Fatima,Dubois,People,4394.61,2018-07-25,True
E10964,Priya,Tanaka,Marketing,3240.61,2020-09-04,True
E10965,Elena,Moreau,Sales,14837.68,2023-10-07,True
E10966,Jonas,Petrov,Support,3740.56,2019-06-14,True
E10967,Sara,Novak,Legal,6019.81,2019-08-24,True
E10968,Zofia,Ibrahim,People,4302.38,2020-09-12,True
E10969,Elena,Novak,People,3518.04,2021-06-24,True
E10970,Tomasz,Moreau,Sales,13966.84,2023-11-21,True
E10971,Aarav,Dubois,Legal,9496.24,2022-10-05,True
E10972,Priya,Silva,Operations,8787.2,2024-02-05,True
E10973,Zofia,Kowalski,People,2367.21,2023-05-24,True
E10974,Hugo,Schmidt,Operations,2623.48,2025-08-19,True
E10975,Lena,Ibrahim,Operations,13822.71,2018-12-08,True
E10976,Kofi,Dubois,People,7121.04,2021-08-08,True
E10977,Nadia,Ibrahim,Sales,14570.92,2023-02-14,True
E10978,Rafael,Dubois,Sales,3428.96,2019-12-19,True
E10979,Tomasz,Schmidt,Support,7788.99,2024-04-07,True
E10980,Rafael,Haddad,Operations,14554.5,2023-02-24,False
E10981,Aarav,Schmidt,Marketing,7415.78,2023-10-20,True
E10982,Amara,Ibrahim,Engineering,6281.75,2026-06-07,True
E10983,Zofia,Rossi,Marketing,5417.33,2022-09-19,True
E10984,Fatima,Mensah,Marketing,11146.35,2025-12-07,False
E10985,Ines,Ibrahim,Sales,13394.36,2020-10-24,True
E10986,Omar,Dubois,Legal,4135.68,2024-05-12,False
E10987,Kofi,Haddad,Operations,10899.46,2024-11-13,False
E10988,Nadia,Ibrahim,Support,3912.62,2020-03-21,True
E10989,Aarav,Nakamura,Sales,3034.56,2026-05-09,True
E10990,Uma,Dubois,Operations,9825.3,2019-05-10,True
E10991,Amara,Schmidt,Finance,2443.15,2023-11-19,True
E10992,Viktor,Nakamura,Support,5256.68,2026-02-18,True
E10993,Amara,Mensah,Marketing,14866.0,2023-08-25,True
E10994,Lena,Schmidt,Support,14363.78,2023-09-28,False
E10995,Kofi,Tanaka,Engineering,5153.44,2023-05-25,True
E10996,Viktor,Haddad,Legal,6508.44,2024-06-09,True
E10997,Tomasz,Moreau,Marketing,4454.59,2020-11-28,False
E10998,Aarav,Silva,Operations,8742.14,2026-03-16,True
E10999,Rafael,Haddad,Finance,6927.59,2024-10-03,True
E11000,Aarav,Okafor,Sales,3802.82,2023-03-10,True
E11001,Hugo,Nakamura,Sales,9110.59,2019-09-10,True
E11002,Hugo,Ibrahim,Legal,4464.24,2020-08-10,True
E11003,Uma,Silva,Legal,6894.86,2026-06-26,True
E11004,Rafael,Schmidt,Engineering,9429.86,2023-10-20,True
E11005,Priya,Nair,Engineering,3444.47,2023-06-23,False
E11006,Mateo,Okafor,Sales,11750.31,2024-05-09,True
E11007,Mateo,Rossi,People,8059.93,2023-06-26,True
E11008,Tomasz,Schmidt,Operations,13475.31,2022-06-12,True
E11009,Nadia,Sato,Operations,7915.91,2026-07-05,False
E11010,Chen,Novak,Legal,2653.05,2022-11-26,False
E11011,Uma,Haddad,Legal,13870.55,2022-09-18,True
E11012,Fatima,Ibrahim,Finance,14090.59,2021-02-02,True
E11013,Omar,Sato,Sales,4154.78,2021-03-17,False
E11014,Kofi,Nair,Support,10879.63,2024-08-10,True
E11015,Nadia,Nakamura,Sales,10934.04,2025-01-15,True
E11016,Aarav,Dubois,Sales,2264.94,2026-06-16,True
E11017,Viktor,Nair,People,2731.19,2024-06-04,True
E11018,Omar,Petrov,Support,5500.0,2019-10-15,True
E11019,Uma,Ibrahim,Marketing,8953.88,2025-09-18,True
E11020,Chen,Nakamura,Engineering,8689.48,2021-07-23,True
E11021,Ines,Silva,Support,5232.73,2024-11-11,True
E11022,Amara,Nair,Legal,6006.54,2022-05-22,True
E11023,Lena,Haddad,People,7978.89,2024-10-28,True
E11024,Rafael,Petrov,Sales,10313.95,2018-02-17,False
E11025,Jonas,Tanaka,Operations,11613.66,2025-03-20,True
E11026,Nadia,Larsen,Legal,9818.12,2018-10-04,False
E11027,Mateo,Mensah,Sales,4406.01,2023-06-01,True
E11028,Uma,Petrov,Support,14166.7,2019-08-04,True
E11029,Uma,Tanaka,Operations,5402.1,2021-07-01,True
E11030,Uma,Larsen,Engineering,9560.07,2026-05-23,False
E11031,Nadia,Nakamura,Finance,14263.22,2022-01-09,True
E11032,Amara,Silva,People,3369.61,2018-10-11,True
E11033,Elena,Rossi,Engineering,11671.56,2022-06-26,True
E11034,Jonas,Haddad,Marketing,14152.64,2025-08-11,False
E11035,Kofi,Nakamura,Support,3239.46,2025-11-01,True
E11036,Rafael,Petrov,Sales,7388.31,2018-03-28,True
E11037,Aarav,Kowalski,Sales,3792.35,2024-04-15,True
E11038,Aarav,Nair,Operations,6255.4,2020-12-02,True
E11039,Viktor,Schmidt,People,4835.96,2021-04-03,True
E11040,Jonas,Silva,Engineering,7784.86,2021-02-04,True
E11041,Hugo,Costa,People,11134.69,2023-08-11,True
E11042,Uma,Schmidt,Engineering,7961.02,2025-03-16,True
E11043,Nadia,Rossi,Engineering,10000.2,2021-11-25,True
E11044,Fatima,Nakamura,People,4537.6,2025-07-15,True
E11045,Uma,Haddad,Operations,6928.68,2019-10-20,True
E11046,Rafael,Costa,People,7751.63,2021-04-21,True
E11047,Jonas,Larsen,Operations,2987.18,2020-04-10,True
E11048,Rafael,Ibrahim,Finance,7322.99,2020-12-19,True
E11049,Aarav,Moreau,Sales,4745.24,2024-04-28,True
E11050,Nadia,Novak,Marketing,4739.87,2023-04-01,False
E11051,Tomasz,Okafor,Finance,10695.12,2023-12-01,True
E11052,Omar,Moreau,Legal,11722.53,2019-01-12,False
E11053,Zofia,Ibrahim,Sales,9692.4,2018-11-06,True
E11054,Viktor,Tanaka,People,2403.88,2025-06-11,False
E11055,Chen,Ibrahim,Finance,8876.31,2018-02-28,True
E11056,Elena,Tanaka,Finance,7146.75,2025-02-27,True
E11057,Omar,Silva,Engineering,10954.92,2026-04-20,True
E11058,Viktor,Haddad,Finance,3203.21,2026-07-25,True
E11059,Mateo,Costa,Finance,6586.53,2020-06-22,True
E11060,Lena,Moreau,Finance,11993.1,2025-04-11,False
E11061,Rafael,Silva,Marketing,2676.76,2021-12-11,True
E11062,Viktor,Costa,Engineering,3321.05,2021-07-04,True
E11063,Amara,Kowalski,Finance,4791.95,2019-08-24,True
E11064,Zofia,Nakamura,Legal,5217.48,2026-04-12,True
E11065,Rafael,Haddad,People,5539.44,2023-11-17,True
E11066,Uma,Silva,People,6019.19,2022-04-19,True
E11067,Aarav,Sato,Sales,3093.19,2026-06-08,True
E11068,Hugo,Dubois,Sales,2228.49,2020-01-09,True
E11069,Aarav,Tanaka,Support,13136.58,2021-08-05,True
E11070,Mateo,Rossi,Finance,8632.17,2023-06-10,True
E11071,Aarav,Silva,Engineering,13704.41,2025-11-15,True
E11072,Elena,Moreau,People,9350.84,2025-03-04,True
E11073,Uma,Novak,Legal,8955.92,2020-10-22,True
E11074,Elena,Haddad,People,6592.45,2022-02-07,True
E11075,Ines,Tanaka,Legal,9516.59,2024-05-22,True
E11076,Priya,Schmidt,Legal,12370.87,2022-07-06,True
E11077,Fatima,Moreau,Support,8483.02,2022-03-06,True
E11078,Omar,Kowalski,People,6643.76,2020-03-11,True
E11079,Chen,Moreau,Finance,2491.66,2019-04-04,True
E11080,Nadia,Silva,Legal,8945.51,2019-02-11,True
E11081,Priya,Sato,Sales,12023.48,2024-10-18,False
E11082,Ines,Novak,Sales,9443.83,2018-05-15,False
E11083,Jonas,Kowalski,People,12237.31,2024-08-14,True
E11084,Kofi,Dubois,Finance,7885.74,2022-07-12,True
E11085,Uma,Mensah,Marketing,3500.14,2025-03-16,True
E11086,Rafael,Larsen,People,8566.1,2020-08-17,True
E11087,Aarav,Sato,Engineering,14596.89,2020-08-10,True
E11088,Priya,Dubois,Finance,4063.51,2023-06-07,False
E11089,Mateo,Costa,Sales,14539.78,2021-07-15,True
E11090,Viktor,Silva,Operations,11003.62,2026-01-24,False
E11091,Lena,Larsen,Legal,10399.47,2026-02-10,True
E11092,Ines,Tanaka,Support,5006.59,2026-06-09,True
E11093,Ines,Dubois,Engineering,14858.94,2026-02-17,True
E11094,Elena,Schmidt,Operations,8465.0,2022-02-08,True
E11095,Kofi,Rossi,People,3771.52,2025-06-27,True
E11096,Sara,Rossi,Support,8312.23,2021-10-15,True
E11097,Jonas,Moreau,Marketing,13194.86,2024-05-10,True
E11098,Hugo,Silva,Sales,10055.51,2018-05-19,False
E11099,Aarav,Rossi,Support,11362.69,2020-08-18,True
E11100,Mateo,Ibrahim,Engineering,5105.51,2022-01-09,True
E11101,Elena,Rossi,Support,8644.07,2022-12-07,False
E11102,Elena,Petrov,People,6304.98,2025-03-13,True
E11103,Kofi,Costa,Finance,12059.32,2020-03-16,True
E11104,Hugo,Silva,Engineering,5069.66,2019-07-02,True
E11105,Tomasz,Larsen,Engineering,11345.95,2019-07-02,True
E11106,Tomasz,Schmidt,People,9589.52,2020-09-15,True
E11107,Chen,Schmidt,Legal,3511.6,2019-06-02,True
E11108,Mateo,Larsen,Engineering,10184.35,2026-01-26,True
E11109,Zofia,Dubois,Engineering,4900.19,2025-04-23,True
E11110,Aarav,Nair,Engineering,14629.94,2020-10-09,True
E11111,Elena,Petrov,Support,9363.84,2021-02-20,True
E11112,Ines,Nakamura,Finance,3611.57,2020-10-08,True
E11113,Elena,Mensah,Marketing,11543.59,2018-02-13,True
E11114,Amara,Silva,Engineering,9404.9,2023-08-28,True
E11115,Viktor,Costa,Legal,4474.43,2024-08-19,True
E11116,Fatima,Nair,Marketing,6180.03,2025-01-20,True
E11117,Chen,Mensah,Engineering,5434.3,2025-11-17,True
E11118,Sara,Silva,Operations,6377.15,2021-07-05,True
E11119,Lena,Kowalski,Finance,2484.64,2023-04-22,True
E11120,Lena,Haddad,Legal,6832.87,2025-05-26,True
E11121,Elena,Schmidt,Support,8771.79,2025-10-28,True
E11122,Uma,Nakamura,People,2378.18,2025-08-12,True
E11123,Sara,Costa,Finance,6277.44,2025-01-07,True
E11124,Uma,Dubois,Operations,14044.99,2018-09-25,True
E11125,Nadia,Costa,Engineering,10520.68,2024-01-17,True
E11126,Tomasz,Nair,Sales,2716.9,2024-08-04,True
E11127,Hugo,Novak,Engineering,5596.85,2019-09-26,True
E11128,Viktor,Larsen,Finance,3671.68,2020-03-18,True
E11129,Zofia,Petrov,Sales,11812.52,2025-02-05,False
E11130,Ines,Rossi,Engineering,3119.25,2018-11-28,True
E11131,Sara,Kowalski,Operations,11183.43,2024-06-06,True
E11132,Sara,Sato,Operations,5429.12,2026-03-10,True
E11133,Kofi,Nakamura,Marketing,11320.03,2025-10-08,True
E11134,Nadia,Costa,Engineering,11934.06,2022-08-16,False
E11135,Lena,Schmidt,Engineering,3368.37,2022-11-05,False
E11136,Zofia,Nakamura,People,12427.42,2023-01-07,True
E11137,Sara,Rossi,Marketing,5905.57,2020-02-04,True
E11138,Sara,Rossi,Legal,14311.86,2026-08-21,True
E11139,Amara,Tanaka,Engineering,10538.18,2023-07-06,True
E11140,Rafael,Schmidt,Sales,9911.54,2021-05-24,True
E11141,Jonas,Tanaka,Finance,7419.09,2022-09-12,True
E11142,Priya,Sato,People,3045.62,2022-08-12,True
E11143,Amara,Dubois,Marketing,12938.42,2020-09-26,True
E11144,Zofia,Petrov,Marketing,9896.45,2023-01-07,True
E11145,Chen,Sato,Engineering,14427.98,2023-05-25,True
E11146,Zofia,Silva,Engineering,10894.91,2022-01-23,True
E11147,Lena,Larsen,Operations,13635.51,2024-07-11,True
E11148,Sara,Kowalski,Support,13679.35,2026-02-12,True
E11149,Viktor,Novak,Finance,6236.09,2018-04-17,True
E11150,Nadia,Rossi,Operations,11345.25,2020-03-18,True
E11151,Mateo,Kowalski,Operations,8326.15,2026-03-24,True
E11152,Uma,Okafor,Finance,2941.12,2022-08-11,True
E11153,Omar,Larsen,Engineering,8987.25,2020-06-21,False
E11154,Uma,Tanaka,People,14975.21,2026-08-07,True
E11155,Omar,Nakamura,Finance,2907.97,2026-02-05,False
E11156,Uma,Rossi,Marketing,8596.71,2018-11-04,True
E11157,Priya,Petrov,Legal,12433.55,2024-12-28,True
E11158,Fatima,Sato,Operations,4630.87,2026-04-12,True
E11159,Lena,Nakamura,Support,6222.99,2023-03-18,True
E11160,Mateo,Mensah,Support,8007.84,2025-07-18,True
E11161,Chen,Mensah,Engineering,8330.72,2024-07-12,True
E11162,Mateo,Silva,Support,12410.11,2020-11-27,True
E11163,Viktor,Tanaka,Engineering,12546.61,2020-12-22,True
E11164,Chen,Larsen,People,14288.26,2026-08-12,True
E11165,Omar,Kowalski,Operations,6140.17,2019-02-17,False
E11166,Fatima,Kowalski,Support,14418.24,2018-04-28,True
E11167,Aarav,Rossi,Support,14671.08,2020-07-28,True
E11168,Mateo,Nakamura,Sales,7600.31,2022-10-05,True
E11169,Ines,Schmidt,Marketing,13316.83,2025-05-19,True
E11170,Kofi,Okafor,Engineering,4831.57,2022-10-21,True
E11171,Chen,Rossi,People,14132.79,2023-01-25,True
E11172,Hugo,Moreau,Marketing,4637.96,2021-07-02,True
E11173,Tomasz,Kowalski,People,6750.77,2020-01-17,True
E11174,Uma,Okafor,Legal,11028.98,2024-12-18,True
E11175,Lena,Haddad,Legal,14083.27,2023-01-02,True
E11176,Amara,Rossi,Sales,14840.68,2021-09-17,True
E11177,Jonas,Schmidt,Legal,8848.87,2018-03-01,True
E11178,Ines,Dubois,Engineering,4931.29,2025-01-13,True
E11179,Amara,Ibrahim,Sales,7157.91,2025-04-16,True
E11180,Lena,Ibrahim,Finance,7246.78,2024-10-17,True
E11181,Kofi,Dubois,Finance,14579.86,2026-04-05,True
E11182,Sara,Ibrahim,Legal,5891.15,2018-11-14,True
E11183,Amara,Nair,Support,8112.36,2026-04-04,True
E11184,Amara,Silva,Engineering,3869.38,2020-02-25,True
E11185,Aarav,Sato,Operations,14320.24,2024-10-17,True
E11186,Hugo,Nakamura,Sales,11002.77,2024-08-04,True
E11187,Chen,Sato,People,6684.64,2025-11-04,True
E11188,Zofia,Haddad,Operations,11762.22,2026-09-26,True
E11189,Hugo,Novak,Operations,9985.23,2020-08-24,True
E11190,Sara,Costa,Finance,7533.84,2024-05-08,False
E11191,Sara,Larsen,People,12044.78,2024-12-07,False
E11192,Lena,Haddad,Support,14084.67,2022-09-03,True
E11193,Tomasz,Rossi,Finance,10690.01,2020-02-17,True
E11194,Rafael,Sato,Support,12864.79,2022-04-04,True
E11195,Zofia,Kowalski,People,6120.26,2026-01-24,False
E11196,Tomasz,Haddad,Legal,4530.17,2020-10-23,True
E11197,Tomasz,Nakamura,Finance,5778.98,2020-02-15,True
E11198,Aarav,Moreau,Marketing,3028.16,2026-09-26,True
E11199,Tomasz,Rossi,Sales,8277.75,2025-02-26,True
E11200,Nadia,Sato,Finance,12490.58,2023-12-05,True
E11201,Amara,Haddad,Support,11800.13,2018-12-01,True
E11202,Mateo,Kowalski,People,3816.23,2021-06-15,True
E11203,Chen,Haddad,People,13919.66,2025-09-08,True
E11204,Hugo,Novak,Operations,3733.1,2026-03-24,True
E11205,Chen,Larsen,Operations,3271.9,2018-06-28,True
E11206,Jonas,Costa,Marketing,3947.97,2023-11-10,True
E11207,Uma,Tanaka,Engineering,6370.56,2018-03-16,True
E11208,Tomasz,Rossi,Marketing,13832.26,2026-02-23,True
E11209,Jonas,Ibrahim,Operations,11738.21,2021-03-01,True
E11210,Uma,Nair,Engineering,11171.54,2022-05-16,True
E11211,Uma,Ibrahim,Engineering,4333.17,2022-09-16,False
E11212,Elena,Costa,Finance,3052.61,2022-05-27,True
E11213,Ines,Ibrahim,Legal,13721.34,2018-09-26,False
E11214,Hugo,Moreau,Legal,10077.84,2023-10-17,True
E11215,Sara,Haddad,Operations,11097.56,2021-05-23,True
E11216,Tomasz,Nair,People,5948.28,2020-11-14,True
E11217,Chen,Mensah,Marketing,7982.66,2025-01-05,True
E11218,Kofi,Moreau,Legal,6919.39,2024-03-15,True
E11219,Aarav,Schmidt,Engineering,2211.09,2026-06-09,True
E11220,Uma,Novak,Operations,12856.54,2019-04-03,True
E11221,Viktor,Silva,Operations,5074.12,2018-02-28,True
E11222,Hugo,Rossi,Engineering,5238.78,2025-10-16,True
E11223,Elena,Ibrahim,Sales,5564.77,2026-01-24,True
E11224,Viktor,Okafor,Legal,8715.32,2023-09-20,True
E11225,Priya,Petrov,Engineering,4485.16,2022-11-24,True
E11226,Zofia,Larsen,Operations,10783.95,2019-05-03,True
E11227,Zofia,Costa,Operations,7998.76,2022-10-18,True
E11228,Lena,Tanaka,Sales,10316.29,2025-05-18,True
E11229,Nadia,Nair,Operations,14884.06,2021-03-10,True
E11230,Tomasz,Nair,Marketing,12932.38,2021-04-19,True
E11231,Tomasz,Petrov,Engineering,3911.17,2020-02-23,True
E11232,Sara,Silva,Marketing,3565.18,2018-10-13,True
E11233,Nadia,Silva,Sales,13892.96,2018-02-25,True
E11234,Fatima,Mensah,People,5119.59,2019-07-16,False
E11235,Zofia,Haddad,Finance,6460.58,2024-11-20,True
E11236,Viktor,Dubois,Marketing,5713.12,2026-04-17,True
E11237,Omar,Moreau,Sales,4833.45,2025-01-17,True
E11238,Tomasz,Ibrahim,Finance,8766.11,2018-08-26,True
E11239,Kofi,Nakamura,Operations,5823.31,2024-02-07,True
E11240,Jonas,Mensah,Operations,9016.35,2022-08-17,False
E11241,Lena,Costa,Engineering,12461.74,2020-11-11,True
E11242,Priya,Ibrahim,Operations,6797.14,2025-10-25,True
E11243,Nadia,Haddad,Operations,3946.22,2024-09-02,True
E11244,Sara,Dubois,Sales,11297.72,2023-03-22,True
E11245,Aarav,Petrov,Marketing,2456.22,2021-06-27,True
E11246,Jonas,Costa,Sales,2171.31,2022-05-21,True
E11247,Chen,Mensah,Legal,10276.56,2021-01-24,True
E11248,Hugo,Haddad,Support,5245.46,2019-04-02,True
E11249,Ines,Haddad,Finance,13954.89,2019-04-26,True
E11250,Hugo,Rossi,Engineering,7041.71,2020-02-26,True
E11251,Lena,Petrov,Finance,2634.96,2018-09-18,True
E11252,Omar,Tanaka,Support,12447.98,2026-04-23,True
E11253,Amara,Ibrahim,Marketing,4185.85,2020-03-18,True
E11254,Kofi,Okafor,People,10361.88,2018-04-23,True
E11255,Nadia,Moreau,Sales,10502.49,2020-10-21,True
E11256,Amara,Novak,People,7460.09,2025-08-11,True
E11257,Lena,Novak,People,5029.82,2018-04-17,True
E11258,Elena,Costa,People,4304.78,2026-04-23,True
E11259,Elena,Nair,Sales,7342.04,2019-06-10,True
E11260,Fatima,Rossi,Support,14109.5,2026-03-09,True
E11261,Lena,Costa,Engineering,5978.16,2022-08-02,True
E11262,Chen,Mensah,Legal,11425.28,2023-09-03,False
E11263,Viktor,Schmidt,Operations,8909.71,2019-09-26,True
E11264,Fatima,Larsen,Sales,14379.08,2021-07-14,True
E11265,Priya,Okafor,Finance,3634.2,2018-02-26,True
E11266,Tomasz,Petrov,Support,2540.89,2022-10-04,True
E11267,Amara,Kowalski,People,11309.36,2021-07-26,False
E11268,Hugo,Kowalski,Engineering,9712.14,2018-10-18,False
E11269,Jonas,Sato,Operations,14123.83,2024-02-09,True
E11270,Priya,Mensah,Legal,2865.53,2025-05-13,True
E11271,Elena,Costa,Marketing,12572.15,2024-03-24,True
E11272,Ines,Silva,Support,2354.75,2018-12-07,False
E11273,Elena,Nair,Engineering,3427.82,2022-06-12,False
E11274,Rafael,Nair,Finance,4571.18,2019-10-21,True
E11275,Aarav,Kowalski,Finance,8861.48,2023-03-20,True
E11276,Viktor,Larsen,Support,5396.68,2024-03-27,True
E11277,Rafael,Schmidt,Support,3107.55,2025-07-09,True
E11278,Uma,Dubois,People,8470.18,2025-06-01,True
E11279,Amara,Costa,Operations,5509.71,2022-04-24,True
E11280,Priya,Moreau,Sales,8900.09,2026-06-19,True
E11281,Priya,Petrov,Finance,9191.71,2025-06-05,True
E11282,Hugo,Costa,Sales,13100.43,2018-02-12,True
E11283,Viktor,Novak,Support,10321.71,2022-04-26,True
E11284,Priya,Petrov,Finance,11114.79,2019-08-14,True
E11285,Mateo,Haddad,Support,12343.72,2023-04-16,True
E11286,Jonas,Nair,People,3640.69,2019-07-21,False
E11287,Sara,Kowalski,Engineering,11089.93,2024-09-12,True
E11288,Amara,Nakamura,Support,5654.06,2020-10-12,False
E11289,Mateo,Petrov,Operations,2391.91,2020-05-08,True
E11290,Ines,Silva,Finance,11912.51,2023-02-14,True
E11291,Jonas,Nakamura,Sales,3356.04,2019-08-05,True
E11292,Fatima,Ibrahim,Support,11077.55,2025-01-07,True
E11293,Tomasz,Novak,Finance,6187.56,2025-10-22,False
E11294,Sara,Schmidt,Sales,10077.17,2018-01-06,True
E11295,Kofi,Novak,People,14651.4,2018-11-26,False
E11296,Kofi,Petrov,Engineering,9045.94,2023-02-23,False
E11297,Amara,Larsen,Support,4096.52,2026-04-19,True
E11298,Elena,Nair,Engineering,5549.47,2025-08-09,True
E11299,Uma,Nakamura,Marketing,7940.07,2023-10-14,True
E11300,Omar,Mensah,Support,4733.46,2023-01-06,True
E11301,Rafael,Kowalski,Operations,10477.41,2020-06-24,True
E11302,Fatima,Nakamura,Marketing,10504.22,2020-08-22,True
E11303,Lena,Schmidt,Finance,11888.51,2026-09-18,True
E11304,Rafael,Nair,Sales,3808.45,2019-07-01,True
E11305,Hugo,Silva,People,2196.04,2022-09-02,True
E11306,Uma,Moreau,Operations,9057.9,2019-07-27,True
E11307,Priya,Schmidt,Sales,12700.19,2020-11-11,True
E11308,Omar,Okafor,Support,12190.37,2024-12-02,True
E11309,Mateo,Petrov,Legal,5999.3,2018-12-23,False
E11310,Tomasz,Dubois,Legal,12909.34,2023-03-09,True
E11311,Zofia,Dubois,Sales,6551.86,2024-07-08,True
E11312,Aarav,Tanaka,Legal,10318.47,2020-07-27,True
E11313,Rafael,Petrov,Finance,3037.93,2021-10-23,True
E11314,Jonas,Dubois,Sales,5623.21,2020-03-19,True
E11315,Fatima,Tanaka,Engineering,7505.03,2023-09-23,True
E11316,Nadia,Nair,Support,8453.3,2022-07-20,True
E11317,Viktor,Ibrahim,People,14887.56,2020-08-04,True
E11318,Mateo,Okafor,Marketing,5620.16,2021-11-20,True
E11319,Viktor,Okafor,Operations,9710.04,2022-02-06,False
E11320,Jonas,Costa,Sales,8605.49,2020-06-27,True
E11321,Aarav,Nair,Engineering,7743.51,2026-02-16,True
E11322,Nadia,Ibrahim,Engineering,7545.4,2024-04-21,False
E11323,Fatima,Nair,Marketing,3947.87,2025-10-06,True
E11324,Zofia,Mensah,Finance,3529.98,2018-02-10,True
E11325,Aarav,Mensah,Engineering,14958.84,2023-06-20,True
E11326,Omar,Larsen,Support,4703.14,2023-04-23,True
E11327,Lena,Rossi,People,4982.47,2025-08-04,True
E11328,Nadia,Larsen,Sales,13942.82,2024-12-24,True
E11329,Aarav,Petrov,Marketing,6708.33,2024-03-01,True
E11330,Rafael,Mensah,Finance,11211.74,2018-05-26,True
E11331,Chen,Rossi,People,11829.74,2023-08-06,True
E11332,Sara,Dubois,People,6445.49,2025-06-25,True
E11333,Elena,Costa,Operations,13171.27,2024-01-20,True
E11334,Tomasz,Kowalski,Support,14949.85,2026-05-24,True
E11335,Priya,Schmidt,Support,13116.16,2018-08-05,True
E11336,Sara,Ibrahim,Operations,12255.38,2021-10-26,True
E11337,Jonas,Haddad,Support,12045.44,2025-11-13,True
E11338,Zofia,Novak,Operations,12890.03,2023-05-28,True
E11339,Jonas,Nair,Marketing,13640.8,2019-05-17,True
E11340,Omar,Dubois,Legal,7159.61,2021-11-24,False
E11341,Priya,Mensah,Operations,13975.32,2021-06-05,True
E11342,Chen,Sato,Marketing,14215.25,2018-03-05,False
E11343,Jonas,Tanaka,Engineering,13081.91,2024-08-21,True
E11344,Nadia,Tanaka,Sales,2766.58,2020-01-02,True
E11345,Nadia,Novak,Legal,4668.55,2022-10-19,True
E11346,Uma,Nakamura,Finance,8914.13,2026-07-14,True
E11347,Jonas,Nakamura,Sales,2273.31,2024-06-20,True
E11348,Ines,Mensah,Support,5374.17,2020-08-02,True
E11349,Mateo,Moreau,Sales,7953.44,2022-05-03,True
E11350,Uma,Rossi,Marketing,2711.94,2023-06-19,True
E11351,Amara,Petrov,Operations,2990.66,2019-03-05,True
E11352,Priya,Okafor,Engineering,13311.55,2020-07-02,False
E11353,Mateo,Moreau,People,14858.56,2025-10-27,True
E11354,Uma,Larsen,Operations,6463.29,2024-10-28,True
E11355,Nadia,Novak,People,4980.59,2021-02-04,True
E11356,Zofia,Dubois,Support,5221.88,2021-02-21,True
E11357,Jonas,Sato,Marketing,14073.76,2021-08-28,False
E11358,Rafael,Novak,People,10171.77,2022-07-16,True
E11359,Ines,Mensah,People,9581.08,2024-09-07,True
E11360,Sara,Tanaka,People,5369.06,2026-07-20,True
E11361,Nadia,Kowalski,Engineering,3657.95,2021-08-04,False
E11362,Priya,Schmidt,Operations,4789.54,2025-08-28,True
E11363,Elena,Tanaka,People,8627.24,2025-12-18,True
E11364,Ines,Ibrahim,Sales,3308.35,2018-04-04,True
E11365,Ines,Okafor,Engineering,6425.04,2019-12-06,True
E11366,Aarav,Schmidt,Sales,13136.4,2024-04-18,True
E11367,Tomasz,Nair,Marketing,6837.86,2023-08-27,True
E11368,Hugo,Ibrahim,Sales,3629.54,2020-07-17,False
E11369,Chen,Kowalski,Sales,10488.98,2023-10-25,True
E11370,Uma,Schmidt,Operations,13043.67,2020-10-14,True
E11371,Omar,Okafor,Marketing,3426.48,2025-03-09,True
E11372,Lena,Novak,Operations,10588.52,2020-03-08,True
E11373,Elena,Larsen,Marketing,5882.66,2024-09-05,True
E11374,Zofia,Okafor,Marketing,3113.15,2026-05-26,True
E11375,Nadia,Nakamura,Engineering,14768.87,2018-05-18,True
E11376,Uma,Schmidt,People,10554.82,2019-07-01,True
E11377,Ines,Schmidt,Legal,3015.23,2024-03-18,True
E11378,Priya,Novak,Legal,2416.9,2023-07-14,False
E11379,Zofia,Petrov,Finance,2450.29,2026-06-22,True
E11380,Fatima,Tanaka,Sales,8932.23,2018-11-23,True
E11381,Hugo,Kowalski,Marketing,13691.34,2019-06-20,True
E11382,Tomasz,Ibrahim,Finance,6048.71,2025-10-28,True
E11383,Uma,Sato,Finance,13981.3,2022-04-02,True
E11384,Nadia,Haddad,Legal,2314.32,2019-03-13,True
E11385,Tomasz,Sato,Engineering,14794.78,2019-08-20,False
E11386,Elena,Larsen,Support,11828.46,2018-12-15,True
E11387,Lena,Dubois,Legal,11080.6,2020-03-03,True
E11388,Fatima,Larsen,Engineering,4287.04,2024-12-15,False
E11389,Uma,Schmidt,Operations,11473.0,2026-08-07,True
E11390,Tomasz,Novak,Support,11932.62,2019-03-17,True
E11391,Sara,Costa,Support,12542.27,2020-10-13,False
E11392,Sara,Moreau,Legal,14840.01,2018-10-04,True
E11393,Lena,Costa,People,8474.19,2025-12-14,True
E11394,Ines,Petrov,Sales,3133.7,2024-06-11,True
E11395,Ines,Petrov,Finance,9719.57,2026-09-23,True
E11396,Amara,Okafor,Marketing,7367.77,2020-07-18,True
E11397,Aarav,Petrov,Engineering,6882.04,2022-02-24,True
E11398,Elena,Haddad,People,12350.17,2023-12-09,True
E11399,Aarav,Larsen,People,3708.79,2023-10-27,False
E11400,Priya,Ibrahim,Legal,13238.37,2024-06-25,True
E11401,Zofia,Okafor,Support,11562.84,2020-12-05,True
E11402,Mateo,Kowalski,Operations,5476.36,2022-12-11,True
E11403,Hugo,Novak,Legal,8832.14,2024-03-05,False
E11404,Aarav,Okafor,People,7227.05,2020-05-26,True
E11405,Mateo,Nair,Sales,9258.69,2019-08-12,True
E11406,Nadia,Dubois,Engineering,14529.38,2020-07-07,True
E11407,Kofi,Petrov,Marketing,3421.34,2025-07-20,True
E11408,Omar,Costa,People,7830.46,2018-07-23,True
E11409,Mateo,Mensah,Support,3996.49,2019-01-03,True
E11410,Jonas,Nakamura,Support,9845.8,2021-01-02,True
E11411,Kofi,Ibrahim,Legal,4366.68,2022-04-19,True
E11412,Nadia,Ibrahim,Support,11905.69,2022-11-09,True
E11413,Amara,Haddad,Operations,13883.5,2026-03-02,True
E11414,Uma,Okafor,Operations,3681.83,2024-08-23,False
E11415,Jonas,Schmidt,Support,7403.66,2019-05-21,True
E11416,Mateo,Novak,Engineering,13419.62,2023-01-20,True
E11417,Rafael,Petrov,Support,13867.45,2023-07-06,True
E11418,Rafael,Schmidt,Operations,8245.74,2025-09-03,True
E11419,Kofi,Moreau,Legal,11288.97,2020-07-14,True
E11420,Hugo,Tanaka,People,8424.23,2019-06-15,False
E11421,Omar,Ibrahim,Marketing,13462.41,2021-01-26,False
E11422,Aarav,Mensah,Legal,9431.69,2026-09-15,True
E11423,Elena,Tanaka,Legal,11727.25,2020-03-28,True
E11424,Chen,Nair,Legal,3514.41,2020-08-08,True
E11425,Sara,Larsen,Engineering,3468.41,2018-06-03,True
E11426,Nadia,Kowalski,People,6971.05,2022-09-24,True
E11427,Chen,Novak,Operations,4962.93,2025-05-10,True
E11428,Elena,Okafor,Sales,10945.63,2024-12-04,True
E11429,Amara,Moreau,Operations,6585.87,2023-05-18,True
E11430,Jonas,Ibrahim,Operations,4316.84,2023-06-17,True
E11431,Hugo,Nakamura,People,5610.08,2023-11-25,True
E11432,Omar,Petrov,Support,9219.54,2020-10-27,True
E11433,Omar,Rossi,Sales,3314.01,2021-10-21,True
E11434,Priya,Silva,Operations,6885.06,2018-05-17,True
E11435,Amara,Costa,Operations,14407.3,2019-12-14,True
E11436,Tomasz,Mensah,Finance,6879.13,2024-10-07,True
E11437,Fatima,Nair,People,7285.2,2025-07-09,True
E11438,Zofia,Costa,Legal,2179.13,2023-05-05,True
E11439,Rafael,Mensah,Finance,14053.22,2025-08-23,True
E11440,Mateo,Dubois,Finance,9505.58,2018-08-08,True
E11441,Jonas,Nakamura,Engineering,14944.44,2022-11-24,True
E11442,Ines,Nair,Marketing,5683.19,2022-04-24,True
E11443,Viktor,Okafor,People,10261.9,2020-01-20,True
E11444,Uma,Kowalski,Operations,6339.08,2019-02-25,True
E11445,Chen,Ibrahim,Finance,2283.21,2020-11-13,True
E11446,Tomasz,Ibrahim,Legal,6389.85,2025-03-01,True
E11447,Zofia,Okafor,Marketing,11424.77,2020-03-04,True
E11448,Mateo,Haddad,Legal,4295.19,2018-12-04,True
E11449,Elena,Ibrahim,Engineering,11324.64,2024-08-05,True
E11450,Jonas,Rossi,Marketing,3739.01,2023-06-19,True
E11451,Elena,Novak,Engineering,3872.85,2021-08-02,True
E11452,Kofi,Sato,Legal,14112.11,2019-03-27,True
E11453,Lena,Okafor,People,11176.26,2026-04-22,True
E11454,Rafael,Larsen,Legal,2726.31,2026-02-26,False
E11455,Priya,Moreau,Sales,10456.35,2022-09-06,True
E11456,Kofi,Nakamura,Support,4818.83,2024-05-14,True
E11457,Kofi,Moreau,Legal,6746.82,2021-05-08,True
E11458,Hugo,Ibrahim,Finance,10715.53,2023-05-17,True
E11459,Jonas,Tanaka,Legal,5218.54,2026-09-13,True
E11460,Hugo,Sato,People,13646.09,2023-06-21,False
E11461,Jonas,Rossi,Legal,8790.4,2024-05-25,False
E11462,Elena,Mensah,Finance,10468.9,2022-08-11,True
E11463,Mateo,Sato,Legal,11473.46,2023-07-19,True
E11464,Fatima,Petrov,Operations,7884.39,2024-04-23,True
E11465,Sara,Novak,Finance,3003.02,2025-09-05,True
E11466,Rafael,Moreau,Legal,14556.26,2026-01-28,True
E11467,Tomasz,Nakamura,Operations,12021.05,2024-06-15,True
E11468,Nadia,Moreau,Operations,11672.25,2026-01-16,False
E11469,Rafael,Sato,Engineering,11460.09,2021-07-22,False
E11470,Kofi,Mensah,Marketing,9790.83,2021-04-25,True
E11471,Tomasz,Silva,Marketing,6092.11,2018-04-18,True
E11472,Priya,Kowalski,Sales,5117.26,2026-03-21,True
E11473,Nadia,Haddad,Sales,7626.44,2019-05-08,True
E11474,Jonas,Rossi,Finance,14619.21,2021-11-18,True
E11475,Ines,Silva,Support,10034.59,2026-08-13,True
E11476,Mateo,Nakamura,Engineering,14040.2,2026-04-17,True
E11477,Jonas,Haddad,People,7821.93,2021-09-10,True
E11478,Zofia,Novak,Legal,14806.9,2018-07-13,True
E11479,Ines,Rossi,Finance,3457.59,2025-08-11,True
E11480,Nadia,Costa,Support,3953.74,2022-07-14,True
E11481,Jonas,Novak,Finance,5047.59,2022-07-13,True
E11482,Nadia,Silva,Finance,4971.8,2026-09-20,True
E11483,Hugo,Haddad,Sales,11915.79,2018-03-14,False
E11484,Zofia,Rossi,Operations,11083.56,2018-04-12,True
E11485,Kofi,Nakamura,Sales,3686.69,2018-06-14,True
E11486,Fatima,Larsen,Support,5306.8,2020-01-28,True
E11487,Hugo,Sato,Legal,7562.4,2020-01-14,True
E11488,Ines,Mensah,Marketing,13707.83,2020-05-27,True
E11489,Hugo,Mensah,Marketing,5290.29,2020-07-01,True
E11490,Ines,Nakamura,Marketing,12407.75,2026-02-09,True
E11491,Priya,Rossi,People,9472.4,2025-06-10,True
E11492,Uma,Costa,Marketing,8065.93,2019-12-21,True
E11493,Zofia,Silva,People,14395.0,2019-06-02,True
E11494,Amara,Schmidt,Legal,7464.45,2019-09-05,True
E11495,Lena,Petrov,Legal,3631.08,2025-10-28,True
E11496,Uma,Mensah,Legal,12170.88,2024-05-20,True
E11497,Tomasz,Larsen,Operations,11016.42,2024-10-19,True
E11498,Jonas,Moreau,Finance,7687.69,2026-07-20,True
E11499,Mateo,Rossi,Operations,8833.6,2020-10-25,False
E11500,Priya,Rossi,Support,9777.4,2024-01-22,True
E11501,Amara,Larsen,Operations,10430.62,2020-04-19,True
E11502,Viktor,Larsen,Marketing,13888.17,2023-05-16,True
E11503,Ines,Ibrahim,Finance,6834.25,2022-01-04,True
E11504,Uma,Okafor,Finance,3599.67,2026-06-11,True
E11505,Jonas,Nakamura,People,12835.21,2026-02-10,False
E11506,Aarav,Okafor,People,11409.77,2025-02-12,True
E11507,Fatima,Novak,Legal,8051.81,2019-05-26,True
E11508,Rafael,Tanaka,Sales,6913.7,2024-06-19,False
E11509,Chen,Nakamura,Marketing,6255.6,2022-03-18,True
E11510,Aarav,Tanaka,People,8833.36,2025-05-22,False
E11511,Elena,Petrov,Sales,3456.33,2022-05-23,True
E11512,Ines,Larsen,Finance,12472.09,2024-06-20,True
E11513,Uma,Nakamura,Finance,4617.45,2018-03-11,True
E11514,Ines,Dubois,People,14626.91,2026-08-27,True
E11515,Chen,Sato,Support,7459.09,2025-06-26,True
E11516,Rafael,Sato,Support,14862.79,2021-06-11,True
E11517,Elena,Moreau,Support,9843.05,2024-12-27,True
E11518,Fatima,Nakamura,Operations,12438.94,2026-07-11,True
E11519,Ines,Costa,Engineering,11337.82,2024-11-12,True
E11520,Chen,Sato,Finance,4333.53,2026-02-10,True
E11521,Uma,Nakamura,People,8903.14,2019-06-18,True
E11522,Sara,Moreau,Operations,3377.43,2018-09-23,True
E11523,Lena,Okafor,Finance,9148.89,2019-02-03,True
E11524,Tomasz,Ibrahim,Marketing,10152.34,2019-04-14,False
E11525,Zofia,Schmidt,Marketing,3931.87,2022-11-13,True
E11526,Amara,Ibrahim,Engineering,11825.36,2021-06-22,False
E11527,Lena,Nakamura,Operations,10877.84,2018-07-26,True
E11528,Chen,Silva,Support,6350.93,2025-06-17,True
E11529,Elena,Silva,Marketing,6571.11,2020-03-26,True
E11530,Chen,Haddad,Finance,11429.7,2024-09-27,True
E11531,Viktor,Nair,Marketing,5838.37,2018-09-14,True
E11532,Sara,Nakamura,Support,6487.2,2023-12-21,True
E11533,Chen,Dubois,Operations,8339.07,2026-09-16,False
E11534,Nadia,Dubois,Support,9259.25,2021-05-10,True
E11535,Hugo,Nakamura,Sales,5434.75,2024-07-16,True
E11536,Ines,Silva,Finance,2640.54,2019-02-16,True
E11537,Aarav,Kowalski,Finance,3916.07,2026-07-26,True
E11538,Viktor,Ibrahim,Marketing,6491.87,2023-12-17,True
E11539,Chen,Petrov,Marketing,5024.36,2024-06-14,True
E11540,Kofi,Costa,Sales,2452.6,2024-04-07,True
E11541,Chen,Costa,Marketing,12617.57,2026-04-16,True
E11542,Tomasz,Costa,Marketing,4510.52,2018-03-08,True
E11543,Amara,Haddad,Marketing,5159.81,2026-09-23,True
E11544,Chen,Haddad,Operations,10708.62,2021-06-10,True
E11545,Elena,Silva,Engineering,14313.59,2020-01-13,False
E11546,Omar,Larsen,Legal,14591.01,2021-06-17,False
E11547,Tomasz,Nakamura,Engineering,13938.38,2025-09-26,True
E11548,Hugo,Novak,Marketing,12109.39,2026-06-03,True
E11549,Mateo,Moreau,Sales,11722.22,2022-09-22,True
E11550,Tomasz,Rossi,Operations,5254.66,2025-09-12,True
E11551,Hugo,Silva,Legal,13370.72,2022-04-26,True
E11552,Ines,Novak,People,13155.36,2020-09-04,True
E11553,Viktor,Nair,Support,7333.83,2021-08-21,True
E11554,Viktor,Haddad,Operations,4988.08,2025-05-02,True
E11555,Tomasz,Rossi,People,11023.09,2022-07-26,True
E11556,Rafael,Schmidt,Engineering,11771.89,2018-04-11,True
E11557,Kofi,Larsen,Marketing,7600.94,2024-07-26,True
E11558,Lena,Mensah,People,11068.3,2026-02-15,True
E11559,Lena,Moreau,Engineering,14533.64,2022-03-22,True
E11560,Jonas,Nair,Marketing,7073.91,2024-07-09,False
E11561,Aarav,Costa,Sales,2827.94,2023-07-16,False
E11562,Elena,Petrov,Legal,9796.03,2018-05-08,True
E11563,Rafael,Larsen,Support,13775.43,2026-09-20,True
E11564,Priya,Rossi,Engineering,4570.94,2019-11-15,True
E11565,Sara,Silva,Legal,9811.74,2021-11-13,True
E11566,Ines,Mensah,Sales,6155.55,2021-08-04,True
E11567,Omar,Costa,Legal,10610.79,2025-05-14,True
E11568,Jonas,Silva,Sales,8078.46,2025-07-08,True
E11569,Elena,Haddad,Operations,5479.77,2019-08-03,True
E11570,Omar,Kowalski,People,4867.18,2024-06-20,True
E11571,Priya,Ibrahim,Operations,7591.93,2020-10-22,True
E11572,Nadia,Ibrahim,People,9990.29,2023-11-13,True
E11573,Sara,Costa,Marketing,9420.42,2019-01-03,True
E11574,Sara,Dubois,Legal,12167.02,2026-09-07,True
E11575,Nadia,Costa,People,6548.62,2026-07-08,True
E11576,Kofi,Costa,Legal,8047.48,2023-01-05,True
E11577,Mateo,Costa,Marketing,6561.59,2026-05-11,True
E11578,Uma,Haddad,Legal,11196.99,2019-11-02,True
E11579,Tomasz,Novak,People,11697.26,2019-05-26,True
E11580,Elena,Costa,Engineering,8102.12,2021-03-11,True
E11581,Nadia,Tanaka,Support,6051.97,2023-05-10,True
E11582,Zofia,Haddad,People,6377.82,2026-01-27,True
E11583,Omar,Rossi,Finance,12879.77,2018-01-12,True
E11584,Chen,Schmidt,People,14849.56,2018-03-22,True
E11585,Jonas,Okafor,Support,9548.88,2025-07-17,True
E11586,Kofi,Rossi,Marketing,5910.74,2022-04-20,False
E11587,Lena,Sato,Finance,10637.77,2025-07-28,True
E11588,Amara,Moreau,Sales,5807.93,2024-03-06,True
E11589,Viktor,Tanaka,Marketing,5817.65,2019-05-17,True
E11590,Priya,Schmidt,Finance,12451.04,2021-10-28,True
E11591,Ines,Moreau,People,2216.13,2026-05-21,True
E11592,Elena,Ibrahim,Legal,6658.69,2019-10-10,False
E11593,Tomasz,Costa,Operations,3759.51,2024-01-15,True
E11594,Lena,Silva,People,10524.02,2019-08-28,True
E11595,Omar,Okafor,Finance,9790.99,2021-02-24,True
E11596,Viktor,Nakamura,Sales,3291.56,2024-10-17,False
E11597,Viktor,Rossi,Sales,7400.05,2023-12-17,True
E11598,Elena,Schmidt,Marketing,6623.0,2018-02-22,False
E11599,Chen,Costa,Engineering,4958.88,2022-08-20,True
E11600,Kofi,Haddad,Legal,11840.57,2021-11-02,True
E11601,Jonas,Silva,Marketing,12493.61,2020-08-03,True
E11602,Aarav,Rossi,Sales,6525.55,2020-06-21,True
E11603,Priya,Silva,Support,5096.87,2022-03-14,True
E11604,Zofia,Silva,Support,7628.79,2024-10-22,True
E11605,Tomasz,Moreau,Support,3368.94,2021-05-09,True
E11606,Aarav,Schmidt,Finance,3922.78,2020-12-07,True
E11607,Hugo,Nair,Operations,6900.46,2025-10-23,True
E11608,Fatima,Moreau,Sales,5903.51,2019-05-18,True
E11609,Uma,Mensah,People,3863.96,2026-08-24,True
E11610,Rafael,Ibrahim,Marketing,12817.67,2019-06-18,True
E11611,Aarav,Kowalski,Legal,8436.11,2021-08-13,True
E11612,Jonas,Nakamura,Sales,11141.59,2020-01-09,False
E11613,Zofia,Rossi,Operations,4340.64,2018-06-09,True
E11614,Mateo,Novak,Legal,8023.53,2025-02-17,True
E11615,Nadia,Ibrahim,Marketing,3534.99,2026-03-12,True
E11616,Aarav,Moreau,Legal,12935.51,2021-02-19,True
E11617,Chen,Rossi,Finance,6111.84,2025-02-14,True
E11618,Elena,Novak,Sales,4940.5,2022-11-06,True
E11619,Viktor,Kowalski,Operations,3506.15,2025-04-12,True
E11620,Fatima,Dubois,Operations,4503.72,2019-02-16,True
E11621,Amara,Okafor,People,14305.7,2023-02-09,True
E11622,Ines,Schmidt,People,12505.35,2024-03-05,True
E11623,Hugo,Nair,Engineering,9079.58,2026-06-17,True
E11624,Fatima,Haddad,Finance,10091.78,2024-11-01,True
E11625,Amara,Schmidt,Finance,13844.0,2022-10-03,True
E11626,Ines,Ibrahim,Support,12943.4,2024-01-25,True
E11627,Ines,Ibrahim,People,5368.29,2019-04-04,True
E11628,Priya,Nakamura,Sales,7453.34,2021-10-19,True
E11629,Omar,Ibrahim,Finance,13592.26,2024-02-19,False
E11630,Aarav,Silva,Sales,9425.62,2022-07-17,True
E11631,Zofia,Haddad,Support,11837.57,2018-10-15,True
E11632,Omar,Moreau,Operations,14593.72,2022-08-08,True
E11633,Uma,Rossi,Marketing,4461.08,2024-11-21,False
E11634,Amara,Sato,Support,11921.64,2019-12-11,False
E11635,Nadia,Mensah,Finance,5222.22,2023-01-27,False
E11636,Ines,Petrov,Operations,3758.12,2025-07-19,False
E11637,Chen,Silva,Marketing,14153.69,2021-07-11,True
E11638,Viktor,Tanaka,Finance,8759.39,2018-04-15,True
E11639,Aarav,Larsen,Sales,3072.54,2021-01-21,True
E11640,Amara,Haddad,Sales,11742.54,2021-05-09,True
E11641,Nadia,Haddad,People,9910.57,2022-05-05,False
E11642,Zofia,Haddad,Marketing,3253.82,2026-09-09,True
E11643,Uma,Tanaka,Finance,11438.47,2018-06-23,True
E11644,Aarav,Nakamura,Legal,12536.88,2022-08-25,True
E11645,Amara,Okafor,Sales,6413.48,2025-02-20,False
E11646,Ines,Nakamura,People,2326.44,2018-01-07,True
E11647,Fatima,Sato,People,2876.4,2020-10-18,False
E11648,Sara,Rossi,Operations,13556.04,2021-06-03,True
E11649,Aarav,Rossi,Marketing,12194.18,2020-05-20,True
E11650,Hugo,Novak,Engineering,5149.91,2020-12-16,True
E11651,Zofia,Tanaka,Operations,4874.42,2023-10-15,True
E11652,Zofia,Costa,Finance,12193.0,2018-04-05,True
E11653,Chen,Mensah,Sales,6311.91,2019-11-20,True
E11654,Omar,Mensah,Legal,12776.87,2019-09-09,True
E11655,Viktor,Nair,Support,8160.05,2022-04-09,True
E11656,Aarav,Dubois,Finance,9609.8,2021-11-12,False
E11657,Aarav,Okafor,Support,6956.9,2019-01-12,True
E11658,Chen,Petrov,Finance,4075.78,2021-09-04,False
E11659,Hugo,Silva,Operations,5568.58,2021-01-16,True
E11660,Elena,Nakamura,Sales,12555.97,2025-05-05,True
E11661,Amara,Mensah,Marketing,5996.17,2026-06-16,True
E11662,Zofia,Sato,Support,13579.69,2026-06-12,True
E11663,Jonas,Schmidt,Legal,9273.13,2025-03-26,True
E11664,Jonas,Schmidt,Legal,8851.17,2026-03-05,True
E11665,Priya,Moreau,Legal,12676.37,2018-08-10,True
E11666,Ines,Larsen,Support,10172.4,2022-05-10,True
E11667,Aarav,Haddad,Support,8583.71,2020-02-27,True
E11668,Amara,Rossi,Finance,5531.31,2020-08-06,True
E11669,Aarav,Tanaka,Operations,5343.45,2022-04-04,True
E11670,Aarav,Rossi,People,4492.29,2019-02-12,False
E11671,Ines,Tanaka,Marketing,3908.99,2021-04-18,True
E11672,Jonas,Ibrahim,Sales,4477.74,2022-12-13,False
E11673,Uma,Schmidt,Finance,10287.55,2023-03-23,True
E11674,Elena,Novak,Engineering,13877.3,2026-09-18,False
E11675,Hugo,Costa,Legal,7833.52,2024-05-01,True
E11676,Aarav,Silva,People,6045.82,2018-05-13,True
E11677,Chen,Rossi,Finance,13123.64,2024-07-14,False
E11678,Kofi,Rossi,Engineering,11265.32,2026-07-08,True
E11679,Lena,Dubois,Operations,12848.89,2018-06-03,True
E11680,Fatima,Haddad,Support,4355.54,2024-04-10,True
E11681,Rafael,Okafor,Operations,6234.45,2026-07-04,True
E11682,Rafael,Dubois,People,9821.89,2025-11-02,True
E11683,Lena,Rossi,People,11887.94,2023-06-18,True
E11684,Uma,Haddad,Finance,13724.75,2020-10-03,True
E11685,Nadia,Tanaka,People,7973.09,2023-07-25,True
E11686,Aarav,Moreau,Finance,9410.91,2020-03-04,True
E11687,Uma,Petrov,Finance,14393.11,2018-03-23,True
E11688,Fatima,Moreau,Marketing,4767.06,2018-02-13,True
E11689,Uma,Novak,Support,14520.94,2021-04-23,True
E11690,Uma,Rossi,Support,5223.49,2021-04-14,True
E11691,Fatima,Silva,People,5566.91,2025-11-14,True
E11692,Mateo,Kowalski,People,2212.22,2023-01-22,True
E11693,Ines,Mensah,Legal,9118.14,2022-08-19,True
E11694,Hugo,Haddad,Sales,8851.55,2018-06-14,True
E11695,Hugo,Novak,Engineering,8698.67,2019-10-23,True
E11696,Mateo,Novak,Marketing,2695.41,2022-08-23,True
E11697,Chen,Novak,Sales,9829.77,2022-05-09,True
E11698,Jonas,Haddad,Support,4339.0,2018-08-26,True
E11699,Priya,Kowalski,Legal,13222.75,2025-05-21,True
E11700,Amara,Costa,Finance,4807.68,2021-12-18,True
E11701,Omar,Tanaka,Sales,9830.78,2020-04-08,False
E11702,Rafael,Haddad,People,13664.91,2023-08-12,True
E11703,Hugo,Ibrahim,Support,11473.66,2026-09-07,False
E11704,Lena,Ibrahim,Legal,11026.35,2023-06-15,True
E11705,Nadia,Sato,Support,7126.05,2024-05-13,True
E11706,Uma,Nair,Marketing,3541.6,2022-12-05,True
E11707,Jonas,Kowalski,Legal,9661.71,2022-06-20,True
E11708,Nadia,Mensah,Support,11509.38,2025-05-22,True
E11709,Jonas,Mensah,Marketing,14831.37,2026-09-01,False
E11710,Lena,Schmidt,Sales,4577.78,2020-05-13,False
E11711,Viktor,Rossi,Legal,12926.33,2025-10-09,True
E11712,Kofi,Costa,Operations,14268.84,2026-03-04,True
E11713,Lena,Silva,Finance,11152.49,2018-05-24,True
E11714,Viktor,Tanaka,Marketing,13658.55,2020-07-13,False
E11715,Omar,Sato,Sales,12177.46,2025-12-26,True
E11716,Elena,Sato,Operations,4917.44,2019-04-10,True
E11717,Hugo,Schmidt,Operations,4692.33,2022-12-03,True
E11718,Mateo,Petrov,Support,14231.6,2022-02-15,False
E11719,Nadia,Haddad,Operations,5823.15,2025-10-03,True
E11720,Rafael,Novak,Sales,4390.83,2026-02-27,True
E11721,Jonas,Sato,Finance,6013.46,2019-09-26,True
E11722,Fatima,Dubois,Engineering,9224.42,2021-02-20,True
E11723,Priya,Moreau,Sales,6474.71,2020-12-06,True
E11724,Viktor,Nair,Marketing,6701.63,2026-05-03,True
E11725,Mateo,Ibrahim,Support,11921.82,2020-03-11,False
E11726,Elena,Larsen,Support,2608.88,2019-12-12,False
E11727,Ines,Schmidt,Support,6242.2,2020-09-01,False
E11728,Priya,Novak,Support,6141.03,2018-10-04,True
E11729,Uma,Novak,Operations,4617.2,2025-06-17,False
E11730,Elena,Schmidt,Sales,3580.12,2020-09-08,True
E11731,Ines,Nakamura,Sales,9572.4,2024-08-14,False
E11732,Aarav,Costa,Marketing,11622.1,2022-04-10,True
E11733,Aarav,Nakamura,Support,11235.61,2019-08-18,False
E11734,Uma,Haddad,People,7377.44,2024-07-14,True
E11735,Rafael,Larsen,Support,9923.52,2024-05-05,True
E11736,Rafael,Ibrahim,Finance,4861.57,2018-09-06,True
E11737,Lena,Okafor,Finance,12726.17,2025-11-03,True
E11738,Zofia,Rossi,Support,4642.79,2019-03-09,True
E11739,Nadia,Costa,Support,10651.65,2018-08-08,True
E11740,Sara,Okafor,Support,6735.38,2025-05-18,False
E11741,Sara,Okafor,Finance,10281.79,2026-03-03,False
E11742,Priya,Schmidt,Marketing,5641.49,2021-08-15,True
E11743,Viktor,Mensah,Finance,10022.43,2024-10-07,True
E11744,Mateo,Ibrahim,Support,10455.34,2018-04-20,True
E11745,Priya,Petrov,Operations,10923.19,2025-06-06,True
E11746,Omar,Moreau,Engineering,5334.27,2022-11-21,True
E11747,Nadia,Schmidt,Finance,14977.74,2023-08-04,True
E11748,Fatima,Tanaka,Legal,10080.37,2020-09-09,True
E11749,Mateo,Okafor,Engineering,4732.25,2024-06-16,True
E11750,Chen,Novak,Operations,5405.85,2023-03-11,True
E11751,Omar,Ibrahim,Support,14278.87,2023-07-22,True
E11752,Amara,Costa,Operations,13577.21,2021-08-02,True
E11753,Rafael,Costa,Support,12926.3,2021-10-28,True
E11754,Uma,Nakamura,Marketing,12069.7,2020-06-09,True
E11755,Rafael,Haddad,Marketing,4205.57,2019-01-17,True
E11756,Hugo,Rossi,People,3070.09,2026-05-24,True
E11757,Omar,Schmidt,Support,3895.55,2020-01-24,True
E11758,Uma,Larsen,Finance,14906.86,2021-08-23,True
E11759,Sara,Larsen,Engineering,10473.87,2019-04-17,True
E11760,Priya,Silva,Operations,4355.41,2023-09-21,True
E11761,Jonas,Moreau,People,8300.13,2026-07-01,False
E11762,Ines,Tanaka,People,8838.37,2018-11-04,True
E11763,Mateo,Costa,Engineering,9802.5,2024-08-05,True
E11764,Elena,Novak,Operations,3812.69,2024-03-14,False
E11765,Uma,Costa,Finance,6575.39,2022-05-21,True
E11766,Uma,Silva,Marketing,11520.79,2021-12-18,True
E11767,Rafael,Petrov,Marketing,4609.82,2026-04-19,True
E11768,Zofia,Schmidt,Finance,6127.76,2022-10-04,True
E11769,Lena,Petrov,Engineering,10781.98,2020-09-15,True
E11770,Aarav,Sato,Support,2654.29,2022-05-16,False
E11771,Zofia,Kowalski,Support,13697.21,2026-04-01,True
E11772,Nadia,Dubois,Marketing,8077.53,2026-07-20,True
E11773,Jonas,Novak,People,8955.66,2026-09-03,True
E11774,Aarav,Rossi,Sales,3198.76,2023-11-02,True
E11775,Nadia,Kowalski,Finance,2624.18,2021-05-05,True
E11776,Rafael,Petrov,Finance,12536.62,2023-08-01,True
E11777,Chen,Okafor,Legal,3785.4,2024-09-16,True
E11778,Zofia,Ibrahim,Operations,10322.49,2021-09-23,True
E11779,Chen,Okafor,Finance,11844.07,2020-09-03,True
E11780,Fatima,Costa,Support,11951.2,2026-04-17,False
E11781,Aarav,Nakamura,Operations,3336.9,2026-05-26,True
E11782,Viktor,Nair,People,13523.84,2024-09-26,True
E11783,Sara,Nair,People,5694.97,2023-04-10,True
E11784,Elena,Silva,People,11620.94,2022-09-11,True
E11785,Priya,Mensah,Engineering,12865.12,2026-03-14,True
E11786,Viktor,Nakamura,Engineering,10062.22,2021-08-17,True
E11787,Nadia,Haddad,Legal,13386.86,2025-02-05,True
E11788,Rafael,Costa,Marketing,5879.27,2025-10-21,True
E11789,Nadia,Sato,Operations,10323.84,2021-02-22,True
E11790,Nadia,Moreau,Engineering,10227.23,2018-11-22,True
E11791,Tomasz,Rossi,Marketing,8431.6,2023-01-15,True
E11792,Tomasz,Schmidt,Engineering,7447.89,2022-09-11,True
E11793,Tomasz,Rossi,Marketing,8438.66,2021-08-28,True
E11794,Fatima,Nakamura,Sales,11578.14,2022-12-12,True
E11795,Lena,Schmidt,Operations,13301.21,2026-01-18,True
E11796,Priya,Ibrahim,Finance,12138.44,2022-08-24,True
E11797,Mateo,Rossi,Sales,6772.09,2021-04-09,True
E11798,Lena,Okafor,Operations,12794.79,2019-01-23,True
E11799,Hugo,Petrov,Support,8285.29,2026-09-02,True
E11800,Elena,Haddad,Sales,14220.29,2021-05-19,True
E11801,Nadia,Costa,Engineering,3098.47,2023-09-03,True
E11802,Hugo,Moreau,Sales,13367.29,2023-08-15,False
E11803,Priya,Ibrahim,Support,9712.87,2024-08-10,True
E11804,Aarav,Kowalski,Support,7107.07,2022-11-24,True
E11805,Mateo,Haddad,Sales,2341.54,2021-04-27,True
E11806,Zofia,Schmidt,Support,12937.56,2019-03-28,True
E11807,Tomasz,Okafor,Operations,3735.16,2020-06-13,True
E11808,Uma,Mensah,Sales,13839.21,2019-04-24,True
E11809,Uma,Dubois,Engineering,9176.78,2026-06-14,False
E11810,Lena,Nakamura,Engineering,6851.02,2022-12-25,True
E11811,Uma,Costa,Marketing,8705.32,2019-12-16,True
E11812,Uma,Sato,Operations,7821.1,2023-07-17,True
E11813,Fatima,Sato,Operations,4904.95,2018-01-24,True
E11814,Fatima,Silva,Support,11001.0,2020-01-11,True
E11815,Elena,Tanaka,Finance,14230.75,2023-03-27,False
E11816,Sara,Okafor,Legal,8506.84,2022-08-11,False
E11817,Amara,Moreau,Support,14094.13,2019-01-24,True
E11818,Rafael,Okafor,Legal,10222.03,2021-04-19,True
E11819,Mateo,Petrov,Legal,14827.17,2019-09-06,True
E11820,Ines,Schmidt,Operations,2340.76,2019-07-28,True
E11821,Tomasz,Moreau,Legal,4104.28,2024-04-23,True
E11822,Rafael,Moreau,Finance,4409.79,2020-07-02,True
E11823,Priya,Silva,Engineering,11623.62,2020-08-18,True
E11824,Hugo,Rossi,Sales,7567.19,2018-08-15,True
E11825,Nadia,Sato,Support,8534.68,2025-01-27,True
E11826,Amara,Costa,People,11309.39,2025-05-11,False
E11827,Mateo,Haddad,Engineering,11412.64,2026-06-06,True
E11828,Elena,Sato,Engineering,3291.72,2021-12-12,True
E11829,Omar,Larsen,Support,14185.76,2023-12-05,True
E11830,Kofi,Rossi,Operations,11317.66,2020-08-12,True
E11831,Hugo,Rossi,Operations,12574.36,2026-09-25,False
E11832,Omar,Moreau,Finance,7618.17,2021-12-08,True
E11833,Sara,Costa,Support,6299.51,2020-05-23,True
E11834,Tomasz,Tanaka,Marketing,10458.49,2023-01-28,True
E11835,Uma,Nakamura,Support,8147.02,2019-01-27,True
E11836,Omar,Nair,Support,6372.46,2022-11-09,True
E11837,Ines,Schmidt,Engineering,6511.43,2018-11-07,False
E11838,Fatima,Sato,Operations,14254.72,2020-09-12,True
E11839,Uma,Nakamura,Support,13980.97,2021-02-20,True
E11840,Lena,Rossi,Marketing,12653.73,2020-09-22,True
E11841,Omar,Dubois,Marketing,2820.62,2021-03-22,True
E11842,Viktor,Costa,Marketing,11274.77,2018-07-02,True
E11843,Priya,Nair,Marketing,4226.3,2026-05-09,True
E11844,Lena,Larsen,People,11988.2,2025-12-19,False
E11845,Ines,Dubois,Engineering,12707.58,2020-09-19,True
E11846,Kofi,Nakamura,People,9685.0,2019-05-02,True
E11847,Ines,Silva,Engineering,6801.77,2019-02-15,False
E11848,Viktor,Dubois,Engineering,11604.39,2020-04-04,True
E11849,Zofia,Mensah,People,11954.44,2026-01-11,True
E11850,Jonas,Moreau,Engineering,12078.57,2018-02-13,True
E11851,Tomasz,Larsen,Sales,11483.78,2024-06-02,False
E11852,Zofia,Novak,Support,13860.38,2021-03-08,True
E11853,Fatima,Moreau,Engineering,11490.56,2019-01-04,True
E11854,Aarav,Nair,Finance,2316.38,2018-11-05,True
E11855,Mateo,Novak,Sales,12612.2,2024-01-04,True
E11856,Amara,Rossi,Support,11315.47,2023-03-18,True
E11857,Aarav,Sato,Engineering,12178.3,2025-03-24,True
E11858,Chen,Mensah,Operations,13927.85,2024-07-25,True
E11859,Viktor,Dubois,Legal,4299.01,2018-07-23,False
E11860,Fatima,Rossi,Finance,10916.84,2025-08-02,True
E11861,Viktor,Mensah,Engineering,10794.96,2019-05-26,True
E11862,Hugo,Nakamura,Support,13565.07,2026-04-19,False
E11863,Viktor,Schmidt,Legal,2271.15,2021-03-19,True
E11864,Ines,Novak,Finance,9655.13,2025-09-13,False
E11865,Nadia,Okafor,Support,8444.34,2026-08-02,True
E11866,Omar,Ibrahim,Sales,14027.07,2025-04-06,True
E11867,Nadia,Petrov,Engineering,13615.82,2022-02-20,True
E11868,Rafael,Rossi,Support,7507.37,2024-01-21,True
E11869,Zofia,Ibrahim,Operations,10520.14,2020-04-14,True
E11870,Priya,Petrov,Legal,9529.66,2020-01-11,True
E11871,Sara,Nakamura,Marketing,13065.01,2021-08-08,True
E11872,Nadia,Larsen,Legal,8388.9,2020-05-28,True
E11873,Jonas,Okafor,People,13159.4,2020-07-15,True
E11874,Omar,Novak,Marketing,3025.25,2025-11-27,False
E11875,Nadia,Okafor,Finance,10731.01,2024-09-04,True
E11876,Sara,Nakamura,Marketing,10417.53,2018-08-07,True
E11877,Elena,Silva,Finance,5568.12,2026-07-16,True
E11878,Ines,Larsen,Marketing,10110.2,2025-03-25,True
E11879,Ines,Sato,Marketing,9925.69,2022-08-18,True
E11880,Lena,Silva,Finance,10903.59,2023-07-22,False
E11881,Viktor,Nair,Support,12194.9,2022-05-01,False
E11882,Uma,Nair,People,6826.66,2025-10-07,True
E11883,Zofia,Ibrahim,Marketing,12947.2,2024-04-05,True
E11884,Lena,Haddad,Sales,4689.67,2018-08-06,True
E11885,Fatima,Schmidt,Legal,4167.92,2025-10-18,True
E11886,Jonas,Schmidt,People,8716.05,2020-11-06,True
E11887,Chen,Petrov,Finance,10755.26,2021-02-08,True
E11888,Ines,Larsen,Engineering,12345.41,2020-08-22,True
E11889,Lena,Okafor,Marketing,10294.47,2024-04-07,False
E11890,Priya,Costa,Finance,5628.39,2019-12-05,True
E11891,Aarav,Nair,Support,10427.37,2025-12-16,True
E11892,Fatima,Nair,Marketing,2887.62,2018-11-07,True
E11893,Nadia,Petrov,Operations,10216.33,2024-05-13,True
E11894,Ines,Nair,People,11532.99,2026-02-12,True
E11895,Amara,Nair,Legal,11009.5,2020-05-13,False
E11896,Zofia,Ibrahim,People,10890.59,2024-11-11,False
E11897,Amara,Haddad,Support,7676.14,2026-08-03,False
E11898,Lena,Kowalski,Engineering,14050.55,2024-06-07,False
E11899,Jonas,Petrov,Support,5136.89,2020-04-13,True
E11900,Amara,Petrov,Operations,10336.77,2026-07-09,True
E11901,Sara,Mensah,Operations,12369.06,2020-05-14,False
E11902,Amara,Costa,Support,14267.39,2019-08-02,True
E11903,Mateo,Okafor,Marketing,14264.59,2020-03-13,True
E11904,Aarav,Sato,Operations,2537.84,2026-01-05,True
E11905,Viktor,Ibrahim,Support,5894.67,2019-03-11,True
E11906,Rafael,Mensah,Finance,6571.43,2020-01-28,True
E11907,Uma,Kowalski,Sales,8254.43,2019-10-21,True
E11908,Amara,Mensah,Legal,11638.83,2023-05-20,True
E11909,Omar,Tanaka,Support,9657.95,2018-01-01,True
E11910,Hugo,Kowalski,Engineering,2567.85,2026-07-11,True
E11911,Aarav,Schmidt,People,14314.29,2021-04-22,True
E11912,Priya,Tanaka,Operations,6944.56,2020-05-26,True
E11913,Zofia,Larsen,Support,14873.26,2022-09-16,True
E11914,Tomasz,Haddad,Operations,12737.24,2024-11-17,True
E11915,Ines,Dubois,Finance,13466.39,2020-12-01,True
E11916,Nadia,Moreau,Engineering,7243.52,2026-06-01,False
E11917,Hugo,Novak,Marketing,14206.34,2025-04-16,True
E11918,Mateo,Ibrahim,Finance,7638.31,2019-05-09,True
E11919,Ines,Dubois,Sales,5697.12,2022-11-11,True
E11920,Mateo,Petrov,Finance,3526.42,2021-09-28,True
E11921,Lena,Silva,Finance,11194.94,2021-07-27,True
E11922,Jonas,Costa,Operations,13703.31,2020-05-21,True
E11923,Nadia,Silva,People,13065.33,2023-04-12,True
E11924,Jonas,Sato,Support,10754.92,2018-02-27,True
E11925,Lena,Silva,Support,14737.07,2023-02-15,True
E11926,Rafael,Dubois,Legal,11280.65,2022-09-16,True
E11927,Fatima,Rossi,Support,14882.04,2022-05-06,True
E11928,Hugo,Kowalski,Operations,13739.21,2018-11-03,True
E11929,Hugo,Larsen,Legal,4152.08,2020-12-19,True
E11930,Mateo,Petrov,Legal,11900.25,2022-04-23,True
E11931,Mateo,Okafor,Operations,3689.52,2025-03-07,True
E11932,Jonas,Costa,Engineering,3428.52,2026-02-06,True
E11933,Nadia,Larsen,Support,13314.99,2025-03-01,True
E11934,Ines,Moreau,Legal,14496.36,2025-05-13,True
E11935,Lena,Larsen,Finance,11987.65,2020-01-11,True
E11936,Fatima,Ibrahim,Engineering,6109.68,2019-01-23,True
E11937,Kofi,Kowalski,Marketing,13893.48,2022-05-20,True
E11938,Viktor,Nakamura,Finance,7806.19,2025-07-20,False
E11939,Zofia,Rossi,People,9860.99,2022-06-07,True
E11940,Hugo,Larsen,Finance,6862.63,2025-04-07,True
E11941,Viktor,Okafor,Support,11725.06,2022-12-01,True
E11942,Mateo,Rossi,Operations,7755.21,2018-09-18,False
E11943,Zofia,Costa,Sales,14036.61,2021-07-17,True
E11944,Chen,Haddad,Legal,6867.68,2018-02-09,True
E11945,Rafael,Mensah,Marketing,6612.09,2018-02-21,True
E11946,Nadia,Petrov,Operations,3943.43,2020-08-17,False
E11947,Fatima,Larsen,Operations,13090.45,2024-01-14,True
E11948,Jonas,Rossi,Operations,8917.46,2021-01-06,True
E11949,Chen,Rossi,Marketing,12698.48,2018-01-22,True
E11950,Chen,Larsen,Support,12549.06,2020-11-26,True
E11951,Jonas,Costa,Support,6728.94,2025-01-22,True
E11952,Chen,Kowalski,Engineering,12267.6,2025-09-22,True
E11953,Viktor,Mensah,People,9071.06,2021-06-16,True
E11954,Lena,Costa,Sales,13825.5,2026-06-19,True
E11955,Chen,Petrov,Engineering,14154.51,2020-03-21,True
E11956,Nadia,Kowalski,Finance,3801.87,2025-06-15,False
E11957,Omar,Novak,Marketing,5171.21,2022-03-21,True
E11958,Fatima,Kowalski,Legal,10055.39,2025-07-25,True
E11959,Omar,Kowalski,Engineering,12936.31,2025-12-02,False
E11960,Sara,Costa,Support,9767.52,2020-08-09,True
E11961,Lena,Costa,Engineering,9705.65,2024-08-25,True
E11962,Amara,Mensah,Operations,12417.24,2018-01-07,True
E11963,Jonas,Costa,Finance,6344.36,2023-11-14,True
E11964,Kofi,Kowalski,Engineering,13517.02,2021-07-03,True
E11965,Priya,Costa,Support,11679.68,2022-04-14,True
E11966,Kofi,Sato,Marketing,6445.45,2026-05-24,True
E11967,Amara,Costa,Marketing,7173.55,2022-07-14,True
E11968,Chen,Mensah,Engineering,2620.15,2024-06-01,True
E11969,Jonas,Mensah,Legal,3173.44,2018-10-12,True
E11970,Aarav,Tanaka,People,4857.15,2026-08-13,True
E11971,Viktor,Nakamura,Support,8669.38,2024-07-03,True
E11972,Mateo,Haddad,Engineering,5927.29,2022-07-26,True
E11973,Nadia,Tanaka,Marketing,4733.66,2024-02-02,False
E11974,Kofi,Mensah,Sales,8136.16,2025-07-27,True
E11975,Tomasz,Dubois,Operations,14594.15,2021-10-15,True
E11976,Fatima,Larsen,Legal,13921.68,2018-08-17,True
E11977,Omar,Nair,Finance,2809.32,2024-03-23,True
E11978,Omar,Nakamura,Sales,5178.89,2023-04-01,True
E11979,Elena,Rossi,Marketing,14056.31,2023-12-28,False
E11980,Lena,Schmidt,Operations,10409.88,2024-09-12,False
E11981,Chen,Moreau,Support,2269.34,2023-05-17,True
E11982,Kofi,Haddad,Finance,14477.57,2020-09-11,True
E11983,Aarav,Mensah,Support,13535.3,2025-05-09,True
E11984,Fatima,Novak,People,12599.22,2018-06-05,True
E11985,Elena,Haddad,Marketing,8840.7,2019-04-15,True
E11986,Fatima,Costa,Finance,9492.27,2024-11-27,True
E11987,Mateo,Costa,Marketing,12249.89,2020-03-05,True
E11988,Jonas,Sato,People,11281.49,2019-01-21,True
E11989,Jonas,Kowalski,Engineering,7277.79,2020-11-05,False
E11990,Chen,Ibrahim,Engineering,3862.14,2026-05-18,True
E11991,Omar,Sato,Support,7475.11,2024-08-06,True
E11992,Rafael,Novak,Legal,4594.71,2025-01-20,True
E11993,Tomasz,Haddad,Operations,3098.27,2025-02-24,False
E11994,Viktor,Schmidt,Support,12954.69,2022-07-20,False
E11995,Ines,Costa,Engineering,14391.04,2026-02-19,True
E11996,Omar,Nakamura,Finance,14138.55,2018-01-28,False
E11997,Nadia,Ibrahim,Legal,5368.84,2018-05-10,True
E11998,Uma,Larsen,Finance,2476.57,2019-07-09,True
E11999,Priya,Costa,Finance,9939.05,2026-08-01,True
E12000,Aarav,Silva,Operations,14750.7,2021-01-03,True
E12001,Omar,Silva,Support,10954.38,2026-09-16,True
E12002,Aarav,Costa,Marketing,9492.79,2021-08-12,True
E12003,Chen,Rossi,Engineering,6729.44,2024-02-13,True
E12004,Omar,Mensah,People,9207.08,2021-08-03,True
E12005,Sara,Okafor,Operations,13123.67,2022-03-03,False
E12006,Aarav,Haddad,People,3281.36,2024-08-12,True
E12007,Jonas,Costa,Legal,3379.66,2026-06-10,False
E12008,Ines,Tanaka,Marketing,12537.31,2025-04-22,True
E12009,Tomasz,Silva,Sales,14259.32,2019-07-02,True
E12010,Nadia,Silva,Finance,13740.92,2022-06-20,False
E12011,Fatima,Silva,Support,5130.74,2026-07-20,True
E12012,Ines,Schmidt,Sales,10269.41,2024-04-13,True
E12013,Amara,Nair,Marketing,12319.52,2018-04-01,True
E12014,Elena,Sato,Engineering,10312.14,2018-12-06,True
E12015,Viktor,Ibrahim,Legal,9362.15,2018-04-18,True
E12016,Kofi,Schmidt,Support,3460.65,2023-10-14,True
E12017,Rafael,Larsen,People,6345.55,2019-05-17,True
E12018,Lena,Rossi,People,3277.34,2023-04-25,False
E12019,Hugo,Kowalski,Legal,4844.01,2024-02-03,True
E12020,Chen,Haddad,Support,8383.4,2025-06-18,True
E12021,Jonas,Silva,Legal,2940.46,2020-06-07,True
E12022,Amara,Schmidt,Finance,9034.72,2023-01-15,True
E12023,Amara,Kowalski,Marketing,4022.33,2025-08-23,True
E12024,Zofia,Silva,People,6582.36,2022-12-14,True
E12025,Rafael,Rossi,Finance,7581.81,2023-05-21,False
E12026,Elena,Novak,Engineering,8962.54,2020-07-04,True
E12027,Jonas,Dubois,Support,3699.57,2026-03-19,False
E12028,Lena,Rossi,Sales,12172.23,2025-11-24,True
E12029,Ines,Novak,Marketing,8069.33,2025-09-05,True
E12030,Zofia,Silva,Engineering,10084.01,2024-10-21,True
E12031,Omar,Novak,Support,14073.19,2019-05-28,True
E12032,Kofi,Tanaka,Finance,8257.31,2018-05-10,True
E12033,Ines,Costa,People,7894.42,2022-02-10,False
E12034,Fatima,Dubois,Finance,3124.07,2019-04-28,True
E12035,Hugo,Silva,Engineering,10813.17,2024-05-16,True
E12036,Rafael,Costa,Finance,6837.9,2026-04-01,True
E12037,Ines,Sato,Sales,5366.13,2022-08-27,True
E12038,Amara,Okafor,People,2796.66,2023-03-05,True
E12039,Rafael,Dubois,Marketing,6808.07,2023-01-28,True
E12040,Zofia,Schmidt,Operations,8466.28,2026-08-24,False
E12041,Omar,Dubois,Engineering,4739.4,2026-08-19,False
E12042,Aarav,Dubois,Support,4432.83,2024-05-21,True
E12043,Amara,Mensah,Operations,3394.16,2025-09-27,True
E12044,Jonas,Petrov,Operations,4004.79,2022-12-22,True
E12045,Amara,Tanaka,Engineering,9732.6,2022-08-08,False
E12046,Jonas,Okafor,Sales,12102.39,2019-04-12,True
E12047,Jonas,Rossi,People,14176.97,2019-09-09,True
E12048,Omar,Nakamura,Legal,7380.74,2022-01-27,True
E12049,Mateo,Tanaka,Legal,12660.44,2020-11-15,True
E12050,Omar,Nakamura,People,7526.69,2018-05-26,True
E12051,Chen,Okafor,Finance,11001.86,2025-05-05,True
E12052,Tomasz,Tanaka,Marketing,3525.79,2023-08-05,True
E12053,Rafael,Nakamura,People,5725.64,2019-01-09,False
E12054,Uma,Nakamura,Sales,11323.02,2019-12-19,True
E12055,Aarav,Costa,Operations,14143.91,2024-07-18,True
E12056,Viktor,Petrov,Finance,4104.4,2020-10-23,True
E12057,Rafael,Moreau,Finance,10115.56,2025-06-14,True
E12058,Amara,Sato,Finance,11086.38,2026-06-27,True
E12059,Rafael,Nakamura,People,8407.74,2026-08-27,True
E12060,Uma,Sato,Marketing,7647.8,2018-03-10,False
E12061,Tomasz,Nair,Finance,3904.19,2022-03-18,True
E12062,Hugo,Dubois,Engineering,6627.53,2023-07-14,True
E12063,Aarav,Moreau,Finance,10374.67,2026-02-28,True
E12064,Elena,Sato,Legal,9228.28,2025-02-23,True
E12065,Aarav,Nair,Support,9145.22,2023-02-16,True
E12066,Viktor,Moreau,Marketing,8914.22,2023-05-13,True
E12067,Viktor,Dubois,Sales,6630.67,2023-07-28,True
E12068,Ines,Costa,Legal,2644.04,2018-01-19,True
E12069,Ines,Kowalski,Support,12229.66,2025-11-13,True
E12070,Kofi,Silva,Finance,12054.88,2026-03-21,True
E12071,Omar,Silva,Marketing,8885.45,2026-05-28,True
E12072,Kofi,Mensah,Finance,5653.55,2022-12-12,True
E12073,Mateo,Costa,Support,10907.27,2021-11-26,True
E12074,Tomasz,Petrov,Support,13189.57,2023-01-07,True
E12075,Aarav,Silva,Legal,6688.01,2018-12-18,True
E12076,Elena,Mensah,Engineering,11114.93,2026-08-01,True
E12077,Hugo,Novak,People,4858.65,2025-02-09,False
E12078,Rafael,Kowalski,Sales,6965.75,2021-11-21,True
E12079,Priya,Okafor,Operations,11071.16,2019-11-20,True
E12080,Omar,Sato,Legal,14763.67,2018-07-04,True
E12081,Hugo,Rossi,Legal,5929.87,2019-04-01,True
E12082,Fatima,Dubois,Sales,13377.08,2020-10-01,True
E12083,Jonas,Costa,Engineering,6471.26,2019-01-10,True
E12084,Rafael,Silva,Support,13709.07,2020-10-13,True
E12085,Aarav,Larsen,Support,6481.11,2026-08-12,True
E12086,Viktor,Rossi,Sales,4235.84,2022-05-08,True
E12087,Zofia,Rossi,Support,14491.45,2019-10-18,True
E12088,Rafael,Silva,Support,12847.4,2018-02-03,True
E12089,Fatima,Larsen,Finance,14479.87,2026-02-09,True
E12090,Mateo,Silva,Marketing,6061.74,2021-03-25,True
E12091,Kofi,Larsen,Finance,14147.93,2026-06-21,True
E12092,Priya,Okafor,Operations,11129.78,2021-06-28,True
E12093,Aarav,Kowalski,Engineering,8192.03,2018-12-20,False
E12094,Elena,Nair,Legal,4159.4,2019-01-16,True
E12095,Priya,Kowalski,Operations,5276.16,2018-09-25,True
E12096,Lena,Larsen,Support,11915.39,2019-10-16,False
E12097,Ines,Mensah,Engineering,13120.7,2022-06-21,False
E12098,Jonas,Costa,Marketing,3783.77,2019-01-17,True
E12099,Amara,Rossi,Support,8684.45,2020-09-18,True
E12100,Ines,Novak,People,11429.25,2022-04-09,True
E12101,Amara,Rossi,People,2405.63,2026-08-23,True
E12102,Sara,Moreau,Operations,13045.72,2021-03-10,False
E12103,Zofia,Okafor,Marketing,7508.78,2023-05-24,True
E12104,Ines,Haddad,Finance,7908.41,2019-04-11,False
E12105,Priya,Novak,Sales,14027.2,2020-06-16,False
E12106,Zofia,Costa,Support,6536.75,2022-02-09,True
E12107,Ines,Petrov,Operations,10741.93,2024-06-04,True
E12108,Ines,Larsen,Support,14832.41,2020-08-23,True
E12109,Mateo,Novak,Operations,13755.81,2024-06-22,True
E12110,Rafael,Ibrahim,Engineering,3567.23,2019-06-04,True
E12111,Amara,Tanaka,Support,3964.09,2025-11-01,True
E12112,Lena,Ibrahim,Support,6258.85,2020-02-17,True
E12113,Sara,Sato,Operations,4656.34,2023-09-27,True
E12114,Zofia,Nair,Support,9863.35,2019-06-04,False
E12115,Elena,Tanaka,Legal,6373.03,2020-03-26,True
E12116,Rafael,Haddad,Finance,4589.9,2025-08-18,True
E12117,Ines,Nair,Finance,7700.11,2022-03-06,True
E12118,Zofia,Larsen,Marketing,8449.22,2024-05-21,True
E12119,Rafael,Kowalski,Finance,6075.4,2023-03-19,True
E12120,Chen,Petrov,Sales,4135.52,2024-05-01,True
E12121,Chen,Petrov,Engineering,12032.86,2023-12-28,True
E12122,Kofi,Larsen,Engineering,7772.62,2021-01-19,True
E12123,Aarav,Costa,Engineering,8346.71,2021-09-05,True
E12124,Tomasz,Silva,Finance,2678.08,2021-07-18,True
E12125,Ines,Moreau,Operations,6735.91,2021-04-17,True
E12126,Sara,Ibrahim,Legal,5119.39,2024-06-16,True
E12127,Uma,Okafor,Marketing,5322.84,2022-07-18,True
E12128,Tomasz,Larsen,Support,12847.98,2024-02-13,True
E12129,Ines,Okafor,Finance,13679.42,2023-05-01,True
E12130,Zofia,Silva,Legal,11243.51,2020-01-12,True
E12131,Zofia,Nair,Marketing,6541.25,2019-07-20,True
E12132,Tomasz,Petrov,Engineering,10601.56,2020-12-15,True
E12133,Mateo,Okafor,Sales,3568.16,2024-04-06,True
E12134,Ines,Rossi,Sales,14482.61,2025-05-02,True
E12135,Fatima,Schmidt,Sales,6572.66,2020-01-26,False
E12136,Amara,Okafor,Sales,11277.44,2023-07-13,True
E12137,Viktor,Nakamura,Engineering,8565.48,2019-06-19,True
E12138,Chen,Silva,Marketing,9654.82,2022-09-25,True
E12139,Uma,Haddad,Sales,8568.77,2021-06-17,True
E12140,Tomasz,Dubois,Sales,4342.68,2024-06-06,True
E12141,Jonas,Nakamura,Sales,8579.83,2020-01-13,True
E12142,Kofi,Moreau,Marketing,2175.34,2022-10-15,True
E12143,Aarav,Nair,Legal,2679.24,2022-05-03,True
E12144,Uma,Silva,Sales,3448.01,2024-12-13,True
E12145,Zofia,Rossi,Legal,6978.79,2018-01-12,True
E12146,Aarav,Novak,Finance,3503.96,2018-07-12,True
E12147,Chen,Novak,Marketing,14658.21,2022-07-06,True
E12148,Fatima,Ibrahim,People,7332.62,2019-07-05,True
E12149,Chen,Tanaka,Operations,4255.18,2019-04-28,True
E12150,Sara,Nair,Operations,11445.81,2024-07-06,True
E12151,Fatima,Okafor,Operations,4091.94,2020-06-15,True
E12152,Tomasz,Larsen,Sales,7535.88,2023-04-15,False
E12153,Mateo,Mensah,Support,9926.17,2023-06-24,False
E12154,Nadia,Moreau,Marketing,6276.96,2023-10-28,True
E12155,Uma,Dubois,Operations,9711.27,2020-03-05,True
E12156,Amara,Silva,Marketing,5783.73,2024-05-07,True
E12157,Sara,Petrov,Sales,3986.21,2025-10-05,True
E12158,Nadia,Tanaka,Finance,7578.14,2024-07-12,True
E12159,Jonas,Dubois,Legal,9006.2,2020-11-24,True
E12160,Tomasz,Novak,Support,9446.51,2021-06-24,True
E12161,Zofia,Moreau,People,9366.11,2025-09-26,True
E12162,Rafael,Sato,Operations,8679.26,2023-09-19,True
E12163,Viktor,Moreau,Engineering,12979.58,2025-04-28,True
E12164,Lena,Okafor,Operations,8271.13,2023-07-17,True
E12165,Kofi,Schmidt,Finance,14796.79,2026-09-26,True
E12166,Ines,Schmidt,Operations,8820.38,2026-05-22,True
E12167,Nadia,Ibrahim,Engineering,9292.37,2023-06-02,True
E12168,Zofia,Haddad,Legal,5653.62,2023-03-14,True
E12169,Tomasz,Petrov,Marketing,6744.5,2023-03-09,True
E12170,Sara,Sato,Operations,6622.81,2022-09-07,True
E12171,Amara,Haddad,Sales,5175.96,2022-12-25,True
E12172,Fatima,Haddad,Operations,9158.62,2020-03-19,True
E12173,Omar,Ibrahim,Marketing,11111.24,2025-03-14,True
E12174,Uma,Silva,Marketing,5634.29,2026-07-15,True
E12175,Sara,Ibrahim,Finance,7017.86,2021-08-09,True
E12176,Elena,Mensah,Engineering,5551.08,2025-12-20,True
E12177,Ines,Mensah,Marketing,13572.39,2018-03-25,True
E12178,Lena,Schmidt,Operations,3379.58,2022-02-22,True
E12179,Nadia,Larsen,Engineering,14719.06,2024-07-01,True
E12180,Omar,Kowalski,Support,8873.14,2023-07-11,True
E12181,Chen,Schmidt,Finance,10043.68,2026-03-23,True
E12182,Amara,Silva,Legal,7482.45,2018-04-28,True
E12183,Sara,Novak,Legal,2590.24,2022-06-05,True
E12184,Sara,Schmidt,Support,13913.39,2026-07-21,False
E12185,Zofia,Larsen,Legal,7871.85,2022-07-26,False
E12186,Chen,Nair,Engineering,10405.12,2024-10-03,True
E12187,Chen,Dubois,Engineering,6479.78,2025-06-08,True
E12188,Viktor,Nair,Finance,8627.6,2018-01-01,True
E12189,Viktor,Petrov,Finance,4157.04,2023-11-09,True
E12190,Kofi,Petrov,Finance,8348.82,2026-07-18,True
E12191,Chen,Kowalski,Legal,4561.19,2025-08-26,True
E12192,Priya,Sato,Finance,5316.78,2026-07-05,True
E12193,Priya,Haddad,Finance,4193.37,2021-03-02,True
E12194,Kofi,Petrov,Operations,12554.39,2025-03-26,True
E12195,Rafael,Sato,Marketing,14083.97,2022-09-12,True
E12196,Priya,Schmidt,Marketing,14674.51,2018-05-07,True
E12197,Viktor,Moreau,Sales,10582.82,2020-06-11,True
E12198,Tomasz,Kowalski,Legal,5300.16,2022-03-25,True
E12199,Tomasz,Nair,Engineering,14112.53,2019-09-08,True
E12200,Priya,Silva,Sales,14718.18,2024-08-27,True
E12201,Amara,Haddad,People,5022.26,2023-08-23,True
E12202,Amara,Dubois,Marketing,6515.25,2021-03-11,True
E12203,Chen,Sato,Engineering,14739.46,2020-08-23,True
E12204,Mateo,Larsen,Marketing,4448.11,2019-11-07,True
E12205,Amara,Haddad,People,7794.36,2026-07-12,True
E12206,Jonas,Tanaka,Sales,10406.0,2022-05-16,True
E12207,Elena,Mensah,Marketing,13282.52,2024-07-02,True
E12208,Elena,Rossi,Operations,4458.85,2024-02-14,True
E12209,Priya,Ibrahim,Legal,9159.93,2022-04-11,True
E12210,Tomasz,Haddad,Operations,2163.62,2025-10-01,True
E12211,Lena,Haddad,Operations,12229.76,2021-07-19,True
E12212,Fatima,Kowalski,Finance,12610.1,2020-10-01,False
E12213,Elena,Rossi,People,6007.36,2023-11-23,True
E12214,Hugo,Larsen,Finance,14516.01,2021-07-18,True
E12215,Lena,Silva,Operations,8711.46,2018-12-19,True
E12216,Uma,Petrov,Operations,6856.79,2026-09-06,False
E12217,Zofia,Ibrahim,Legal,8836.71,2026-04-01,True
E12218,Fatima,Mensah,Finance,8694.23,2018-04-07,True
E12219,Jonas,Ibrahim,Operations,2948.8,2019-08-14,True
E12220,Fatima,Mensah,People,7654.92,2024-01-02,True
E12221,Uma,Silva,Marketing,7176.44,2025-02-09,True
E12222,Priya,Ibrahim,Sales,2658.56,2023-05-18,True
E12223,Tomasz,Larsen,Legal,12605.82,2026-03-20,True
E12224,Nadia,Mensah,Finance,14044.54,2024-09-13,False
E12225,Mateo,Novak,Marketing,7191.17,2018-02-22,True
E12226,Omar,Rossi,People,4596.27,2022-04-06,True
E12227,Omar,Kowalski,Support,13736.09,2018-01-12,True
E12228,Aarav,Okafor,Engineering,14270.21,2025-08-01,True
E12229,Fatima,Nakamura,Marketing,2417.53,2024-10-14,True
E12230,Omar,Ibrahim,Marketing,6192.86,2025-04-07,False
E12231,Sara,Moreau,Legal,5544.87,2018-05-18,True
E12232,Sara,Novak,Legal,11879.59,2025-01-10,True
E12233,Fatima,Sato,People,4955.92,2019-06-05,True
E12234,Fatima,Haddad,Finance,11812.29,2019-10-26,False
E12235,Zofia,Haddad,Operations,7496.06,2021-04-04,True
E12236,Kofi,Haddad,People,2402.32,2020-06-22,False
E12237,Omar,Tanaka,Engineering,11427.17,2021-02-08,True
E12238,Amara,Moreau,Operations,3768.43,2022-05-22,True
E12239,Fatima,Kowalski,Engineering,8565.22,2023-02-17,False
E12240,Hugo,Silva,Sales,7718.28,2025-01-27,True
E12241,Omar,Petrov,Engineering,9232.53,2019-04-13,True
E12242,Jonas,Okafor,Marketing,8534.94,2025-12-19,False
E12243,Chen,Dubois,Sales,14112.53,2019-11-10,True
E12244,Aarav,Sato,Sales,12830.39,2022-03-08,True
E12245,Ines,Nair,Sales,4386.45,2024-06-26,True
E12246,Tomasz,Novak,Operations,8326.08,2024-10-19,True
E12247,Lena,Schmidt,Finance,14201.69,2026-01-15,True
E12248,Hugo,Haddad,People,3644.56,2018-11-08,False
E12249,Tomasz,Novak,Operations,8875.71,2026-07-11,True
E12250,Amara,Kowalski,Engineering,7259.73,2019-08-21,True
E12251,Zofia,Haddad,Finance,8756.63,2026-08-09,True
E12252,Fatima,Petrov,People,5371.54,2020-04-07,True
E12253,Sara,Rossi,Sales,11661.53,2018-09-06,True
E12254,Mateo,Haddad,Marketing,7552.76,2018-10-27,True
E12255,Tomasz,Kowalski,Operations,14337.03,2019-05-13,True
E12256,Zofia,Ibrahim,Legal,12226.48,2024-10-14,True
E12257,Uma,Schmidt,Legal,11122.02,2023-06-19,True
E12258,Tomasz,Okafor,Sales,9719.84,2018-05-22,True
E12259,Sara,Petrov,Operations,2213.74,2022-10-12,True
E12260,Omar,Nair,Support,8963.36,2019-12-21,False
E12261,Uma,Rossi,Operations,3309.35,2020-09-15,True
E12262,Priya,Larsen,Marketing,11931.74,2020-09-23,True
E12263,Uma,Nakamura,Legal,4643.39,2025-01-14,True
E12264,Mateo,Moreau,Legal,8923.05,2022-09-04,True
E12265,Zofia,Mensah,Marketing,8509.44,2019-11-18,True
E12266,Ines,Tanaka,Support,4152.41,2020-10-21,True
E12267,Uma,Larsen,Support,5508.97,2019-06-21,True
E12268,Jonas,Rossi,Sales,8510.78,2018-11-16,False
E12269,Elena,Sato,People,7569.82,2021-04-16,True
E12270,Viktor,Novak,Legal,11209.03,2020-07-04,False
E12271,Kofi,Nair,Support,12633.61,2025-08-06,False
E12272,Uma,Nair,People,12082.01,2021-03-19,True
E12273,Sara,Dubois,Support,13970.57,2023-06-13,True
E12274,Zofia,Rossi,People,2814.43,2022-08-24,True
E12275,Uma,Haddad,People,14806.7,2023-05-18,True
E12276,Hugo,Nakamura,People,5119.37,2022-04-21,False
E12277,Aarav,Okafor,People,8257.21,2022-12-02,True
E12278,Lena,Mensah,Engineering,7559.08,2018-07-10,True
E12279,Amara,Dubois,Legal,13469.28,2021-04-07,True
E12280,Ines,Nair,Operations,4388.97,2018-02-05,True
E12281,Lena,Schmidt,Finance,12951.03,2025-03-25,True
E12282,Fatima,Ibrahim,Support,11546.26,2026-06-04,True
E12283,Aarav,Dubois,Marketing,12106.51,2019-07-13,True
E12284,Amara,Moreau,Finance,6345.92,2020-11-10,True
E12285,Nadia,Larsen,Engineering,4152.83,2024-05-01,True
E12286,Aarav,Novak,Legal,13210.06,2026-06-27,True
E12287,Priya,Petrov,Sales,14912.63,2019-01-06,True
E12288,Elena,Moreau,People,3099.21,2022-08-08,True
E12289,Lena,Sato,Legal,8950.63,2024-11-05,False
E12290,Mateo,Nair,Operations,5723.25,2024-04-16,True
E12291,Rafael,Moreau,Engineering,11990.49,2021-12-17,True
E12292,Priya,Kowalski,Legal,10114.62,2022-04-27,True
E12293,Jonas,Tanaka,Legal,14678.59,2021-03-27,True
E12294,Mateo,Nakamura,Finance,3036.01,2018-12-24,True
E12295,Priya,Nakamura,Support,5982.09,2021-02-27,True
E12296,Viktor,Novak,Finance,3866.29,2023-03-18,True
E12297,Amara,Petrov,Sales,9523.7,2023-09-22,True
E12298,Chen,Larsen,Support,14893.19,2022-06-28,True
E12299,Elena,Novak,Support,14275.1,2024-11-11,True
E12300,Amara,Kowalski,Marketing,13764.59,2022-02-27,True
E12301,Ines,Haddad,Operations,3718.55,2025-09-04,True
E12302,Chen,Haddad,Sales,8456.13,2023-01-20,True
E12303,Uma,Costa,Finance,13087.86,2024-01-14,True
E12304,Amara,Dubois,Engineering,10269.9,2022-10-17,True
E12305,Ines,Rossi,Sales,7353.87,2019-01-14,True
E12306,Amara,Sato,Engineering,12372.42,2024-08-24,True
E12307,Ines,Ibrahim,Operations,14748.68,2021-12-07,False
E12308,Elena,Nair,Operations,4311.01,2024-09-05,True
E12309,Priya,Rossi,Support,5711.83,2023-06-05,True
E12310,Ines,Nakamura,Operations,2297.99,2023-01-20,True
E12311,Uma,Tanaka,Sales,2221.37,2026-06-07,True
E12312,Mateo,Schmidt,Sales,5577.56,2021-12-03,True
E12313,Viktor,Dubois,Marketing,14263.2,2026-06-05,True
E12314,Priya,Mensah,Operations,14318.38,2020-03-20,True
E12315,Viktor,Okafor,People,4421.7,2019-09-16,True
E12316,Ines,Haddad,Sales,4371.97,2018-08-25,True
E12317,Sara,Schmidt,Operations,14852.08,2023-06-06,True
E12318,Mateo,Ibrahim,Finance,10116.32,2022-10-23,True
E12319,Lena,Silva,People,8051.53,2022-03-26,True
E12320,Rafael,Ibrahim,Sales,5783.96,2018-08-09,True
E12321,Priya,Haddad,Support,7898.1,2026-06-03,True
E12322,Ines,Mensah,People,12204.25,2022-08-24,True
E12323,Uma,Okafor,Marketing,6413.29,2021-02-01,True
E12324,Viktor,Nakamura,Operations,14846.54,2022-09-25,False
E12325,Lena,Novak,Legal,13966.5,2018-10-21,True
E12326,Ines,Schmidt,Legal,14360.83,2025-07-28,True
E12327,Jonas,Ibrahim,People,12878.36,2024-05-22,True
E12328,Aarav,Nair,Engineering,8705.53,2019-10-15,True
E12329,Lena,Dubois,Sales,10861.2,2018-09-03,True
E12330,Fatima,Mensah,Operations,7274.07,2025-03-05,True
E12331,Rafael,Dubois,Sales,2498.74,2018-01-27,True
E12332,Omar,Mensah,People,11005.13,2022-10-03,True
E12333,Jonas,Rossi,People,8789.17,2019-11-22,False
E12334,Aarav,Haddad,Engineering,11031.03,2021-02-26,False
E12335,Nadia,Ibrahim,Sales,3057.25,2026-01-16,True
E12336,Sara,Novak,Marketing,5107.24,2022-05-23,False
E12337,Omar,Schmidt,Marketing,8642.5,2022-02-28,True
E12338,Uma,Dubois,Operations,7549.03,2026-05-02,True
E12339,Kofi,Schmidt,Marketing,6443.0,2024-07-24,False
E12340,Amara,Nakamura,Engineering,11918.53,2020-12-19,True
E12341,Hugo,Moreau,Sales,8984.53,2023-06-18,True
E12342,Mateo,Haddad,Finance,5696.49,2021-09-13,True
E12343,Mateo,Nair,Legal,9294.21,2018-05-11,True
E12344,Rafael,Larsen,Engineering,14979.57,2024-07-24,True
E12345,Uma,Kowalski,Support,6683.51,2023-05-27,True
E12346,Nadia,Dubois,Marketing,3358.35,2021-11-07,True
E12347,Elena,Rossi,Finance,5673.63,2018-05-16,True
E12348,Ines,Costa,People,5077.63,2026-06-03,False
E12349,Nadia,Rossi,Engineering,2579.02,2026-07-10,True
E12350,Sara,Ibrahim,Marketing,9625.67,2024-03-10,True
E12351,Uma,Kowalski,Operations,9005.37,2021-11-11,False
E12352,Jonas,Ibrahim,Operations,8907.8,2026-03-08,True
E12353,Lena,Tanaka,Support,14274.41,2018-07-13,True
E12354,Elena,Mensah,Support,7978.29,2026-05-21,True
E12355,Jonas,Moreau,Operations,3444.3,2026-09-11,True
E12356,Chen,Moreau,People,4004.55,2020-04-25,True
E12357,Ines,Okafor,Legal,11811.61,2021-05-10,True
E12358,Kofi,Larsen,Marketing,9705.81,2023-03-11,False
E12359,Nadia,Larsen,Legal,9732.97,2020-01-26,True
E12360,Sara,Costa,Sales,4873.48,2021-03-11,True
E12361,Sara,Sato,Sales,7279.44,2025-08-25,True
E12362,Mateo,Moreau,Operations,9616.42,2019-01-02,True
E12363,Rafael,Silva,Engineering,2985.02,2018-04-16,True
E12364,Hugo,Sato,Marketing,6458.05,2019-09-15,True
E12365,Jonas,Tanaka,Legal,11264.7,2023-04-21,True
E12366,Hugo,Tanaka,Engineering,9594.24,2019-05-23,True
E12367,Kofi,Haddad,Legal,6137.64,2024-12-02,True
E12368,Ines,Petrov,People,11748.81,2020-02-23,True
E12369,Fatima,Silva,Operations,8784.11,2023-02-12,True
E12370,Amara,Okafor,Support,11691.25,2022-04-22,True
E12371,Aarav,Nakamura,Support,10341.42,2022-08-27,True
E12372,Mateo,Kowalski,People,8042.35,2018-04-08,True
E12373,Elena,Petrov,Legal,5414.76,2019-05-20,True
E12374,Fatima,Mensah,Engineering,9915.75,2026-07-26,False
E12375,Rafael,Ibrahim,Marketing,2707.33,2026-06-18,True
E12376,Ines,Moreau,Support,14819.74,2020-01-05,True
E12377,Uma,Petrov,People,8553.97,2019-10-08,True
E12378,Omar,Novak,Legal,14095.5,2026-05-04,True
E12379,Sara,Haddad,Sales,8537.5,2021-03-24,True
E12380,Rafael,Mensah,Sales,8355.06,2018-09-06,True
E12381,Elena,Okafor,Marketing,8520.53,2026-02-23,True
E12382,Lena,Tanaka,Sales,8998.69,2022-11-14,True
E12383,Chen,Costa,Operations,11954.6,2022-01-25,True
E12384,Zofia,Okafor,Finance,8844.46,2025-09-28,True
E12385,Uma,Dubois,Legal,11351.61,2026-02-26,False
E12386,Hugo,Petrov,Marketing,13541.14,2018-11-22,True
E12387,Omar,Silva,Support,5883.93,2026-02-01,True
E12388,Hugo,Kowalski,Marketing,10807.87,2021-01-15,True
E12389,Ines,Larsen,Legal,13736.68,2018-06-14,True
E12390,Hugo,Okafor,Legal,7936.52,2025-04-03,True
E12391,Chen,Nair,Marketing,7074.52,2023-05-20,True
E12392,Chen,Ibrahim,Operations,2469.88,2024-08-22,True
E12393,Viktor,Nair,People,10960.39,2018-07-28,False
E12394,Amara,Tanaka,Operations,2408.2,2026-05-08,True
E12395,Hugo,Rossi,Operations,3412.42,2019-01-28,True
E12396,Aarav,Ibrahim,Engineering,9511.54,2020-06-23,True
E12397,Elena,Schmidt,Finance,11421.49,2023-01-11,True
E12398,Tomasz,Dubois,Legal,13794.72,2026-08-13,True
E12399,Rafael,Nair,Finance,3742.55,2019-05-21,True
E12400,Fatima,Novak,Sales,7497.7,2020-02-19,True
E12401,Elena,Kowalski,Marketing,14771.24,2025-08-19,False
E12402,Fatima,Okafor,Sales,5020.02,2018-02-06,True
E12403,Jonas,Petrov,Support,8547.82,2021-07-24,False
E12404,Jonas,Haddad,Legal,4338.72,2020-04-05,True
E12405,Chen,Moreau,Operations,10091.41,2019-03-06,True
E12406,Jonas,Mensah,Support,11033.93,2021-04-24,True
E12407,Jonas,Silva,Support,8900.03,2025-09-24,True
E12408,Hugo,Novak,Finance,4869.1,2024-09-13,True
E12409,Elena,Dubois,Marketing,7245.97,2022-10-26,False
E12410,Nadia,Kowalski,Marketing,2937.68,2023-09-27,False
E12411,Jonas,Larsen,Support,5954.58,2023-10-11,True
E12412,Lena,Silva,Legal,14094.9,2020-04-19,True
E12413,Tomasz,Dubois,Engineering,3122.14,2019-12-27,True
E12414,Uma,Petrov,Legal,10727.52,2024-10-08,True
E12415,Uma,Tanaka,Operations,4475.92,2026-06-15,True
E12416,Zofia,Mensah,Marketing,11797.89,2020-05-28,True
E12417,Lena,Novak,Support,12071.24,2022-11-07,False
E12418,Omar,Ibrahim,Engineering,5885.65,2022-01-24,True
E12419,Aarav,Larsen,Marketing,5238.99,2024-07-25,True
E12420,Lena,Silva,Legal,12020.81,2019-11-08,True
E12421,Sara,Haddad,Finance,9279.4,2023-03-17,False
E12422,Ines,Okafor,Legal,9128.23,2024-01-14,True
E12423,Nadia,Tanaka,Engineering,10540.05,2023-04-26,True
E12424,Uma,Novak,Sales,7133.29,2024-12-25,True
E12425,Elena,Nakamura,Legal,4325.81,2019-04-12,True
E12426,Priya,Larsen,Finance,2554.95,2020-03-13,True
E12427,Viktor,Nair,Marketing,4231.78,2025-11-08,True
E12428,Tomasz,Costa,Operations,7944.28,2021-04-11,True
E12429,Zofia,Schmidt,Marketing,11312.15,2021-07-06,True
E12430,Kofi,Haddad,Sales,5752.0,2024-12-19,True
E12431,Elena,Novak,Support,8462.45,2021-05-17,True
E12432,Viktor,Mensah,Sales,7817.75,2026-01-04,True
E12433,Priya,Larsen,Sales,8491.78,2025-11-08,True
E12434,Elena,Larsen,Finance,12320.08,2025-08-03,True
E12435,Priya,Okafor,People,5848.46,2024-08-01,True
E12436,Hugo,Sato,Engineering,5596.61,2021-07-22,True
E12437,Ines,Costa,Marketing,2264.63,2019-11-05,True
E12438,Mateo,Costa,Engineering,14184.3,2026-07-28,False
E12439,Viktor,Silva,Sales,2319.41,2022-09-17,True
E12440,Mateo,Larsen,Legal,3157.87,2025-09-06,True
E12441,Rafael,Rossi,Legal,12763.96,2024-12-08,True
E12442,Zofia,Nakamura,Support,4267.5,2019-05-14,True
E12443,Priya,Silva,Engineering,9215.78,2022-10-22,True
E12444,Nadia,Dubois,People,8550.29,2023-01-15,True
E12445,Kofi,Ibrahim,People,9343.92,2024-06-06,True
E12446,Amara,Petrov,Marketing,6088.52,2026-03-12,True
E12447,Kofi,Schmidt,Support,6993.5,2021-06-12,True
E12448,Omar,Mensah,Marketing,13551.01,2022-06-04,True
E12449,Hugo,Silva,Engineering,13390.32,2021-03-11,True
E12450,Rafael,Larsen,Finance,5397.18,2018-09-07,True
E12451,Jonas,Kowalski,Engineering,10657.98,2019-09-18,True
E12452,Hugo,Moreau,People,4932.76,2022-02-19,True
E12453,Fatima,Rossi,Sales,5029.9,2023-06-26,True
E12454,Jonas,Costa,Marketing,14569.18,2021-12-09,True
E12455,Rafael,Nakamura,Engineering,13668.17,2021-09-18,True
E12456,Fatima,Mensah,Sales,10640.66,2023-01-12,True
E12457,Zofia,Petrov,Marketing,3799.3,2026-01-20,True
E12458,Ines,Novak,Sales,13323.0,2018-03-24,True
E12459,Hugo,Haddad,Legal,11092.22,2021-02-26,True
E12460,Kofi,Dubois,Operations,7355.87,2022-04-26,True
E12461,Viktor,Nakamura,Legal,4689.51,2020-07-16,True
E12462,Kofi,Mensah,People,7450.14,2025-03-11,True
E12463,Elena,Costa,Legal,6087.43,2022-10-01,True
E12464,Omar,Haddad,Engineering,3928.12,2023-10-18,True
E12465,Jonas,Dubois,Legal,4304.61,2025-04-18,True
E12466,Priya,Novak,Support,14112.06,2026-04-06,True
E12467,Nadia,Mensah,Marketing,2867.19,2018-08-18,True
E12468,Tomasz,Sato,Finance,11621.0,2022-12-01,True
E12469,Mateo,Rossi,Engineering,4836.95,2026-08-06,True
E12470,Jonas,Kowalski,Marketing,5428.47,2021-05-27,True
E12471,Lena,Larsen,People,12400.1,2024-08-09,True
E12472,Zofia,Larsen,People,14708.31,2018-05-10,True
E12473,Priya,Larsen,Marketing,9807.42,2023-07-07,True
E12474,Priya,Tanaka,Legal,9492.62,2021-09-22,True
E12475,Uma,Nakamura,Marketing,12942.4,2026-03-08,True
E12476,Fatima,Silva,Finance,12083.82,2019-03-02,True
E12477,Tomasz,Schmidt,Operations,5417.47,2018-12-23,True
E12478,Elena,Nakamura,Operations,12509.63,2025-05-08,True
E12479,Zofia,Okafor,Marketing,13077.85,2018-06-08,True
E12480,Omar,Silva,People,10260.26,2026-02-18,True
E12481,Kofi,Novak,Support,14480.2,2026-02-10,True
E12482,Mateo,Mensah,Engineering,8956.3,2021-12-16,True
E12483,Sara,Nair,Sales,14109.16,2022-05-12,False
E12484,Nadia,Schmidt,Support,12582.5,2019-03-09,True
E12485,Fatima,Rossi,Support,10877.73,2025-01-27,True
E12486,Zofia,Moreau,Support,10108.95,2021-01-27,True
E12487,Kofi,Rossi,Support,14709.04,2021-06-08,True
E12488,Nadia,Tanaka,Finance,8950.29,2022-01-15,True
E12489,Rafael,Nakamura,Marketing,9481.79,2023-06-24,False
E12490,Mateo,Mensah,Marketing,4002.62,2022-09-06,True
E12491,Rafael,Haddad,Support,14949.33,2023-01-13,True
E12492,Ines,Schmidt,People,10546.24,2025-02-02,False
E12493,Lena,Dubois,Marketing,6036.58,2023-11-09,True
E12494,Nadia,Nair,Sales,5060.86,2024-07-17,False
E12495,Mateo,Kowalski,Legal,8299.7,2023-04-22,True
E12496,Priya,Dubois,Support,14953.66,2018-11-23,False
E12497,Hugo,Dubois,Operations,11072.86,2022-10-17,False
E12498,Hugo,Okafor,Finance,2758.44,2019-01-01,True
E12499,Sara,Rossi,Support,12164.44,2021-03-07,False
E12500,Hugo,Larsen,Engineering,9980.87,2018-05-12,True
E12501,Priya,Mensah,Finance,5090.36,2020-04-17,True
E12502,Rafael,Larsen,People,6873.92,2026-08-16,False
E12503,Rafael,Haddad,Legal,13549.83,2020-11-02,True
E12504,Rafael,Larsen,Operations,8821.06,2020-09-18,True
E12505,Priya,Tanaka,People,3550.7,2019-04-15,True
E12506,Kofi,Nair,Legal,6329.92,2021-06-26,True
E12507,Sara,Haddad,People,8065.38,2018-05-21,True
E12508,Hugo,Haddad,People,3876.65,2023-07-08,True
E12509,Priya,Haddad,Finance,13503.06,2021-08-16,True
E12510,Aarav,Okafor,Legal,10460.05,2026-08-22,False
E12511,Sara,Haddad,Operations,14476.6,2024-04-06,True
E12512,Priya,Sato,Finance,8803.5,2025-01-09,True
E12513,Amara,Tanaka,Sales,13565.31,2023-07-21,True
E12514,Rafael,Kowalski,Support,11471.26,2019-11-27,True
E12515,Mateo,Okafor,Engineering,14641.7,2021-04-21,True
E12516,Kofi,Costa,Sales,11264.72,2019-02-06,True
E12517,Amara,Dubois,Legal,9615.65,2018-06-09,True
E12518,Uma,Okafor,Engineering,7737.03,2026-04-23,True
E12519,Sara,Costa,Marketing,13739.57,2019-03-21,True
E12520,Uma,Sato,Marketing,4508.09,2025-01-09,True
E12521,Omar,Haddad,Support,5412.6,2021-05-02,True
E12522,Omar,Larsen,Support,10588.53,2018-09-28,False
E12523,Jonas,Schmidt,Support,8177.54,2026-01-15,True
E12524,Uma,Nakamura,Legal,13263.34,2019-12-03,True
E12525,Elena,Rossi,Finance,3215.17,2023-11-17,True
E12526,Fatima,Costa,Sales,7793.84,2026-09-21,True
E12527,Uma,Mensah,Support,2492.45,2022-08-26,True
E12528,Nadia,Sato,Marketing,13706.38,2023-01-20,True
E12529,Zofia,Novak,Operations,4440.92,2020-05-20,True
E12530,Priya,Rossi,Engineering,12740.25,2021-03-11,True
E12531,Chen,Sato,Support,5628.44,2024-11-15,True
E12532,Nadia,Petrov,Engineering,13240.64,2024-03-05,True
E12533,Amara,Petrov,Engineering,6272.46,2023-01-17,False
E12534,Fatima,Larsen,Engineering,14808.72,2026-02-11,True
E12535,Kofi,Moreau,Engineering,11095.05,2018-09-15,True
E12536,Elena,Costa,Sales,4708.34,2018-09-08,True
E12537,Priya,Larsen,Finance,6065.97,2021-10-12,True
E12538,Mateo,Nair,Operations,7612.24,2018-06-27,False
E12539,Mateo,Costa,Support,12386.6,2024-10-19,True
E12540,Ines,Tanaka,Legal,9169.66,2023-05-14,True
E12541,Sara,Sato,Sales,2885.09,2026-03-23,True
E12542,Viktor,Novak,People,4048.36,2021-02-24,True
E12543,Aarav,Nakamura,Operations,13907.76,2020-07-23,False
E12544,Sara,Tanaka,Legal,9313.78,2025-06-17,True
E12545,Priya,Kowalski,Operations,6936.56,2024-08-03,True
E12546,Ines,Ibrahim,Finance,10970.75,2025-03-23,True
E12547,Kofi,Mensah,Legal,4051.96,2020-09-21,True
E12548,Zofia,Novak,Operations,3605.88,2023-09-19,True
E12549,Chen,Mensah,Legal,8753.28,2025-12-03,True
E12550,Elena,Novak,Legal,10956.86,2018-10-21,True
E12551,Lena,Sato,Operations,3606.93,2026-04-21,True
E12552,Omar,Ibrahim,People,7320.82,2022-02-24,True
E12553,Nadia,Nair,Engineering,6719.15,2020-11-26,True
E12554,Kofi,Tanaka,Support,3900.32,2019-10-14,True
E12555,Amara,Okafor,Sales,10780.81,2024-01-25,False
E12556,Elena,Larsen,Engineering,8055.47,2024-03-19,True
E12557,Mateo,Schmidt,Sales,3027.23,2025-10-17,True
E12558,Jonas,Silva,People,5799.4,2026-09-02,True
E12559,Elena,Kowalski,Engineering,9272.13,2023-07-05,False
E12560,Omar,Tanaka,Finance,2715.49,2022-03-06,True
E12561,Sara,Okafor,Marketing,12945.74,2018-10-28,True
E12562,Mateo,Rossi,Sales,14298.85,2024-10-27,True
E12563,Ines,Schmidt,Engineering,2553.72,2020-04-20,False
E12564,Fatima,Tanaka,Operations,10392.41,2023-06-18,True
E12565,Uma,Silva,Marketing,12079.74,2019-01-10,False
E12566,Nadia,Schmidt,Operations,8125.85,2025-10-28,True
E12567,Elena,Kowalski,Operations,3200.62,2024-11-08,True
E12568,Viktor,Larsen,Legal,6427.22,2022-06-08,False
E12569,Tomasz,Okafor,Engineering,14712.44,2025-05-26,True
E12570,Tomasz,Dubois,Marketing,8301.71,2021-01-13,True
E12571,Hugo,Nair,Marketing,9392.96,2025-10-25,True
E12572,Tomasz,Silva,Finance,12057.04,2023-01-28,True
E12573,Sara,Novak,Finance,8004.6,2026-08-20,True
E12574,Zofia,Okafor,Sales,4470.32,2021-02-10,True
E12575,Sara,Kowalski,Marketing,8730.07,2019-07-07,True
E12576,Sara,Tanaka,Support,7946.4,2025-08-06,True
E12577,Omar,Novak,Sales,11794.72,2026-08-13,True
E12578,Uma,Haddad,Engineering,10853.91,2020-03-25,False
E12579,Hugo,Haddad,Engineering,8264.79,2022-05-14,True
E12580,Ines,Dubois,Sales,3655.89,2022-03-23,True
E12581,Fatima,Costa,Marketing,5929.35,2020-10-21,True
E12582,Aarav,Rossi,Marketing,11389.07,2018-03-01,True
E12583,Priya,Haddad,People,6839.86,2023-07-16,False
E12584,Kofi,Petrov,People,3127.2,2026-01-27,True
E12585,Jonas,Dubois,Sales,10785.69,2026-07-16,True
E12586,Zofia,Nakamura,Sales,13911.01,2019-03-11,True
E12587,Aarav,Mensah,Legal,6046.83,2024-03-08,False
E12588,Priya,Mensah,Sales,12266.1,2022-07-15,True
E12589,Aarav,Tanaka,Support,8798.1,2022-04-12,True
E12590,Rafael,Nakamura,Marketing,14412.48,2019-05-20,True
E12591,Chen,Larsen,Finance,7094.15,2022-10-04,True
E12592,Omar,Sato,Operations,5433.4,2020-07-11,False
E12593,Rafael,Rossi,Marketing,7283.92,2024-03-14,True
E12594,Ines,Tanaka,Finance,13871.87,2020-05-26,False
E12595,Omar,Haddad,Engineering,2499.57,2025-12-21,False
E12596,Elena,Nakamura,Engineering,3307.82,2022-03-06,True
E12597,Ines,Haddad,Operations,13959.05,2019-04-23,True
E12598,Ines,Rossi,Support,6971.02,2024-05-03,True
E12599,Viktor,Nakamura,People,13996.0,2026-02-10,True
E12600,Omar,Novak,Marketing,8448.47,2024-03-25,True
E12601,Rafael,Larsen,Legal,4608.19,2019-03-02,False
E12602,Viktor,Silva,Marketing,13255.91,2023-09-09,True
E12603,Tomasz,Costa,Marketing,14520.26,2022-10-16,True
E12604,Fatima,Schmidt,Operations,14775.87,2025-09-19,True
E12605,Viktor,Ibrahim,Sales,4257.85,2020-05-13,True
E12606,Fatima,Dubois,Engineering,9980.53,2023-03-05,True
E12607,Viktor,Costa,People,6660.24,2025-06-12,True
E12608,Nadia,Schmidt,Marketing,2583.21,2018-07-24,True
E12609,Hugo,Novak,Legal,4884.87,2018-12-02,True
E12610,Ines,Sato,Operations,5481.54,2024-09-25,True
E12611,Nadia,Petrov,Finance,3901.55,2020-12-01,True
E12612,Ines,Nakamura,Finance,3682.4,2018-10-04,True
E12613,Viktor,Moreau,Finance,13190.04,2022-12-24,True
E12614,Ines,Costa,Support,3704.64,2021-03-16,True
E12615,Rafael,Tanaka,Engineering,13430.33,2026-02-08,True
E12616,Rafael,Silva,Legal,5880.42,2026-08-02,True
E12617,Viktor,Rossi,People,4322.54,2025-08-21,False
E12618,Tomasz,Larsen,People,5973.68,2018-08-18,True
E12619,Priya,Okafor,Operations,5875.58,2020-05-20,True
E12620,Lena,Petrov,Engineering,5261.18,2026-01-15,True
E12621,Tomasz,Rossi,Operations,11432.14,2023-01-09,False
E12622,Tomasz,Costa,Support,13423.65,2019-04-17,True
E12623,Tomasz,Nakamura,Sales,6137.0,2022-11-14,False
E12624,Mateo,Mensah,Sales,11297.96,2020-03-03,True
E12625,Fatima,Ibrahim,Sales,7557.84,2021-11-08,True
E12626,Omar,Ibrahim,Operations,7846.46,2021-10-25,True
E12627,Priya,Schmidt,Operations,12571.8,2025-06-22,True
E12628,Aarav,Rossi,Finance,6188.97,2020-06-07,True
E12629,Priya,Kowalski,Sales,2633.91,2018-09-21,True
E12630,Aarav,Nair,Legal,11201.3,2026-06-22,True
E12631,Elena,Silva,Operations,14925.27,2020-10-21,True
E12632,Lena,Kowalski,Operations,14564.62,2019-08-26,True
E12633,Uma,Nair,Finance,9201.38,2026-04-04,True
E12634,Zofia,Schmidt,Operations,5167.51,2020-08-16,True
E12635,Fatima,Novak,Support,6951.44,2018-02-22,True
E12636,Priya,Tanaka,Engineering,12681.83,2026-07-03,True
E12637,Aarav,Nakamura,Operations,13717.63,2019-06-11,True
E12638,Zofia,Larsen,Support,7688.24,2019-02-21,True
E12639,Lena,Schmidt,Engineering,4527.42,2021-03-18,False
E12640,Viktor,Schmidt,Legal,8262.69,2026-09-26,True
E12641,Sara,Sato,Sales,6916.79,2023-02-03,False
E12642,Rafael,Schmidt,Marketing,11770.07,2022-03-17,True
E12643,Fatima,Okafor,People,11422.9,2024-12-18,True
E12644,Uma,Larsen,Finance,6385.33,2018-08-24,True
E12645,Fatima,Costa,Finance,12638.9,2026-06-02,True
E12646,Aarav,Nakamura,Operations,14866.66,2021-02-20,True
E12647,Aarav,Petrov,Legal,11704.65,2018-02-24,True
E12648,Amara,Larsen,Engineering,10360.54,2021-10-15,False
E12649,Sara,Tanaka,Sales,2177.56,2020-11-11,True
E12650,Rafael,Petrov,Engineering,10801.21,2019-01-23,True
E12651,Chen,Rossi,Finance,10327.48,2025-04-09,True
E12652,Jonas,Mensah,Support,13379.15,2018-10-13,False
E12653,Rafael,Petrov,People,13018.34,2023-05-09,True
E12654,Amara,Novak,Support,3871.32,2026-01-24,True
E12655,Lena,Haddad,Finance,5554.03,2023-07-05,True
E12656,Nadia,Larsen,Sales,7233.81,2022-06-28,True
E12657,Zofia,Ibrahim,People,13885.33,2025-04-27,True
E12658,Sara,Silva,Engineering,7247.46,2022-03-26,True
E12659,Elena,Costa,Finance,14845.91,2026-05-16,True
E12660,Kofi,Ibrahim,Engineering,7597.02,2019-10-21,False
E12661,Hugo,Novak,Operations,13368.28,2018-02-09,False
E12662,Priya,Petrov,Support,12867.32,2018-10-28,False
E12663,Chen,Nair,Finance,3173.46,2026-05-27,True
E12664,Fatima,Dubois,Finance,13301.51,2026-08-16,True
E12665,Sara,Moreau,Sales,9961.99,2018-06-20,True
E12666,Sara,Nair,Operations,8581.82,2025-10-20,True
E12667,Lena,Silva,Legal,9093.46,2025-08-22,True
E12668,Jonas,Nakamura,Support,8951.54,2026-01-10,True
E12669,Ines,Kowalski,Engineering,2408.05,2019-05-21,True
E12670,Mateo,Tanaka,Engineering,6653.68,2018-08-04,True
E12671,Uma,Silva,Support,8832.23,2022-04-25,True
E12672,Jonas,Dubois,Finance,3831.58,2022-11-13,True
E12673,Mateo,Kowalski,Marketing,3653.47,2026-06-11,True
E12674,Lena,Mensah,Operations,11921.64,2022-10-19,True
E12675,Chen,Petrov,Engineering,7267.67,2020-12-10,True
E12676,Elena,Nakamura,Sales,14712.45,2018-06-02,False
E12677,Mateo,Mensah,Sales,6805.52,2025-08-16,False
E12678,Priya,Costa,Finance,13332.01,2020-09-15,True
E12679,Chen,Nair,Finance,2800.49,2020-10-11,True
E12680,Mateo,Rossi,Legal,14932.47,2026-06-11,False
E12681,Jonas,Ibrahim,Finance,9879.65,2019-06-14,True
E12682,Tomasz,Okafor,Operations,4799.5,2020-01-15,True
E12683,Rafael,Nair,Sales,4154.75,2021-12-10,True
E12684,Zofia,Sato,Finance,3108.47,2021-08-11,True
E12685,Priya,Moreau,Operations,9696.33,2020-06-26,True
E12686,Mateo,Ibrahim,Support,10782.06,2018-07-27,True
E12687,Sara,Schmidt,Legal,3194.88,2022-01-04,True
E12688,Amara,Nair,Marketing,6583.76,2020-03-15,True
E12689,Chen,Sato,Operations,13392.63,2024-08-07,True
E12690,Zofia,Larsen,People,8336.09,2021-05-10,True
E12691,Nadia,Ibrahim,People,2202.52,2020-02-27,True
E12692,Kofi,Sato,Finance,4094.17,2024-01-06,True
E12693,Aarav,Nair,People,4193.69,2018-11-04,False
E12694,Aarav,Schmidt,Marketing,6555.9,2024-08-10,True
E12695,Hugo,Schmidt,Finance,10504.27,2024-04-01,True
E12696,Ines,Larsen,Support,13171.99,2025-08-10,False
E12697,Omar,Okafor,People,11406.94,2019-09-17,False
E12698,Nadia,Schmidt,Operations,10311.8,2020-02-17,False
E12699,Rafael,Moreau,Legal,10348.5,2019-12-08,True
E12700,Jonas,Sato,People,3791.73,2019-07-05,True
E12701,Tomasz,Silva,Finance,7124.92,2020-01-22,True
E12702,Kofi,Kowalski,Marketing,4615.03,2025-08-22,True
E12703,Omar,Nair,Legal,5772.38,2023-03-22,True
E12704,Viktor,Schmidt,Finance,12727.78,2020-08-19,True
E12705,Jonas,Sato,Marketing,13113.78,2026-02-05,False
E12706,Ines,Sato,Marketing,4380.73,2022-12-22,True
E12707,Elena,Petrov,Operations,4149.89,2018-10-07,True
E12708,Zofia,Tanaka,Engineering,6250.67,2019-02-13,True
E12709,Chen,Larsen,Finance,9099.46,2026-04-17,True
E12710,Rafael,Ibrahim,Support,7740.49,2026-06-20,False
E12711,Mateo,Nakamura,Legal,9403.61,2022-02-13,True
E12712,Elena,Moreau,Operations,4554.9,2020-06-24,True
E12713,Lena,Petrov,Sales,3400.24,2020-12-28,True
E12714,Viktor,Haddad,Engineering,12019.63,2023-12-10,True
E12715,Amara,Haddad,Legal,4254.08,2019-06-20,True
E12716,Kofi,Kowalski,Sales,13223.51,2020-03-11,True
E12717,Mateo,Okafor,Legal,10734.76,2023-08-22,True
E12718,Uma,Petrov,Engineering,5677.41,2019-02-05,True
E12719,Aarav,Larsen,Operations,8935.07,2021-10-21,False
E12720,Elena,Tanaka,Marketing,5224.05,2020-03-23,True
E12721,Mateo,Sato,Sales,8941.17,2019-02-15,True
E12722,Fatima,Costa,People,6212.33,2024-02-27,True
E12723,Chen,Haddad,Sales,11062.31,2025-01-04,True
E12724,Elena,Sato,Marketing,11382.96,2024-05-11,True
E12725,Zofia,Tanaka,Marketing,7210.1,2019-12-05,True
E12726,Lena,Nair,People,10848.62,2026-05-28,True
E12727,Viktor,Ibrahim,Support,2743.4,2020-12-04,True
E12728,Elena,Moreau,Sales,8447.31,2021-06-24,True
E12729,Uma,Dubois,Marketing,11178.7,2021-05-22,True
E12730,Elena,Tanaka,Sales,2357.83,2026-05-26,False
E12731,Priya,Nair,Operations,6099.4,2020-10-14,True
E12732,Sara,Petrov,Operations,13923.68,2021-02-16,True
E12733,Chen,Silva,Marketing,14819.69,2024-04-01,False
E12734,Kofi,Moreau,Sales,9293.86,2026-04-10,True
E12735,Uma,Costa,Operations,11363.54,2018-08-22,True
E12736,Omar,Sato,Sales,3493.03,2021-09-16,True
E12737,Fatima,Tanaka,Marketing,14660.93,2024-01-14,True
E12738,Jonas,Kowalski,Finance,3870.51,2018-10-05,True
E12739,Ines,Larsen,Marketing,7759.43,2025-11-23,True
E12740,Nadia,Sato,People,11967.22,2022-04-14,True
E12741,Jonas,Ibrahim,Engineering,7707.45,2026-01-05,True
E12742,Aarav,Nakamura,Sales,5842.23,2021-03-02,True
E12743,Omar,Larsen,Engineering,7883.73,2025-02-10,True
E12744,Rafael,Haddad,Finance,9595.51,2024-02-21,True
E12745,Amara,Okafor,Legal,9320.45,2024-01-03,True
E12746,Jonas,Sato,Support,9471.69,2022-11-01,True
E12747,Omar,Sato,Support,13696.36,2026-08-23,True
E12748,Zofia,Kowalski,Marketing,8830.84,2021-09-10,True
E12749,Mateo,Schmidt,Engineering,6399.8,2020-10-01,True
E12750,Lena,Silva,Support,6855.41,2023-04-18,False
E12751,Hugo,Sato,Support,13325.1,2026-09-27,True
E12752,Fatima,Okafor,Marketing,10903.83,2019-12-16,True
E12753,Fatima,Kowalski,Support,5748.85,2018-11-01,True
E12754,Uma,Okafor,Operations,4184.54,2025-03-24,True
E12755,Kofi,Schmidt,Engineering,12488.87,2021-11-26,False
E12756,Nadia,Dubois,Marketing,7589.54,2024-07-22,True
E12757,Viktor,Ibrahim,Support,12130.44,2023-04-15,True
E12758,Elena,Nakamura,Operations,3902.23,2018-06-13,True
E12759,Tomasz,Tanaka,Finance,5598.29,2026-02-25,False
E12760,Fatima,Rossi,Engineering,7162.1,2026-02-20,True
E12761,Tomasz,Costa,Sales,6265.82,2019-04-02,True
E12762,Tomasz,Moreau,Engineering,3219.11,2021-09-23,True
E12763,Priya,Moreau,People,2570.54,2018-11-19,True
E12764,Hugo,Dubois,Legal,4953.37,2025-03-12,True
E12765,Jonas,Okafor,Sales,14841.33,2024-08-03,False
E12766,Hugo,Sato,Support,2631.87,2021-08-17,True
E12767,Ines,Rossi,Engineering,3146.9,2018-12-17,False
E12768,Kofi,Petrov,Support,11197.63,2023-08-22,True
E12769,Jonas,Mensah,Finance,10571.55,2023-07-27,True
E12770,Aarav,Silva,People,13844.02,2021-09-14,True
E12771,Fatima,Tanaka,Marketing,11559.2,2018-08-08,True
E12772,Priya,Nakamura,Legal,8347.89,2021-10-01,True
E12773,Hugo,Nakamura,Sales,2657.3,2024-06-20,True
E12774,Chen,Silva,Engineering,12140.86,2024-08-19,True
E12775,Priya,Sato,Finance,4101.29,2025-10-07,True
E12776,Amara,Schmidt,Sales,7309.59,2024-07-03,True
E12777,Omar,Ibrahim,Sales,10314.64,2026-07-02,True
E12778,Ines,Mensah,Legal,5778.02,2024-10-21,False
E12779,Ines,Nair,Marketing,8687.54,2019-08-28,True
E12780,Lena,Kowalski,Finance,10341.22,2021-07-06,True
E12781,Tomasz,Okafor,Finance,8271.71,2020-08-03,False
E12782,Rafael,Rossi,Legal,8351.28,2026-01-10,False
E12783,Fatima,Okafor,Engineering,10190.83,2022-11-18,True
E12784,Omar,Ibrahim,Support,6989.74,2022-04-23,True
E12785,Elena,Mensah,People,10881.97,2021-12-14,True
E12786,Kofi,Ibrahim,Marketing,4006.86,2020-02-24,True
E12787,Hugo,Schmidt,Finance,12432.36,2023-01-27,True
E12788,Viktor,Nair,Operations,12018.22,2024-02-08,False
E12789,Priya,Sato,Engineering,14079.92,2021-04-07,True
E12790,Amara,Costa,Support,12759.93,2020-12-08,True
E12791,Rafael,Haddad,Sales,9784.84,2025-07-16,True
E12792,Lena,Sato,Marketing,8201.2,2023-08-08,False
E12793,Mateo,Moreau,Engineering,6075.24,2025-07-11,True
E12794,Tomasz,Silva,Support,2528.29,2020-12-22,True
E12795,Viktor,Rossi,Marketing,6353.07,2023-04-11,True
E12796,Mateo,Novak,Support,3051.01,2018-09-14,False
E12797,Chen,Petrov,Legal,5984.34,2020-05-09,True
E12798,Chen,Moreau,Support,13654.92,2018-08-13,True
E12799,Rafael,Novak,Finance,14773.73,2019-03-02,False
E12800,Jonas,Dubois,Support,11397.93,2020-08-19,True
E12801,Rafael,Nair,Legal,3832.59,2026-08-28,True
E12802,Chen,Moreau,Support,13035.38,2026-04-21,True
E12803,Viktor,Schmidt,Legal,10402.7,2018-05-22,True
E12804,Mateo,Nair,Marketing,12873.8,2019-10-17,False
E12805,Fatima,Nair,Marketing,11750.29,2023-11-17,False
E12806,Ines,Tanaka,Legal,4211.66,2024-03-19,True
E12807,Mateo,Larsen,Finance,4191.97,2025-02-12,True
E12808,Uma,Silva,People,3646.89,2024-10-02,True
E12809,Mateo,Ibrahim,People,11047.7,2023-03-11,True
E12810,Elena,Sato,Engineering,4733.17,2018-09-03,True
E12811,Rafael,Schmidt,Operations,13890.07,2025-10-18,True
E12812,Viktor,Ibrahim,Marketing,9980.37,2018-04-12,False
E12813,Hugo,Haddad,Support,10949.36,2018-08-09,True
E12814,Tomasz,Novak,People,6105.06,2025-04-11,True
E12815,Priya,Petrov,Support,8040.18,2020-09-01,True
E12816,Rafael,Ibrahim,Sales,10122.37,2019-02-12,True
E12817,Amara,Moreau,Sales,11935.95,2021-12-05,True
E12818,Fatima,Mensah,Sales,6899.76,2024-10-25,True
E12819,Fatima,Nair,Engineering,4632.45,2022-12-16,True
E12820,Uma,Rossi,People,10067.91,2026-02-04,True
E12821,Elena,Larsen,People,3549.9,2021-09-06,True
E12822,Mateo,Sato,Sales,9085.1,2023-09-03,True
E12823,Chen,Moreau,People,3937.93,2022-12-14,True
E12824,Sara,Ibrahim,Sales,11496.64,2019-09-18,True
E12825,Chen,Rossi,Support,11170.01,2021-09-23,True
E12826,Tomasz,Mensah,Support,3030.62,2021-02-15,False
E12827,Zofia,Novak,Marketing,12287.53,2021-03-24,True
E12828,Fatima,Haddad,Engineering,13550.82,2021-10-02,True
E12829,Amara,Nair,People,13600.01,2024-03-26,True
E12830,Lena,Tanaka,People,10128.59,2026-04-13,False
E12831,Tomasz,Larsen,Operations,13130.06,2025-09-20,True
E12832,Ines,Ibrahim,Operations,8010.26,2022-05-14,True
E12833,Tomasz,Moreau,Legal,12820.18,2025-08-10,True
E12834,Chen,Ibrahim,People,3933.86,2020-11-04,True
E12835,Jonas,Petrov,Engineering,13934.92,2022-07-01,False
E12836,Uma,Kowalski,Legal,6943.21,2022-01-02,True
E12837,Aarav,Kowalski,People,9599.97,2018-01-05,True
E12838,Ines,Schmidt,Marketing,13360.73,2025-08-04,True
E12839,Kofi,Larsen,People,5933.75,2019-05-22,True
E12840,Tomasz,Okafor,People,10028.7,2025-01-06,True
E12841,Lena,Costa,Engineering,12232.72,2025-07-16,True
E12842,Jonas,Moreau,Sales,10955.65,2019-06-18,True
E12843,Kofi,Tanaka,Sales,4772.95,2026-09-17,True
E12844,Omar,Petrov,Sales,8244.48,2023-10-08,False
E12845,Aarav,Larsen,Support,13185.96,2025-01-04,True
E12846,Fatima,Rossi,Finance,8260.73,2021-03-28,True
E12847,Tomasz,Petrov,Operations,4721.63,2018-04-16,True
E12848,Nadia,Schmidt,Marketing,6908.0,2021-09-13,True
E12849,Nadia,Silva,Finance,10270.56,2021-05-27,True
E12850,Elena,Ibrahim,Sales,6230.29,2023-08-13,False
E12851,Nadia,Ibrahim,Operations,13182.64,2023-05-26,False
E12852,Amara,Schmidt,People,10758.63,2025-07-01,False
E12853,Zofia,Nakamura,Finance,2646.16,2019-06-08,True
E12854,Mateo,Petrov,Sales,13869.24,2023-08-01,True
E12855,Mateo,Larsen,Legal,7118.16,2026-06-28,True
E12856,Hugo,Nakamura,Engineering,3394.77,2020-01-09,True
E12857,Ines,Nakamura,Marketing,5384.35,2020-04-25,True
E12858,Mateo,Nakamura,Sales,8905.14,2025-07-04,True
E12859,Sara,Rossi,People,10773.77,2020-05-25,True
E12860,Rafael,Schmidt,Operations,2613.91,2026-09-04,True
E12861,Elena,Dubois,Finance,9518.42,2019-11-09,True
E12862,Zofia,Novak,Finance,12895.47,2024-01-22,True
E12863,Rafael,Novak,Support,10870.95,2024-09-17,True
E12864,Chen,Novak,People,6589.37,2024-06-02,True
E12865,Zofia,Schmidt,Sales,11044.9,2021-10-06,False
E12866,Priya,Dubois,Support,6274.49,2018-06-04,False
E12867,Nadia,Sato,People,13159.9,2022-02-24,False
E12868,Tomasz,Kowalski,Engineering,12433.83,2020-05-03,True
E12869,Chen,Costa,Marketing,11071.82,2018-09-02,True
E12870,Fatima,Rossi,Sales,8709.32,2021-02-17,True
E12871,Nadia,Tanaka,Finance,9334.86,2018-03-21,True
E12872,Chen,Mensah,Operations,7448.16,2018-05-14,True
E12873,Zofia,Haddad,People,9655.91,2023-03-02,True
E12874,Nadia,Novak,Engineering,10878.54,2019-10-06,False
E12875,Omar,Dubois,Operations,2775.51,2025-12-10,True
E12876,Lena,Nair,Operations,2910.14,2025-01-22,False
E12877,Amara,Mensah,Engineering,8703.13,2022-05-19,True
E12878,Zofia,Ibrahim,Finance,5425.66,2021-10-28,True
E12879,Zofia,Kowalski,Sales,12280.76,2025-03-28,True
E12880,Mateo,Moreau,Sales,7185.2,2018-10-18,True
E12881,Nadia,Ibrahim,Sales,9063.0,2021-01-20,True
E12882,Viktor,Silva,Operations,2677.28,2022-04-19,True
E12883,Fatima,Ibrahim,People,10212.34,2019-01-02,True
E12884,Zofia,Costa,Engineering,9785.16,2020-09-13,True
E12885,Amara,Okafor,Legal,11701.37,2019-09-24,False
E12886,Rafael,Moreau,Legal,4862.53,2019-07-26,True
E12887,Kofi,Okafor,Support,4090.82,2024-01-03,True
E12888,Priya,Costa,Legal,4233.54,2021-10-08,True
E12889,Jonas,Kowalski,Support,3935.52,2026-09-18,False
E12890,Mateo,Sato,Sales,13750.78,2021-10-27,True
E12891,Kofi,Nakamura,Legal,6973.5,2018-09-02,True
E12892,Viktor,Schmidt,Marketing,8878.33,2020-03-26,True
E12893,Kofi,Tanaka,Sales,10487.2,2022-11-03,True
E12894,Hugo,Ibrahim,Finance,8470.41,2020-05-11,True
E12895,Tomasz,Kowalski,People,10024.23,2022-05-02,True
E12896,Rafael,Nair,Operations,3650.37,2021-03-22,True
E12897,Zofia,Dubois,People,3550.86,2021-07-15,True
E12898,Aarav,Tanaka,People,4829.45,2024-10-21,True
E12899,Priya,Nakamura,Legal,14644.49,2020-03-20,True
E12900,Aarav,Sato,Finance,14233.71,2018-06-05,True
E12901,Amara,Schmidt,Finance,2448.79,2021-02-24,True
E12902,Aarav,Tanaka,Operations,13141.35,2021-11-26,True
E12903,Zofia,Nakamura,Support,14335.92,2024-09-03,True
E12904,Mateo,Nair,Legal,12787.11,2026-01-23,True
E12905,Lena,Schmidt,People,14051.11,2025-06-15,True
E12906,Rafael,Okafor,Engineering,10810.86,2022-03-25,False
E12907,Priya,Mensah,Support,14297.11,2025-09-27,True
E12908,Viktor,Novak,Support,2390.07,2022-02-11,True
E12909,Omar,Sato,People,14649.68,2022-09-11,True
E12910,Amara,Ibrahim,Engineering,14936.82,2022-02-23,True
E12911,Mateo,Costa,Support,12738.24,2018-06-25,True
E12912,Tomasz,Rossi,Support,4309.74,2024-12-09,False
E12913,Ines,Tanaka,Support,7102.05,2018-06-03,True
E12914,Sara,Silva,Engineering,13692.77,2025-02-20,True
E12915,Omar,Tanaka,People,6742.25,2019-08-05,True
E12916,Nadia,Rossi,Operations,8452.55,2026-05-14,True
E12917,Elena,Haddad,Finance,12361.01,2024-09-06,True
E12918,Nadia,Okafor,Engineering,3711.29,2024-10-14,True
E12919,Chen,Haddad,Engineering,3145.9,2026-06-27,True
E12920,Hugo,Nakamura,Operations,6886.25,2019-03-21,False
E12921,Elena,Silva,Engineering,2752.97,2025-04-01,True
E12922,Sara,Larsen,Marketing,9434.31,2023-09-19,True
E12923,Jonas,Ibrahim,Operations,13632.1,2020-05-05,True
E12924,Priya,Silva,Legal,13003.42,2025-06-27,True
E12925,Uma,Nakamura,Finance,11518.14,2018-12-10,True
E12926,Tomasz,Schmidt,Support,8310.27,2018-01-06,True
E12927,Lena,Schmidt,Legal,7973.83,2020-10-23,True
E12928,Ines,Ibrahim,Finance,10442.66,2019-06-03,True
E12929,Hugo,Schmidt,Engineering,11957.78,2020-02-12,False
E12930,Zofia,Schmidt,Support,3855.71,2018-11-04,True
E12931,Kofi,Novak,Operations,8218.99,2023-10-03,True
E12932,Aarav,Nair,Operations,5857.57,2019-03-21,True
E12933,Sara,Rossi,Sales,8617.2,2025-12-20,True
E12934,Nadia,Nakamura,Finance,10583.52,2020-04-15,False
E12935,Chen,Kowalski,Sales,13880.09,2023-02-20,False
E12936,Rafael,Petrov,Operations,10159.04,2025-08-24,True
E12937,Uma,Sato,Legal,12987.4,2023-12-15,True
E12938,Chen,Larsen,Marketing,4924.11,2022-02-23,True
E12939,Elena,Mensah,Legal,3056.41,2018-10-16,True
E12940,Mateo,Ibrahim,Operations,14774.15,2020-01-22,True
E12941,Omar,Haddad,Finance,2214.68,2022-12-17,True
E12942,Lena,Petrov,Legal,7608.01,2020-07-05,True
E12943,Amara,Dubois,Sales,8273.24,2021-12-13,True
E12944,Ines,Okafor,People,5670.86,2024-03-02,True
E12945,Uma,Kowalski,Support,10676.73,2021-11-10,True
E12946,Uma,Novak,Marketing,8977.48,2021-02-10,True
E12947,Elena,Rossi,Legal,9016.31,2021-08-01,True
E12948,Aarav,Moreau,Finance,11863.83,2022-10-11,False
E12949,Uma,Silva,People,9310.83,2023-05-05,True
E12950,Kofi,Petrov,Sales,5423.46,2022-03-09,True
E12951,Kofi,Schmidt,Sales,11928.27,2020-05-15,True
E12952,Ines,Dubois,Finance,3414.69,2019-04-06,True
E12953,Jonas,Ibrahim,Marketing,13691.75,2018-02-07,True
E12954,Kofi,Petrov,Legal,3193.47,2026-02-27,True
E12955,Elena,Petrov,People,11792.11,2025-08-14,True
E12956,Aarav,Rossi,Operations,11211.0,2018-10-08,False
E12957,Kofi,Schmidt,Support,7201.96,2025-08-01,True
E12958,Tomasz,Ibrahim,Sales,6504.95,2024-01-28,True
E12959,Aarav,Mensah,Legal,7060.47,2022-09-27,True
E12960,Fatima,Moreau,People,10729.56,2026-06-01,True
E12961,Rafael,Sato,Support,11822.28,2022-05-07,False
E12962,Nadia,Rossi,Operations,7853.99,2020-06-07,True
E12963,Ines,Rossi,Operations,6828.14,2024-01-26,True
E12964,Elena,Mensah,Engineering,13325.78,2021-06-25,True
E12965,Omar,Nair,Finance,9139.22,2018-11-22,True
E12966,Elena,Schmidt,Operations,2551.14,2024-05-06,False
E12967,Lena,Moreau,Sales,10608.45,2018-09-17,True
E12968,Elena,Sato,Finance,10859.7,2025-05-16,True
E12969,Zofia,Haddad,Operations,8535.04,2023-04-13,True
E12970,Kofi,Haddad,Legal,3429.24,2023-02-25,False
E12971,Mateo,Rossi,Support,11926.82,2024-03-19,True
E12972,Chen,Moreau,People,14418.29,2019-12-24,False
E12973,Nadia,Sato,Support,2850.3,2026-08-13,True
E12974,Aarav,Mensah,Support,2995.28,2020-05-02,True
E12975,Uma,Novak,Finance,8971.5,2024-11-06,True
E12976,Rafael,Novak,Engineering,3329.48,2020-06-15,True
E12977,Nadia,Sato,Finance,2495.26,2026-01-12,False
E12978,Sara,Ibrahim,Marketing,6577.41,2021-05-16,True
E12979,Aarav,Kowalski,People,2879.28,2024-12-04,True
E12980,Jonas,Rossi,Sales,11696.1,2021-08-04,False
E12981,Jonas,Schmidt,People,9501.8,2021-01-20,True
E12982,Fatima,Ibrahim,People,13690.93,2025-08-25,True
E12983,Aarav,Nakamura,Support,13391.85,2025-01-26,True
E12984,Nadia,Petrov,Engineering,13443.74,2024-11-05,True
E12985,Viktor,Dubois,Finance,2868.84,2018-11-15,True
E12986,Kofi,Novak,Finance,8708.71,2024-04-16,True
E12987,Priya,Nair,People,11658.21,2020-03-26,True
E12988,Rafael,Novak,Engineering,3925.42,2025-02-20,True
E12989,Kofi,Larsen,Engineering,2245.42,2019-10-28,True
E12990,Nadia,Rossi,Operations,5354.33,2018-08-22,False
E12991,Nadia,Moreau,Support,14230.64,2019-07-17,True
E12992,Uma,Okafor,Operations,7445.39,2020-04-17,False
E12993,Priya,Nair,Operations,10378.58,2020-11-06,True
E12994,Aarav,Costa,Marketing,10872.59,2026-08-03,True
E12995,Tomasz,Petrov,Operations,4870.09,2019-04-17,True
E12996,Amara,Mensah,Engineering,12804.62,2022-03-20,True
E12997,Omar,Nair,Marketing,10313.71,2022-04-17,True
E12998,Rafael,Novak,Marketing,7436.62,2024-06-08,True
E12999,Rafael,Nakamura,Legal,9614.43,2021-07-25,True
E13000,Mateo,Rossi,Operations,10282.52,2021-11-27,True
