order_id,customer,amount,ccy,trade_date,active
O00001,Initech,4739.85,USD,2026-01-12,True
O00002,Initech,2918.11,CHF,2026-04-11,True
O00003,Umbrella,2096.68,EUR,2026-02-27,False
O00004,ACME,4135.99,EUR,2026-04-28,True
O00005,Hooli,2931.85,EUR,2026-04-11,True
O00006,Initech,2101.5,CHF,2026-02-28,False
O00007,Hooli,4082.47,EUR,2026-02-28,True
O00008,Initech,496.18,CHF,2026-02-28,True
O00009,Hooli,1037.73,CHF,2026-09-23,False
O00010,Umbrella,2931.95,USD,2026-06-19,True
O00011,Globex,3497.98,EUR,2026-02-28,False
O00012,Hooli,2480.63,USD,2026-08-19,True
O00013,ACME,2564.54,EUR,2026-06-14,False
O00014,Umbrella,205.64,CHF,2026-02-27,False
O00015,Initech,3479.52,CHF,2026-08-28,False
O00016,ACME,4201.44,USD,2026-08-12,True
O00017,Initech,3239.17,CHF,2026-08-19,False
O00018,Initech,122.59,USD,2026-06-15,True
O00019,Umbrella,304.18,USD,2026-03-17,False
O00020,Umbrella,4584.91,USD,2026-02-15,False
O00021,Umbrella,2751.71,EUR,2026-07-27,False
O00022,Umbrella,4932.47,CHF,2026-07-17,True
O00023,ACME,889.33,EUR,2026-04-10,False
O00024,Hooli,919.89,USD,2026-01-14,False
O00025,Hooli,1852.58,CHF,2026-06-14,True
O00026,Umbrella,4498.67,CHF,2026-09-22,False
O00027,Umbrella,1976.66,USD,2026-07-11,True
O00028,ACME,4923.49,USD,2026-03-13,False
O00029,Hooli,272.35,EUR,2026-03-27,True
O00030,Initech,3072.55,EUR,2026-04-22,True
O00031,Initech,4777.79,CHF,2026-06-25,True
O00032,ACME,4246.2,USD,2026-08-25,False
O00033,ACME,729.15,CHF,2026-06-18,False
O00034,Globex,2586.51,EUR,2026-09-21,True
O00035,Hooli,4571.59,CHF,2026-05-12,False
O00036,Hooli,1839.83,EUR,2026-06-17,False
O00037,Globex,3070.01,EUR,2026-04-22,True
O00038,Globex,2593.02,USD,2026-01-10,False
O00039,Umbrella,1303.28,CHF,2026-06-24,False
O00040,Initech,411.89,EUR,2026-04-25,True
O00041,Initech,1029.82,CHF,2026-01-25,False
O00042,ACME,4174.9,EUR,2026-07-16,False
O00043,Globex,2175.29,CHF,2026-06-12,False
O00044,Umbrella,2012.92,EUR,2026-03-15,True
O00045,ACME,764.24,USD,2026-03-25,False
O00046,Globex,2747.81,EUR,2026-01-10,True
O00047,Hooli,3749.99,EUR,2026-07-16,True
O00048,ACME,1266.66,USD,2026-09-17,False
O00049,Initech,2726.32,EUR,2026-01-21,False
O00050,Hooli,4077.08,CHF,2026-07-26,True
O00051,Hooli,767.66,CHF,2026-01-24,True
O00052,Hooli,29.62,EUR,2026-03-14,False
O00053,Hooli,3628.71,CHF,2026-01-20,False
O00054,ACME,4417.31,EUR,2026-04-16,False
O00055,ACME,3863.58,CHF,2026-08-27,True
O00056,ACME,2221.81,CHF,2026-09-26,True
O00057,Initech,2267.21,CHF,2026-08-26,True
O00058,Hooli,4383.91,USD,2026-09-16,False
O00059,Globex,2089.02,USD,2026-08-20,True
O00060,Globex,2147.41,EUR,2026-05-13,True
O00061,Initech,723.47,EUR,2026-08-17,True
O00062,Umbrella,4425.82,EUR,2026-04-15,False
O00063,Hooli,2025.01,USD,2026-04-21,False
O00064,ACME,3613.53,EUR,2026-06-27,False
O00065,Umbrella,3518.73,USD,2026-06-26,False
O00066,Hooli,4804.27,EUR,2026-04-13,True
O00067,Initech,1366.88,EUR,2026-05-14,False
O00068,Initech,2035.68,CHF,2026-09-28,False
O00069,Initech,456.42,EUR,2026-03-23,True
O00070,Initech,4692.37,CHF,2026-02-18,True
O00071,Hooli,4282.58,EUR,2026-05-13,False
O00072,ACME,1702.37,CHF,2026-07-18,True
O00073,ACME,2639.31,EUR,2026-02-15,False
O00074,ACME,913.92,USD,2026-05-26,True
O00075,Initech,2233.98,CHF,2026-03-18,False
O00076,ACME,4972.55,EUR,2026-01-10,True
O00077,Hooli,2379.06,USD,2026-02-23,False
O00078,Hooli,4174.72,USD,2026-09-19,True
O00079,Globex,1720.1,CHF,2026-03-22,False
O00080,ACME,4186.57,EUR,2026-02-18,False
O00081,Globex,286.45,CHF,2026-07-26,False
O00082,Hooli,1218.64,USD,2026-01-24,True
O00083,Globex,1352.49,EUR,2026-05-21,False
O00084,Hooli,1624.43,EUR,2026-05-16,False
O00085,Globex,15.33,USD,2026-02-25,False
O00086,Hooli,3283.53,EUR,2026-09-10,True
O00087,Initech,4087.05,EUR,2026-07-28,True
O00088,Umbrella,122.25,USD,2026-04-12,True
O00089,Hooli,1953.69,USD,2026-08-14,False
O00090,Hooli,3219.67,EUR,2026-09-23,True
O00091,Hooli,3766.81,CHF,2026-01-28,True
O00092,ACME,165.49,EUR,2026-06-13,False
O00093,Umbrella,2797.05,CHF,2026-01-27,True
O00094,Umbrella,1326.33,USD,2026-02-26,True
O00095,Hooli,339.59,CHF,2026-08-18,True
O00096,Initech,1181.58,EUR,2026-04-24,False
O00097,Umbrella,392.93,CHF,2026-05-11,True
O00098,ACME,3002.53,USD,2026-05-19,True
O00099,ACME,2417.28,USD,2026-05-13,True
O00100,Umbrella,1461.37,CHF,2026-05-24,False
O00101,Umbrella,3838.18,CHF,2026-04-19,True
O00102,Umbrella,97.35,USD,2026-02-26,False
O00103,Initech,1940.37,EUR,2026-02-28,True
O00104,Globex,3739.96,USD,2026-06-14,False
O00105,ACME,3519.65,EUR,2026-08-25,False
O00106,ACME,803.74,USD,2026-08-22,False
O00107,Globex,2086.74,USD,2026-06-13,False
O00108,ACME,1629.49,USD,2026-07-13,True
O00109,ACME,4508.82,USD,2026-05-21,True
O00110,Umbrella,1956.9,CHF,2026-02-21,False
O00111,Initech,4272.73,USD,2026-02-11,False
O00112,Globex,1254.13,USD,2026-07-26,False
O00113,Globex,3868.19,USD,2026-01-22,True
O00114,ACME,256.89,CHF,2026-07-24,True
O00115,Initech,2433.02,CHF,2026-03-15,False
O00116,Umbrella,1724.88,USD,2026-05-18,False
O00117,Globex,1511.17,CHF,2026-07-13,True
O00118,Globex,385.1,CHF,2026-08-27,True
O00119,Umbrella,4532.23,USD,2026-07-14,True
O00120,Globex,462.67,USD,2026-09-12,False
O00121,Globex,1847.84,CHF,2026-04-10,False
O00122,Umbrella,2075.28,CHF,2026-04-22,False
O00123,Initech,3763.03,USD,2026-05-28,False
O00124,Globex,3436.9,CHF,2026-04-12,False
O00125,Globex,1928.96,CHF,2026-08-23,False
O00126,ACME,644.96,USD,2026-08-28,False
O00127,ACME,374.96,CHF,2026-08-24,True
O00128,ACME,1126.76,EUR,2026-09-13,False
O00129,ACME,2761.99,EUR,2026-01-14,True
O00130,Hooli,4600.4,CHF,2026-05-14,False
O00131,Hooli,3185.09,CHF,2026-02-13,True
O00132,Initech,2626.94,CHF,2026-04-22,False
O00133,Globex,3954.53,EUR,2026-01-27,False
O00134,Umbrella,1400.23,USD,2026-04-25,True
O00135,Hooli,1242.82,USD,2026-05-11,True
O00136,Globex,2496.57,CHF,2026-07-12,False
O00137,Globex,3340.1,USD,2026-04-25,True
O00138,Initech,3594.48,USD,2026-07-16,True
O00139,Initech,3698.25,CHF,2026-02-16,False
O00140,Globex,1565.46,EUR,2026-04-24,True
O00141,Initech,3804.75,USD,2026-02-25,True
O00142,Globex,2430.41,CHF,2026-01-14,False
O00143,ACME,1072.62,CHF,2026-03-23,True
O00144,ACME,928.68,USD,2026-06-13,True
O00145,Globex,1652.92,EUR,2026-09-24,True
O00146,Initech,3325.51,USD,2026-06-20,False
O00147,Globex,553.7,EUR,2026-05-12,False
O00148,Umbrella,4778.02,EUR,2026-09-16,False
O00149,Initech,3845.97,USD,2026-07-12,True
O00150,Umbrella,986.62,CHF,2026-08-16,False
O00151,Initech,3689.23,USD,2026-01-23,True
O00152,Umbrella,212.84,EUR,2026-08-12,True
O00153,Initech,982.76,EUR,2026-06-21,False
O00154,Initech,4788.87,CHF,2026-01-18,False
O00155,Initech,1494.06,CHF,2026-02-10,True
O00156,ACME,2381.19,USD,2026-07-18,False
O00157,Umbrella,672.21,USD,2026-03-10,False
O00158,Globex,3040.2,USD,2026-06-24,False
O00159,Hooli,404.28,EUR,2026-07-15,True
O00160,Umbrella,333.02,EUR,2026-08-27,False
O00161,Globex,4901.48,EUR,2026-02-18,True
O00162,Globex,491.15,USD,2026-08-15,True
O00163,Globex,2090.03,CHF,2026-04-27,True
O00164,Initech,1475.97,CHF,2026-05-21,False
O00165,Initech,1003.96,EUR,2026-03-17,True
O00166,Globex,1413.96,CHF,2026-04-20,True
O00167,Umbrella,1265.75,EUR,2026-09-26,True
O00168,ACME,3270.1,EUR,2026-02-10,False
O00169,Globex,4204.38,USD,2026-01-19,True
O00170,ACME,261.45,CHF,2026-04-12,False
O00171,Hooli,4331.98,USD,2026-05-10,True
O00172,Hooli,3551.43,USD,2026-04-11,False
O00173,Initech,715.43,EUR,2026-05-11,True
O00174,ACME,4095.98,USD,2026-06-15,False
O00175,ACME,1025.0,USD,2026-09-25,True
O00176,Umbrella,515.92,USD,2026-09-14,True
O00177,Globex,1994.88,USD,2026-07-19,False
O00178,Umbrella,4766.41,USD,2026-06-23,False
O00179,ACME,4322.59,USD,2026-04-22,False
O00180,Globex,4710.52,USD,2026-03-23,True
O00181,ACME,2037.03,USD,2026-08-15,True
O00182,ACME,267.96,EUR,2026-07-12,False
O00183,Hooli,866.71,USD,2026-05-15,True
O00184,ACME,552.88,USD,2026-04-19,True
O00185,ACME,4877.98,USD,2026-06-11,False
O00186,ACME,4522.06,CHF,2026-03-17,False
O00187,Hooli,4233.29,USD,2026-03-28,True
O00188,ACME,2004.73,CHF,2026-03-22,False
O00189,ACME,755.84,CHF,2026-04-11,True
O00190,Initech,597.48,CHF,2026-08-27,False
O00191,Umbrella,1547.98,EUR,2026-07-22,False
O00192,Umbrella,2522.86,EUR,2026-01-10,False
O00193,Umbrella,1183.9,CHF,2026-08-15,False
O00194,Umbrella,544.31,EUR,2026-06-23,False
O00195,ACME,4013.39,CHF,2026-09-11,True
O00196,Globex,420.38,CHF,2026-06-26,True
O00197,ACME,3762.77,USD,2026-03-10,True
O00198,Hooli,3663.1,EUR,2026-04-14,False
O00199,Initech,4783.63,EUR,2026-04-12,False
O00200,Hooli,3783.34,EUR,2026-06-18,False
O00201,Globex,1278.27,USD,2026-04-28,False
O00202,Hooli,2534.97,USD,2026-06-11,True
O00203,Globex,2023.29,CHF,2026-05-20,False
O00204,Globex,3962.7,USD,2026-02-26,True
O00205,Initech,4831.11,USD,2026-09-26,True
O00206,Initech,4964.84,CHF,2026-07-21,False
O00207,Umbrella,4952.59,CHF,2026-03-21,False
O00208,ACME,2216.99,EUR,2026-01-19,False
O00209,Initech,3199.8,CHF,2026-06-10,True
O00210,Globex,755.33,CHF,2026-07-23,False
O00211,ACME,668.8,EUR,2026-01-10,True
O00212,ACME,2839.93,USD,2026-02-26,False
O00213,Hooli,1129.05,CHF,2026-05-28,True
O00214,Globex,1837.51,USD,2026-03-14,True
O00215,Globex,3540.29,USD,2026-02-12,True
O00216,Initech,2015.74,USD,2026-01-11,False
O00217,Hooli,3231.56,USD,2026-09-25,True
O00218,Globex,4518.48,EUR,2026-01-27,True
O00219,Umbrella,936.43,EUR,2026-01-13,True
O00220,Hooli,2759.11,EUR,2026-03-23,True
O00221,Hooli,3044.33,CHF,2026-07-15,False
O00222,ACME,1508.33,EUR,2026-08-27,True
O00223,Umbrella,4223.72,CHF,2026-08-12,False
O00224,Globex,1137.48,EUR,2026-05-17,True
O00225,ACME,1684.23,CHF,2026-05-11,False
O00226,Hooli,3399.38,CHF,2026-09-18,False
O00227,Globex,436.25,CHF,2026-01-15,False
O00228,Globex,4210.2,EUR,2026-03-20,True
O00229,Umbrella,1649.48,EUR,2026-07-27,False
O00230,Umbrella,4200.16,CHF,2026-01-10,False
O00231,Globex,2856.0,USD,2026-04-22,True
O00232,Hooli,4554.84,EUR,2026-01-10,True
O00233,ACME,3113.63,EUR,2026-06-14,True
O00234,ACME,217.83,CHF,2026-01-12,True
O00235,ACME,4283.92,USD,2026-04-27,True
O00236,Umbrella,544.51,EUR,2026-04-13,True
O00237,ACME,4746.76,CHF,2026-02-19,False
O00238,ACME,671.94,CHF,2026-04-19,False
O00239,Initech,2124.59,EUR,2026-06-18,False
O00240,ACME,3581.65,USD,2026-06-26,False
O00241,Initech,3095.2,EUR,2026-07-10,False
O00242,Hooli,3867.4,USD,2026-08-11,True
O00243,ACME,2876.96,USD,2026-03-23,True
O00244,Hooli,1018.16,EUR,2026-01-21,False
O00245,ACME,2462.51,EUR,2026-08-28,False
O00246,Hooli,1310.27,EUR,2026-05-16,True
O00247,Umbrella,837.3,CHF,2026-02-25,True
O00248,Initech,1784.53,USD,2026-07-12,False
O00249,ACME,1866.03,USD,2026-05-23,True
O00250,Umbrella,4912.23,CHF,2026-04-24,True
O00251,Hooli,2974.5,CHF,2026-01-21,False
O00252,Hooli,785.08,USD,2026-09-20,True
O00253,Umbrella,2199.6,USD,2026-04-14,False
O00254,Umbrella,3217.08,CHF,2026-04-26,True
O00255,Initech,1514.52,CHF,2026-03-14,True
O00256,Initech,3018.45,USD,2026-03-17,False
O00257,Globex,1300.85,CHF,2026-02-15,True
O00258,Globex,1927.32,EUR,2026-05-19,False
O00259,Initech,988.99,CHF,2026-02-18,True
O00260,Umbrella,2324.94,EUR,2026-07-23,True
O00261,Hooli,4904.6,USD,2026-08-10,True
O00262,Initech,3022.51,USD,2026-01-17,False
O00263,Hooli,2941.26,CHF,2026-07-17,True
O00264,Globex,3211.28,USD,2026-07-20,False
O00265,ACME,4474.77,EUR,2026-07-15,False
O00266,Umbrella,2418.89,EUR,2026-07-26,True
O00267,Initech,3893.12,USD,2026-08-13,True
O00268,Initech,2721.37,EUR,2026-04-26,False
O00269,ACME,4237.33,USD,2026-09-16,False
O00270,Hooli,90.37,USD,2026-09-20,False
O00271,Umbrella,1058.35,CHF,2026-03-22,True
O00272,Hooli,1783.81,EUR,2026-05-18,False
O00273,Umbrella,316.9,EUR,2026-07-23,False
O00274,Hooli,1333.14,EUR,2026-05-22,True
O00275,Umbrella,2315.96,EUR,2026-03-12,True
O00276,Umbrella,3214.57,CHF,2026-04-14,False
O00277,Umbrella,2345.82,USD,2026-09-14,False
O00278,Initech,3920.13,EUR,2026-05-22,False
O00279,Umbrella,3397.3,USD,2026-01-18,False
O00280,Globex,3275.47,USD,2026-08-25,False
O00281,Hooli,3190.13,CHF,2026-06-14,False
O00282,Umbrella,294.74,CHF,2026-06-14,False
O00283,Hooli,84.78,EUR,2026-04-12,False
O00284,Initech,3044.92,CHF,2026-03-17,True
O00285,Umbrella,1738.76,EUR,2026-04-22,True
O00286,Hooli,4456.77,CHF,2026-02-27,False
O00287,Globex,2477.36,EUR,2026-09-12,False
O00288,ACME,2779.77,USD,2026-07-17,True
O00289,Umbrella,2470.45,EUR,2026-08-24,True
O00290,Umbrella,1240.37,EUR,2026-09-10,True
O00291,Initech,2345.12,CHF,2026-08-19,False
O00292,Initech,2134.81,CHF,2026-02-15,False
O00293,ACME,112.59,EUR,2026-06-13,False
O00294,Umbrella,3788.29,EUR,2026-01-16,False
O00295,Globex,1699.65,CHF,2026-06-20,False
O00296,Hooli,2775.09,EUR,2026-05-23,False
O00297,Umbrella,1265.34,EUR,2026-05-19,False
O00298,Umbrella,2024.61,CHF,2026-05-26,False
O00299,Globex,3276.25,EUR,2026-06-16,False
O00300,Initech,646.58,CHF,2026-02-11,False
O00301,Hooli,4429.15,CHF,2026-01-22,False
O00302,ACME,40.99,EUR,2026-08-11,False
O00303,Hooli,743.79,CHF,2026-02-16,True
O00304,Umbrella,3130.14,EUR,2026-02-15,True
O00305,Umbrella,3874.93,CHF,2026-01-21,True
O00306,Initech,2814.89,USD,2026-05-15,False
O00307,ACME,1599.2,USD,2026-01-25,True
O00308,ACME,3871.15,USD,2026-07-24,True
O00309,ACME,3403.01,CHF,2026-03-25,False
O00310,Hooli,519.2,CHF,2026-08-16,True
O00311,ACME,2140.73,EUR,2026-02-12,True
O00312,ACME,653.55,EUR,2026-05-28,True
O00313,Umbrella,3670.45,EUR,2026-01-21,True
O00314,ACME,1472.79,CHF,2026-08-24,False
O00315,ACME,3588.88,EUR,2026-01-10,True
O00316,Umbrella,1562.2,CHF,2026-03-25,True
O00317,Initech,1844.15,CHF,2026-08-25,True
O00318,Globex,4832.11,EUR,2026-06-15,False
O00319,Umbrella,1934.83,USD,2026-05-28,False
O00320,Initech,1406.74,CHF,2026-06-10,True
O00321,Hooli,4164.8,CHF,2026-07-17,False
O00322,Umbrella,3427.26,CHF,2026-04-24,False
O00323,ACME,1614.41,USD,2026-07-15,True
O00324,Initech,4167.82,CHF,2026-03-18,False
O00325,Initech,2677.44,CHF,2026-09-25,False
O00326,Globex,3940.57,CHF,2026-04-19,True
O00327,Umbrella,2331.96,EUR,2026-05-28,True
O00328,Umbrella,2303.99,EUR,2026-09-21,True
O00329,Globex,1996.95,CHF,2026-05-26,False
O00330,Umbrella,2535.78,EUR,2026-04-16,True
O00331,ACME,911.66,CHF,2026-05-21,False
O00332,Umbrella,3900.4,EUR,2026-04-11,False
O00333,Initech,4333.2,USD,2026-08-12,True
O00334,Initech,2990.09,USD,2026-05-26,True
O00335,ACME,177.56,CHF,2026-08-28,True
O00336,Initech,4628.22,USD,2026-07-13,False
O00337,Hooli,4095.97,EUR,2026-05-11,False
O00338,Globex,4973.13,USD,2026-02-10,True
O00339,ACME,2791.33,CHF,2026-08-25,True
O00340,Hooli,3202.81,EUR,2026-02-18,False
O00341,Hooli,1173.71,EUR,2026-09-22,True
O00342,Umbrella,4249.98,USD,2026-04-17,True
O00343,ACME,4709.15,USD,2026-01-27,True
O00344,ACME,1296.94,CHF,2026-08-11,True
O00345,Globex,1595.24,EUR,2026-04-19,False
O00346,ACME,2358.92,USD,2026-05-22,True
O00347,Initech,2411.75,EUR,2026-08-17,True
O00348,ACME,2344.81,EUR,2026-01-15,True
O00349,ACME,4670.54,USD,2026-03-24,True
O00350,Umbrella,4212.82,CHF,2026-02-24,False
O00351,Initech,4117.07,USD,2026-02-21,True
O00352,Initech,1116.04,EUR,2026-03-24,True
O00353,Umbrella,4354.91,USD,2026-07-23,True
O00354,Globex,136.85,CHF,2026-05-20,True
O00355,Initech,2460.12,USD,2026-08-25,True
O00356,Globex,4893.32,EUR,2026-04-27,False
O00357,Initech,604.75,EUR,2026-06-23,False
O00358,Globex,4626.15,EUR,2026-07-19,False
O00359,Globex,296.84,CHF,2026-05-14,True
O00360,Umbrella,4037.05,USD,2026-09-14,False
O00361,ACME,3949.93,CHF,2026-05-15,False
O00362,Umbrella,212.33,USD,2026-04-18,True
O00363,Globex,4218.42,CHF,2026-04-15,True
O00364,Hooli,405.54,EUR,2026-08-18,True
O00365,Globex,693.83,CHF,2026-04-28,False
O00366,Globex,60.08,CHF,2026-09-23,True
O00367,Hooli,4055.13,USD,2026-05-25,True
O00368,ACME,2053.49,USD,2026-03-18,True
O00369,Globex,2820.01,USD,2026-01-15,False
O00370,Hooli,2978.53,EUR,2026-06-26,False
O00371,Hooli,366.0,USD,2026-04-20,False
O00372,Hooli,3759.07,EUR,2026-05-13,False
O00373,Umbrella,2571.44,CHF,2026-09-14,True
O00374,Globex,4837.46,EUR,2026-03-15,True
O00375,Initech,1259.79,EUR,2026-01-13,True
O00376,Initech,98.26,CHF,2026-08-26,True
O00377,Umbrella,523.29,EUR,2026-03-11,False
O00378,ACME,2329.58,CHF,2026-09-18,True
O00379,ACME,616.5,EUR,2026-09-28,True
O00380,Globex,744.63,CHF,2026-08-22,True
O00381,ACME,4688.53,USD,2026-07-26,True
O00382,Umbrella,4852.75,EUR,2026-06-20,False
O00383,Globex,4194.46,CHF,2026-07-28,False
O00384,Umbrella,4239.68,EUR,2026-06-26,True
O00385,Initech,1253.93,USD,2026-01-21,True
O00386,Hooli,945.6,USD,2026-07-16,True
O00387,Globex,705.64,USD,2026-08-11,True
O00388,ACME,4329.38,CHF,2026-05-18,True
O00389,Hooli,511.52,EUR,2026-09-10,False
O00390,Globex,4754.82,USD,2026-02-19,False
O00391,Globex,610.7,CHF,2026-09-18,True
O00392,Umbrella,2955.34,EUR,2026-08-13,True
O00393,Initech,4578.78,CHF,2026-05-18,True
O00394,ACME,3704.61,USD,2026-08-28,True
O00395,Umbrella,1013.95,CHF,2026-06-24,False
O00396,Hooli,2394.5,USD,2026-01-17,False
O00397,Globex,952.13,CHF,2026-07-28,False
O00398,ACME,4621.72,EUR,2026-04-20,False
O00399,Umbrella,1356.94,EUR,2026-05-11,True
O00400,Globex,2760.13,CHF,2026-06-24,True
O00401,Hooli,1945.56,USD,2026-06-13,True
O00402,Globex,2089.59,CHF,2026-06-14,True
O00403,Hooli,3057.68,USD,2026-09-13,False
O00404,Initech,3926.86,CHF,2026-03-23,True
O00405,ACME,2057.98,CHF,2026-02-25,False
O00406,Hooli,756.67,USD,2026-02-22,False
O00407,Umbrella,1447.43,USD,2026-05-21,False
O00408,Hooli,2781.2,USD,2026-06-10,False
O00409,Umbrella,2225.71,EUR,2026-09-19,True
O00410,Umbrella,2881.41,CHF,2026-04-12,False
O00411,Initech,4845.06,CHF,2026-04-20,True
O00412,Umbrella,4457.36,EUR,2026-01-11,False
O00413,Hooli,4480.5,USD,2026-09-19,False
O00414,Hooli,4130.12,CHF,2026-07-22,False
O00415,Initech,213.15,CHF,2026-06-24,True
O00416,ACME,2630.99,EUR,2026-07-21,False
O00417,Hooli,4642.78,EUR,2026-04-23,False
O00418,Umbrella,2206.42,CHF,2026-06-26,True
O00419,Globex,1819.96,USD,2026-02-19,True
O00420,ACME,3283.07,USD,2026-06-26,False
O00421,Globex,2625.04,CHF,2026-04-26,True
O00422,Umbrella,920.23,CHF,2026-02-21,True
O00423,Umbrella,63.56,EUR,2026-05-27,True
O00424,Initech,1993.85,EUR,2026-01-10,True
O00425,Globex,2494.33,CHF,2026-05-27,True
O00426,Hooli,1000.75,CHF,2026-02-14,True
O00427,Hooli,3799.88,EUR,2026-01-13,True
O00428,Globex,4739.7,USD,2026-08-23,True
O00429,ACME,3425.98,CHF,2026-06-14,True
O00430,Initech,1384.48,EUR,2026-05-13,True
O00431,Initech,966.35,CHF,2026-07-10,True
O00432,Globex,4453.8,CHF,2026-01-24,True
O00433,Hooli,1199.08,EUR,2026-01-15,True
O00434,Initech,40.76,USD,2026-05-23,False
O00435,Umbrella,4897.91,EUR,2026-04-22,True
O00436,Umbrella,1552.7,CHF,2026-08-10,True
O00437,ACME,875.6,USD,2026-07-15,True
O00438,Initech,1986.17,USD,2026-02-20,False
O00439,Initech,2021.95,EUR,2026-02-23,False
O00440,Hooli,1232.23,EUR,2026-08-19,False
O00441,Globex,2183.53,USD,2026-01-20,True
O00442,Globex,3532.3,EUR,2026-04-18,True
O00443,Hooli,2222.11,EUR,2026-03-21,False
O00444,Globex,3615.11,USD,2026-04-19,False
O00445,Hooli,1030.18,USD,2026-03-18,False
O00446,Hooli,4949.96,CHF,2026-04-22,True
O00447,Globex,4363.23,EUR,2026-09-12,False
O00448,Umbrella,153.3,CHF,2026-03-19,True
O00449,Umbrella,3556.42,CHF,2026-03-17,False
O00450,Globex,3317.12,EUR,2026-02-27,False
O00451,Hooli,3794.68,EUR,2026-02-19,True
O00452,Globex,1449.96,CHF,2026-07-19,False
O00453,Umbrella,4223.37,USD,2026-03-18,True
O00454,ACME,1839.24,CHF,2026-06-23,True
O00455,Umbrella,1249.62,USD,2026-06-13,True
O00456,Initech,585.01,CHF,2026-04-11,False
O00457,ACME,3046.56,USD,2026-04-19,True
O00458,Umbrella,3694.23,CHF,2026-05-15,True
O00459,Hooli,2494.48,CHF,2026-05-23,False
O00460,ACME,568.24,CHF,2026-05-11,True
O00461,Globex,3408.53,EUR,2026-06-16,False
O00462,ACME,2092.01,CHF,2026-07-17,False
O00463,Hooli,458.77,USD,2026-08-20,False
O00464,Hooli,280.96,CHF,2026-04-23,True
O00465,Umbrella,3811.99,EUR,2026-09-18,True
O00466,Hooli,826.84,CHF,2026-04-27,False
O00467,Globex,4818.4,EUR,2026-06-21,False
O00468,ACME,1015.04,USD,2026-03-14,False
O00469,Umbrella,1196.98,EUR,2026-01-26,False
O00470,Globex,4679.86,USD,2026-05-14,True
O00471,Hooli,2820.71,USD,2026-02-27,False
O00472,Globex,3388.36,EUR,2026-08-22,True
O00473,ACME,3453.75,EUR,2026-06-25,True
O00474,ACME,311.06,USD,2026-05-16,True
O00475,Initech,2245.61,EUR,2026-03-20,False
O00476,Umbrella,2850.24,USD,2026-03-27,True
O00477,ACME,63.96,USD,2026-02-20,False
O00478,ACME,3229.09,USD,2026-08-16,False
O00479,ACME,1802.88,EUR,2026-05-18,True
O00480,ACME,701.88,EUR,2026-01-22,True
O00481,Initech,1845.76,CHF,2026-09-15,True
O00482,Initech,3714.19,USD,2026-07-15,False
O00483,Initech,1158.83,EUR,2026-09-21,False
O00484,Globex,298.03,EUR,2026-07-11,True
O00485,Umbrella,2120.67,CHF,2026-03-19,True
O00486,Globex,3443.04,EUR,2026-03-24,False
O00487,ACME,4895.4,USD,2026-08-16,True
O00488,Initech,23.98,CHF,2026-09-23,True
O00489,Initech,369.25,EUR,2026-09-23,False
O00490,ACME,2199.08,CHF,2026-03-15,False
O00491,Initech,30.93,CHF,2026-06-28,True
O00492,Umbrella,434.36,USD,2026-09-24,False
O00493,Hooli,4544.45,EUR,2026-07-12,True
O00494,Initech,3049.65,USD,2026-07-21,False
O00495,Globex,1503.57,USD,2026-09-10,True
O00496,Globex,3396.63,USD,2026-02-14,False
O00497,Hooli,2908.03,USD,2026-06-26,True
O00498,Hooli,2212.43,USD,2026-02-17,True
O00499,Globex,2745.09,EUR,2026-04-18,True
O00500,Globex,2658.57,USD,2026-08-17,False
O00501,Globex,2710.72,CHF,2026-02-26,True
O00502,Umbrella,3400.67,USD,2026-03-26,True
O00503,Hooli,519.45,CHF,2026-07-27,True
O00504,Globex,2819.54,EUR,2026-03-21,True
O00505,Umbrella,1192.14,USD,2026-01-10,True
O00506,Umbrella,1506.65,CHF,2026-03-23,True
O00507,Hooli,4943.21,EUR,2026-02-21,True
O00508,Initech,3729.72,USD,2026-01-18,True
O00509,Globex,1871.34,CHF,2026-09-21,False
O00510,ACME,4084.56,USD,2026-02-21,False
O00511,Hooli,573.72,CHF,2026-04-18,False
O00512,Globex,3472.7,EUR,2026-08-13,True
O00513,Umbrella,560.98,USD,2026-03-14,False
O00514,Umbrella,4182.67,CHF,2026-05-27,False
O00515,Umbrella,78.87,USD,2026-03-25,False
O00516,ACME,4004.27,EUR,2026-02-15,False
O00517,Umbrella,4837.97,CHF,2026-08-22,True
O00518,Hooli,2589.82,USD,2026-06-26,True
O00519,Initech,4470.98,CHF,2026-01-16,True
O00520,Initech,3638.96,USD,2026-08-22,False
O00521,Initech,39.88,CHF,2026-08-20,True
O00522,ACME,1251.21,CHF,2026-01-14,True
O00523,Initech,1928.31,EUR,2026-09-18,False
O00524,Hooli,2871.9,CHF,2026-03-11,True
O00525,Globex,3873.75,CHF,2026-02-21,False
O00526,Globex,4365.34,EUR,2026-02-19,False
O00527,Initech,2549.45,CHF,2026-04-21,False
O00528,Initech,311.64,USD,2026-06-25,False
O00529,Globex,4048.0,USD,2026-03-14,True
O00530,ACME,4444.94,CHF,2026-08-22,False
O00531,Umbrella,2847.95,USD,2026-03-28,True
O00532,Globex,1514.43,USD,2026-05-28,False
O00533,ACME,4606.91,CHF,2026-02-28,True
O00534,Initech,2906.6,USD,2026-06-23,True
O00535,Umbrella,1603.09,EUR,2026-05-18,True
O00536,Globex,3135.98,EUR,2026-01-16,True
O00537,Umbrella,2245.11,CHF,2026-05-26,True
O00538,Globex,1216.26,EUR,2026-03-11,True
O00539,ACME,4049.26,CHF,2026-06-14,True
O00540,Globex,1360.46,CHF,2026-01-20,True
O00541,Globex,1614.52,CHF,2026-01-25,False
O00542,Hooli,3398.03,USD,2026-03-11,False
O00543,ACME,445.12,CHF,2026-06-25,False
O00544,Initech,4701.79,EUR,2026-01-20,False
O00545,ACME,2081.52,CHF,2026-06-15,True
O00546,ACME,789.4,EUR,2026-09-12,False
O00547,Initech,2121.92,CHF,2026-09-14,False
O00548,Globex,3708.0,USD,2026-08-11,False
O00549,Hooli,4887.15,USD,2026-09-18,False
O00550,Hooli,2652.87,USD,2026-03-18,True
O00551,Hooli,2384.06,CHF,2026-06-14,True
O00552,Umbrella,3785.38,EUR,2026-01-14,True
O00553,ACME,2720.93,EUR,2026-09-15,False
O00554,Hooli,1834.39,EUR,2026-03-15,True
O00555,Initech,3892.75,EUR,2026-08-25,True
O00556,Initech,4506.14,USD,2026-08-16,False
O00557,ACME,547.94,CHF,2026-01-12,False
O00558,Initech,309.33,CHF,2026-07-23,False
O00559,Globex,163.23,EUR,2026-05-23,True
O00560,Globex,1777.98,USD,2026-07-18,False
O00561,Umbrella,1090.88,CHF,2026-03-25,False
O00562,Globex,4115.92,USD,2026-02-20,True
O00563,Umbrella,4361.78,EUR,2026-03-20,False
O00564,Globex,2900.33,EUR,2026-06-11,False
O00565,Globex,2179.69,EUR,2026-05-10,True
O00566,Globex,4871.94,EUR,2026-03-19,True
O00567,Hooli,3682.72,EUR,2026-03-24,False
O00568,ACME,2076.87,CHF,2026-07-20,True
O00569,Hooli,1180.71,CHF,2026-01-11,True
O00570,Hooli,2979.95,CHF,2026-07-13,True
O00571,ACME,4953.99,USD,2026-02-13,True
O00572,Umbrella,4853.23,CHF,2026-07-10,True
O00573,Globex,3430.1,EUR,2026-09-26,True
O00574,Hooli,1774.33,USD,2026-02-21,True
O00575,Globex,3659.68,USD,2026-03-10,False
O00576,Initech,353.91,EUR,2026-04-26,True
O00577,Umbrella,3949.7,USD,2026-05-10,False
O00578,ACME,3269.04,CHF,2026-05-27,False
O00579,Umbrella,4911.98,CHF,2026-05-22,False
O00580,Initech,2704.58,USD,2026-03-22,False
O00581,Umbrella,4020.73,CHF,2026-01-17,False
O00582,Hooli,3652.68,EUR,2026-04-13,True
O00583,Hooli,3922.0,CHF,2026-01-22,False
O00584,Umbrella,2749.25,USD,2026-08-28,True
O00585,Umbrella,3733.57,USD,2026-09-20,False
O00586,Globex,4126.7,CHF,2026-07-21,True
O00587,Umbrella,4879.9,USD,2026-06-12,True
O00588,Hooli,3829.29,USD,2026-08-21,False
O00589,Hooli,1113.91,EUR,2026-02-26,False
O00590,Hooli,1032.16,EUR,2026-06-17,True
O00591,Globex,4111.21,USD,2026-03-11,False
O00592,Umbrella,1815.2,USD,2026-02-23,True
O00593,Initech,1881.98,USD,2026-06-26,False
O00594,Umbrella,3314.57,USD,2026-07-19,False
O00595,ACME,2252.08,USD,2026-03-26,True
O00596,ACME,3404.1,USD,2026-08-26,True
O00597,Hooli,1860.16,USD,2026-07-18,True
O00598,Hooli,1012.26,CHF,2026-05-11,True
O00599,Initech,3593.72,USD,2026-06-18,True
O00600,Initech,4172.37,EUR,2026-09-25,True
O00601,Globex,650.22,USD,2026-06-11,False
O00602,Umbrella,1842.2,CHF,2026-05-23,False
O00603,Hooli,4056.02,USD,2026-04-22,True
O00604,Hooli,966.13,CHF,2026-06-12,True
O00605,Initech,4302.29,EUR,2026-08-22,False
O00606,Hooli,2079.41,CHF,2026-01-13,False
O00607,Umbrella,3507.72,USD,2026-07-25,True
O00608,ACME,2204.79,USD,2026-03-26,True
O00609,Globex,3704.84,USD,2026-09-11,False
O00610,Hooli,1657.46,USD,2026-08-13,True
O00611,Globex,4240.97,CHF,2026-01-13,False
O00612,ACME,4242.29,EUR,2026-08-11,True
O00613,Initech,2419.13,EUR,2026-09-23,True
O00614,Umbrella,4086.08,CHF,2026-03-20,False
O00615,Globex,2595.91,EUR,2026-03-27,False
O00616,Hooli,1319.09,USD,2026-07-18,False
O00617,Hooli,1979.97,USD,2026-01-19,False
O00618,Globex,4335.21,USD,2026-09-18,False
O00619,Globex,667.43,EUR,2026-09-21,False
O00620,Umbrella,3552.27,EUR,2026-06-20,True
O00621,Umbrella,4597.7,CHF,2026-01-20,True
O00622,Hooli,347.53,CHF,2026-06-11,False
O00623,Globex,3982.48,USD,2026-04-16,False
O00624,Umbrella,4674.95,USD,2026-04-16,True
O00625,Globex,2174.27,CHF,2026-02-11,True
O00626,ACME,4073.34,USD,2026-03-10,True
O00627,Umbrella,1111.82,CHF,2026-05-16,True
O00628,Globex,3889.95,CHF,2026-04-26,True
O00629,Umbrella,485.22,EUR,2026-01-23,True
O00630,Initech,3533.99,USD,2026-07-14,True
O00631,Globex,218.37,USD,2026-05-17,False
O00632,Hooli,3599.59,USD,2026-05-20,True
O00633,Globex,4728.33,CHF,2026-04-22,True
O00634,Initech,1906.07,CHF,2026-05-17,True
O00635,Globex,2327.62,CHF,2026-03-23,False
O00636,Umbrella,580.72,USD,2026-02-16,True
O00637,Initech,2454.68,EUR,2026-08-12,True
O00638,Umbrella,1407.19,USD,2026-09-12,True
O00639,Globex,2357.57,EUR,2026-05-11,True
O00640,ACME,1728.05,EUR,2026-05-11,True
O00641,Initech,1757.65,USD,2026-04-20,False
O00642,Globex,557.14,USD,2026-02-27,False
O00643,ACME,3737.33,EUR,2026-03-22,False
O00644,ACME,178.3,CHF,2026-02-23,True
O00645,Umbrella,2894.17,USD,2026-02-21,True
O00646,Initech,856.79,EUR,2026-06-10,False
O00647,Initech,753.7,EUR,2026-02-17,True
O00648,Globex,2485.68,CHF,2026-09-13,False
O00649,Umbrella,1237.39,CHF,2026-09-11,False
O00650,Initech,4747.48,USD,2026-07-27,True
O00651,Globex,4542.93,CHF,2026-09-26,True
O00652,ACME,85.41,EUR,2026-08-28,True
O00653,Globex,444.33,EUR,2026-03-18,True
O00654,Umbrella,1972.4,CHF,2026-02-19,True
O00655,ACME,3322.81,EUR,2026-04-17,True
O00656,Globex,374.54,USD,2026-02-11,True
O00657,Hooli,3866.55,EUR,2026-05-20,True
O00658,Umbrella,2963.4,EUR,2026-01-20,False
O00659,Umbrella,170.87,EUR,2026-03-26,True
O00660,Globex,3990.32,EUR,2026-04-16,True
O00661,Initech,3545.9,EUR,2026-01-25,True
O00662,Umbrella,2632.51,USD,2026-02-12,True
O00663,ACME,4230.17,USD,2026-02-21,True
O00664,Umbrella,3366.86,CHF,2026-08-14,False
O00665,Initech,4524.87,CHF,2026-08-28,True
O00666,Umbrella,1935.27,CHF,2026-09-19,True
O00667,ACME,4842.62,USD,2026-04-17,True
O00668,Hooli,2294.94,EUR,2026-08-28,True
O00669,Umbrella,3321.43,USD,2026-06-22,False
O00670,ACME,1149.45,CHF,2026-06-23,False
O00671,ACME,1509.35,CHF,2026-01-13,False
O00672,Umbrella,2059.93,USD,2026-08-14,False
O00673,Hooli,1076.15,USD,2026-07-24,True
O00674,Initech,1685.76,USD,2026-03-24,False
O00675,Hooli,4037.59,EUR,2026-04-11,False
O00676,Globex,1954.45,USD,2026-03-21,True
O00677,Globex,1764.23,CHF,2026-07-19,False
O00678,Initech,4779.36,CHF,2026-04-15,False
O00679,Hooli,55.2,EUR,2026-02-17,False
O00680,Hooli,4048.88,USD,2026-06-13,False
O00681,Globex,4643.77,USD,2026-07-12,False
O00682,Umbrella,1339.06,USD,2026-06-19,False
O00683,Hooli,4045.29,EUR,2026-08-25,False
O00684,ACME,294.33,CHF,2026-02-27,False
O00685,Umbrella,1562.63,CHF,2026-03-24,True
O00686,Initech,2417.53,EUR,2026-05-14,True
O00687,Hooli,4590.82,CHF,2026-01-22,True
O00688,Hooli,3211.07,USD,2026-04-19,True
O00689,Umbrella,2745.56,USD,2026-02-22,False
O00690,Initech,3457.35,USD,2026-06-15,False
O00691,ACME,3970.37,USD,2026-03-16,True
O00692,Globex,1546.93,CHF,2026-03-19,True
O00693,Hooli,1495.18,USD,2026-06-15,False
O00694,Initech,4457.3,USD,2026-04-20,False
O00695,Umbrella,551.06,USD,2026-06-22,False
O00696,Umbrella,3968.42,USD,2026-05-13,True
O00697,Hooli,2256.69,USD,2026-03-20,True
O00698,Globex,1401.73,CHF,2026-08-27,False
O00699,ACME,1384.19,USD,2026-07-26,False
O00700,ACME,1306.04,EUR,2026-01-27,False
O00701,Initech,3014.71,USD,2026-05-17,True
O00702,Hooli,491.06,CHF,2026-07-13,False
O00703,Globex,3227.41,CHF,2026-02-22,False
O00704,Initech,2005.89,USD,2026-06-21,True
O00705,Globex,2663.64,CHF,2026-07-19,True
O00706,Globex,1700.26,EUR,2026-07-12,True
O00707,Hooli,3342.38,CHF,2026-07-22,True
O00708,Hooli,3646.49,CHF,2026-03-14,True
O00709,Globex,2507.85,USD,2026-01-22,False
O00710,Globex,3240.8,CHF,2026-07-18,True
O00711,Hooli,3028.19,CHF,2026-05-16,True
O00712,Initech,478.26,CHF,2026-02-21,True
O00713,Hooli,370.18,USD,2026-04-10,False
O00714,Globex,2239.89,CHF,2026-01-24,True
O00715,ACME,2693.94,USD,2026-02-25,True
O00716,Initech,3150.95,USD,2026-06-26,True
O00717,Globex,2787.44,EUR,2026-05-28,True
O00718,Globex,3892.67,EUR,2026-09-18,False
O00719,Initech,324.65,CHF,2026-05-12,True
O00720,Umbrella,1957.63,CHF,2026-07-17,True
O00721,Initech,4807.09,USD,2026-05-12,False
O00722,Hooli,677.38,USD,2026-08-16,False
O00723,Hooli,957.67,USD,2026-03-19,True
O00724,ACME,3682.61,CHF,2026-01-24,True
O00725,Globex,3868.85,EUR,2026-09-19,True
O00726,Hooli,3600.37,EUR,2026-06-16,False
O00727,ACME,4178.96,CHF,2026-09-18,False
O00728,Globex,2831.23,USD,2026-06-19,True
O00729,ACME,3699.44,CHF,2026-06-23,True
O00730,Umbrella,3865.85,USD,2026-02-14,False
O00731,Umbrella,2435.24,EUR,2026-06-20,False
O00732,Globex,4251.34,CHF,2026-05-26,False
O00733,Globex,1775.54,CHF,2026-01-16,False
O00734,Hooli,2189.37,CHF,2026-07-15,False
O00735,Globex,700.21,EUR,2026-04-28,False
O00736,ACME,55.53,EUR,2026-08-11,True
O00737,Hooli,2675.57,EUR,2026-06-20,False
O00738,Umbrella,3846.97,EUR,2026-01-17,True
O00739,Initech,1919.23,EUR,2026-02-28,True
O00740,Globex,2205.78,CHF,2026-08-12,True
O00741,Umbrella,853.18,CHF,2026-04-25,False
O00742,Hooli,717.46,USD,2026-07-12,True
O00743,Globex,34.45,CHF,2026-04-11,True
O00744,ACME,4540.89,EUR,2026-01-11,False
O00745,ACME,2015.89,EUR,2026-01-27,False
O00746,Initech,216.2,USD,2026-01-25,True
O00747,ACME,942.82,CHF,2026-03-26,False
O00748,ACME,2553.95,USD,2026-01-12,True
O00749,Hooli,3244.79,EUR,2026-09-27,True
O00750,ACME,3310.61,CHF,2026-05-24,False
O00751,ACME,2803.9,EUR,2026-01-15,False
O00752,Globex,619.55,CHF,2026-04-23,True
O00753,Hooli,4882.51,CHF,2026-09-21,True
O00754,ACME,3653.56,EUR,2026-02-21,False
O00755,Initech,1552.96,USD,2026-03-25,False
O00756,Globex,44.65,EUR,2026-01-13,True
O00757,Hooli,1933.02,USD,2026-04-12,True
O00758,ACME,3586.19,EUR,2026-03-23,True
O00759,Globex,3097.41,USD,2026-08-18,True
O00760,Initech,3940.56,USD,2026-01-20,False
O00761,ACME,819.05,EUR,2026-08-20,False
O00762,Globex,75.67,CHF,2026-01-20,True
O00763,Hooli,4432.55,USD,2026-01-17,False
O00764,ACME,2664.76,EUR,2026-01-20,False
O00765,Initech,1841.96,CHF,2026-02-24,True
O00766,Globex,2659.28,CHF,2026-09-17,False
O00767,Hooli,3452.08,CHF,2026-02-16,True
O00768,Initech,3777.81,EUR,2026-05-23,True
O00769,Globex,3056.9,CHF,2026-03-19,False
O00770,Globex,1715.26,EUR,2026-02-16,False
O00771,Hooli,4821.92,CHF,2026-03-12,True
O00772,Umbrella,1526.46,EUR,2026-02-27,True
O00773,ACME,1813.89,EUR,2026-09-13,False
O00774,Hooli,3440.82,USD,2026-08-15,True
O00775,Initech,1522.79,USD,2026-03-24,True
O00776,Umbrella,1718.31,EUR,2026-01-22,True
O00777,ACME,4276.51,USD,2026-06-18,True
O00778,Globex,372.52,EUR,2026-03-28,False
O00779,Initech,911.23,EUR,2026-08-13,True
O00780,Umbrella,1277.16,EUR,2026-04-11,True
O00781,Initech,83.94,EUR,2026-06-21,True
O00782,Globex,1853.19,CHF,2026-05-21,False
O00783,Globex,2620.02,EUR,2026-04-15,False
O00784,Umbrella,4661.95,EUR,2026-04-16,True
O00785,Umbrella,4267.15,EUR,2026-08-18,True
O00786,ACME,507.03,USD,2026-06-17,False
O00787,ACME,2368.22,USD,2026-02-13,False
O00788,Hooli,3560.5,EUR,2026-07-13,False
O00789,Umbrella,4616.19,EUR,2026-07-24,True
O00790,ACME,962.04,USD,2026-06-24,False
O00791,Globex,4683.58,CHF,2026-01-12,True
O00792,Umbrella,3723.67,CHF,2026-07-13,True
O00793,Umbrella,2628.95,EUR,2026-09-15,False
O00794,Globex,516.48,USD,2026-05-24,False
O00795,Globex,381.43,USD,2026-06-13,True
O00796,Initech,3318.04,USD,2026-02-13,False
O00797,Umbrella,1294.03,CHF,2026-01-26,True
O00798,Umbrella,3437.71,EUR,2026-09-17,False
O00799,Hooli,705.1,USD,2026-03-22,False
O00800,ACME,4288.01,USD,2026-03-17,True
O00801,Hooli,2297.84,CHF,2026-02-24,True
O00802,ACME,1433.01,EUR,2026-04-19,False
O00803,Hooli,1004.79,EUR,2026-07-10,True
O00804,ACME,1806.0,USD,2026-04-12,False
O00805,Initech,2563.15,CHF,2026-08-16,True
O00806,Globex,4171.26,EUR,2026-05-24,False
O00807,Globex,4874.93,USD,2026-01-23,True
O00808,Initech,2071.15,CHF,2026-01-28,False
O00809,Globex,1199.78,EUR,2026-03-18,False
O00810,Umbrella,2813.75,CHF,2026-07-14,False
O00811,Globex,2814.89,USD,2026-07-14,True
O00812,Hooli,684.96,USD,2026-01-15,True
O00813,Umbrella,845.83,CHF,2026-08-23,False
O00814,Hooli,3311.91,EUR,2026-05-23,True
O00815,ACME,2183.54,EUR,2026-01-19,True
O00816,Initech,3769.8,EUR,2026-03-23,True
O00817,Hooli,1890.47,USD,2026-09-28,True
O00818,Umbrella,1226.29,CHF,2026-09-28,False
O00819,Hooli,4812.25,EUR,2026-07-12,False
O00820,Hooli,1916.15,CHF,2026-05-17,False
O00821,Initech,4781.95,USD,2026-02-11,False
O00822,Globex,3363.82,EUR,2026-08-25,False
O00823,Globex,2332.87,USD,2026-04-23,True
O00824,Globex,2717.29,USD,2026-03-17,False
O00825,Initech,1906.64,USD,2026-06-14,True
O00826,Globex,4395.79,EUR,2026-01-26,True
O00827,Umbrella,3083.75,CHF,2026-02-25,False
O00828,Initech,2889.03,USD,2026-06-23,False
O00829,Globex,4058.73,CHF,2026-01-15,False
O00830,Initech,594.54,CHF,2026-05-27,True
O00831,Globex,3527.43,EUR,2026-06-19,False
O00832,Globex,4109.66,CHF,2026-08-28,True
O00833,Globex,4486.45,CHF,2026-09-23,False
O00834,ACME,359.56,EUR,2026-03-12,True
O00835,ACME,876.2,EUR,2026-05-17,True
O00836,ACME,580.0,EUR,2026-04-14,False
O00837,Initech,376.01,USD,2026-06-19,False
O00838,Umbrella,4375.06,USD,2026-01-12,False
O00839,Globex,1335.13,EUR,2026-01-18,True
O00840,Initech,1715.08,USD,2026-03-16,True
O00841,Globex,4196.29,USD,2026-07-19,True
O00842,Globex,1563.78,EUR,2026-08-13,True
O00843,Hooli,769.73,CHF,2026-08-24,True
O00844,Hooli,475.68,CHF,2026-08-28,False
O00845,Globex,75.61,CHF,2026-04-13,False
O00846,Globex,3756.7,CHF,2026-07-26,False
O00847,ACME,164.21,CHF,2026-01-17,False
O00848,Globex,3202.57,CHF,2026-08-16,True
O00849,Globex,4931.38,CHF,2026-05-14,True
O00850,ACME,1139.29,USD,2026-05-22,False
O00851,Hooli,3608.74,EUR,2026-06-12,False
O00852,ACME,1631.9,EUR,2026-03-15,True
O00853,Umbrella,160.83,USD,2026-02-26,False
O00854,Umbrella,2651.02,EUR,2026-02-12,False
O00855,Umbrella,2422.8,USD,2026-09-17,False
O00856,Initech,4262.94,CHF,2026-07-21,False
O00857,Initech,3097.54,EUR,2026-08-12,False
O00858,Globex,196.51,CHF,2026-03-12,False
O00859,Hooli,185.27,CHF,2026-02-20,False
O00860,Hooli,437.65,USD,2026-02-11,True
O00861,Initech,4549.98,CHF,2026-03-26,True
O00862,ACME,1586.88,CHF,2026-07-15,True
O00863,Globex,1940.5,USD,2026-06-21,True
O00864,Globex,2295.83,CHF,2026-02-12,False
O00865,Umbrella,2369.12,EUR,2026-05-24,False
O00866,Globex,3672.62,EUR,2026-04-25,True
O00867,Hooli,1700.87,EUR,2026-01-18,False
O00868,Globex,4881.4,CHF,2026-06-20,True
O00869,Initech,3416.26,CHF,2026-07-11,True
O00870,Globex,2878.71,EUR,2026-05-11,True
O00871,Initech,1147.33,USD,2026-05-21,False
O00872,Initech,3092.97,USD,2026-07-19,True
O00873,Globex,72.83,CHF,2026-07-28,True
O00874,ACME,4953.3,CHF,2026-03-14,False
O00875,Initech,2527.7,USD,2026-07-23,False
O00876,Globex,1206.61,CHF,2026-06-11,False
O00877,Globex,4240.9,EUR,2026-09-11,False
O00878,Initech,2356.39,USD,2026-04-20,False
O00879,Globex,329.45,EUR,2026-06-10,True
O00880,Globex,1856.44,CHF,2026-02-25,True
O00881,Globex,4300.93,CHF,2026-07-19,False
O00882,Umbrella,1556.31,CHF,2026-08-20,False
O00883,Initech,3697.96,USD,2026-02-28,True
O00884,Umbrella,2236.22,EUR,2026-04-16,True
O00885,Initech,2718.41,CHF,2026-02-28,True
O00886,Umbrella,2958.45,USD,2026-01-14,False
O00887,ACME,927.21,USD,2026-09-21,True
O00888,Globex,3971.59,CHF,2026-01-17,False
O00889,Umbrella,797.13,CHF,2026-02-23,True
O00890,Initech,1515.8,USD,2026-09-15,False
O00891,Hooli,3763.38,EUR,2026-03-22,True
O00892,Globex,97.56,CHF,2026-09-13,False
O00893,ACME,4620.67,EUR,2026-09-10,True
O00894,Hooli,2317.39,EUR,2026-09-16,True
O00895,Globex,3159.04,EUR,2026-07-14,False
O00896,Hooli,1387.3,USD,2026-04-26,False
O00897,ACME,470.86,EUR,2026-06-15,True
O00898,Hooli,1285.55,CHF,2026-03-17,True
O00899,Globex,4880.37,CHF,2026-02-24,True
O00900,Initech,4181.84,USD,2026-09-11,False
O00901,ACME,2218.7,EUR,2026-02-27,False
O00902,Globex,1606.47,EUR,2026-04-27,False
O00903,Umbrella,3835.25,EUR,2026-04-17,True
O00904,Umbrella,1789.17,USD,2026-05-19,True
O00905,Globex,2233.24,EUR,2026-04-28,False
O00906,ACME,2527.76,EUR,2026-07-25,False
O00907,Hooli,2436.38,USD,2026-08-26,True
O00908,Umbrella,2963.92,EUR,2026-09-15,True
O00909,ACME,1765.38,USD,2026-02-22,True
O00910,Initech,3672.92,USD,2026-06-22,True
O00911,Umbrella,4323.06,CHF,2026-09-10,True
O00912,Umbrella,1778.82,CHF,2026-07-23,False
O00913,Globex,2775.56,CHF,2026-01-14,False
O00914,Umbrella,3957.17,CHF,2026-04-20,True
O00915,Hooli,2764.01,CHF,2026-03-19,True
O00916,Globex,4488.65,EUR,2026-06-25,False
O00917,Umbrella,1380.65,CHF,2026-01-21,False
O00918,Umbrella,590.09,USD,2026-07-28,False
O00919,ACME,1858.72,USD,2026-02-21,True
O00920,Initech,4457.43,USD,2026-08-15,False
O00921,ACME,387.85,EUR,2026-01-14,True
O00922,Initech,1147.66,EUR,2026-07-18,True
O00923,ACME,4735.24,CHF,2026-09-12,True
O00924,Umbrella,4189.26,EUR,2026-08-22,False
O00925,ACME,3151.54,CHF,2026-03-14,False
O00926,ACME,429.69,EUR,2026-02-11,True
O00927,Initech,3544.35,CHF,2026-03-13,False
O00928,Globex,544.49,EUR,2026-06-16,False
O00929,ACME,4895.25,USD,2026-06-22,False
O00930,Initech,2236.32,USD,2026-01-15,True
O00931,Globex,4465.17,USD,2026-01-24,True
O00932,Umbrella,2741.17,CHF,2026-01-24,False
O00933,ACME,3009.04,USD,2026-07-26,True
O00934,ACME,4575.03,CHF,2026-09-14,False
O00935,Globex,3444.9,EUR,2026-01-26,True
O00936,Initech,2076.38,CHF,2026-04-28,False
O00937,Umbrella,1675.46,USD,2026-03-20,False
O00938,Globex,1352.05,EUR,2026-01-28,False
O00939,Initech,3216.02,CHF,2026-05-20,True
O00940,Hooli,4289.78,USD,2026-05-12,False
O00941,ACME,753.93,EUR,2026-07-19,False
O00942,ACME,445.46,EUR,2026-02-22,False
O00943,ACME,3034.67,USD,2026-08-18,True
O00944,Umbrella,3247.23,EUR,2026-01-25,False
O00945,Globex,334.54,USD,2026-05-21,True
O00946,Hooli,4715.97,CHF,2026-07-28,False
O00947,Umbrella,3218.93,USD,2026-07-25,True
O00948,ACME,3748.07,EUR,2026-05-11,True
O00949,Initech,3187.93,USD,2026-04-18,True
O00950,Umbrella,2394.78,EUR,2026-02-11,True
O00951,Umbrella,3007.66,CHF,2026-02-19,False
O00952,Hooli,934.67,EUR,2026-02-15,False
O00953,Initech,829.58,EUR,2026-08-17,False
O00954,Initech,4563.92,EUR,2026-03-19,True
O00955,Umbrella,2669.46,USD,2026-04-13,False
O00956,Umbrella,4029.93,CHF,2026-01-22,True
O00957,Umbrella,2409.55,CHF,2026-04-18,True
O00958,Hooli,3422.53,CHF,2026-06-22,True
O00959,Globex,4495.42,USD,2026-08-18,False
O00960,ACME,2774.63,CHF,2026-06-15,False
O00961,ACME,1844.71,EUR,2026-03-25,False
O00962,Initech,1931.33,CHF,2026-03-20,True
O00963,Initech,1030.82,EUR,2026-05-24,False
O00964,Hooli,3892.09,CHF,2026-06-25,True
O00965,Hooli,4791.09,CHF,2026-03-21,True
O00966,Hooli,960.2,USD,2026-04-28,True
O00967,Umbrella,59.11,CHF,2026-02-16,True
O00968,Globex,3348.63,CHF,2026-05-13,True
O00969,Hooli,3568.84,EUR,2026-05-11,False
O00970,ACME,4845.63,USD,2026-01-26,False
O00971,Initech,4513.62,CHF,2026-09-15,True
O00972,Hooli,1021.62,EUR,2026-04-13,True
O00973,ACME,1344.59,CHF,2026-09-20,False
O00974,Umbrella,4963.35,EUR,2026-02-23,True
O00975,Initech,2576.87,USD,2026-06-10,True
O00976,ACME,4967.97,CHF,2026-09-22,True
O00977,Initech,3633.07,CHF,2026-03-21,False
O00978,Initech,2722.18,EUR,2026-03-14,True
O00979,ACME,2946.78,EUR,2026-03-19,True
O00980,Hooli,2487.92,USD,2026-09-10,True
O00981,Globex,2119.09,EUR,2026-01-17,False
O00982,Globex,3870.26,USD,2026-07-23,False
O00983,Umbrella,3827.91,EUR,2026-01-24,True
O00984,ACME,3024.14,EUR,2026-04-12,False
O00985,ACME,3872.16,EUR,2026-06-12,False
O00986,Initech,380.2,USD,2026-04-14,True
O00987,Initech,2165.44,EUR,2026-09-23,True
O00988,Hooli,236.63,EUR,2026-03-11,False
O00989,Hooli,207.73,EUR,2026-02-26,True
O00990,Hooli,2028.1,EUR,2026-04-23,False
O00991,Umbrella,466.38,USD,2026-01-17,False
O00992,ACME,999.94,EUR,2026-09-19,False
O00993,Initech,1248.36,CHF,2026-06-17,True
O00994,Umbrella,2088.72,USD,2026-02-14,True
O00995,ACME,293.69,EUR,2026-05-13,False
O00996,Hooli,3405.43,USD,2026-04-13,False
O00997,Hooli,4045.78,USD,2026-02-28,False
O00998,Globex,715.08,USD,2026-07-14,True
O00999,Globex,2894.93,CHF,2026-01-12,True
O01000,Initech,1207.72,EUR,2026-05-21,True
O01001,Initech,2039.18,USD,2026-03-24,False
O01002,Globex,27.96,EUR,2026-09-23,True
O01003,Globex,3298.56,USD,2026-02-13,False
O01004,ACME,3360.78,EUR,2026-03-11,False
O01005,ACME,4374.52,CHF,2026-06-27,False
O01006,Hooli,2670.58,USD,2026-09-16,False
O01007,Initech,640.6,USD,2026-09-27,True
O01008,Hooli,1394.31,CHF,2026-03-26,True
O01009,Umbrella,2154.38,CHF,2026-03-11,False
O01010,Initech,603.32,CHF,2026-08-21,False
O01011,Globex,3524.81,CHF,2026-09-22,False
O01012,Initech,2016.12,CHF,2026-01-18,False
O01013,Initech,3658.25,EUR,2026-08-21,False
O01014,Umbrella,1803.71,USD,2026-04-17,False
O01015,Initech,3179.83,CHF,2026-01-18,True
O01016,Initech,1809.46,EUR,2026-07-26,False
O01017,Globex,1708.59,USD,2026-02-15,False
O01018,ACME,1852.62,USD,2026-08-11,True
O01019,Initech,4245.71,USD,2026-05-23,True
O01020,Initech,778.03,CHF,2026-03-15,False
O01021,Initech,312.73,CHF,2026-04-20,True
O01022,Globex,4454.74,USD,2026-07-16,True
O01023,Initech,2551.09,EUR,2026-05-24,False
O01024,Hooli,4941.99,EUR,2026-07-22,True
O01025,Umbrella,3912.58,CHF,2026-06-13,False
O01026,Initech,642.43,EUR,2026-04-16,True
O01027,Hooli,3374.96,CHF,2026-04-19,True
O01028,Globex,3543.64,EUR,2026-04-25,False
O01029,ACME,191.62,USD,2026-09-12,False
O01030,ACME,1194.47,USD,2026-05-23,False
O01031,ACME,4512.5,EUR,2026-06-22,True
O01032,Umbrella,1225.43,CHF,2026-04-22,True
O01033,Hooli,3984.03,USD,2026-05-25,False
O01034,Umbrella,4935.16,EUR,2026-07-24,True
O01035,Hooli,3128.44,CHF,2026-08-27,False
O01036,Globex,4000.23,EUR,2026-05-24,True
O01037,Initech,2314.66,EUR,2026-01-12,True
O01038,ACME,927.27,EUR,2026-07-23,False
O01039,Initech,4596.39,USD,2026-09-21,True
O01040,ACME,2557.9,USD,2026-02-21,False
O01041,Hooli,1055.49,USD,2026-06-20,False
O01042,Initech,3809.72,CHF,2026-06-13,False
O01043,Hooli,3212.1,EUR,2026-06-13,False
O01044,Globex,2092.88,USD,2026-04-22,True
O01045,Globex,4992.3,EUR,2026-09-24,False
O01046,Umbrella,1299.26,EUR,2026-08-15,False
O01047,ACME,153.51,EUR,2026-06-22,True
O01048,Umbrella,2733.42,EUR,2026-09-15,True
O01049,Globex,3472.28,USD,2026-09-14,True
O01050,Hooli,4349.58,USD,2026-09-27,True
O01051,Umbrella,3666.24,EUR,2026-03-18,False
O01052,Initech,3396.35,CHF,2026-04-24,False
O01053,Hooli,640.12,USD,2026-08-24,True
O01054,ACME,3267.59,EUR,2026-02-11,True
O01055,Initech,4033.95,EUR,2026-03-26,True
O01056,ACME,3096.78,EUR,2026-08-12,False
O01057,Hooli,1200.89,EUR,2026-04-20,False
O01058,Hooli,139.91,USD,2026-06-12,True
O01059,ACME,3124.51,EUR,2026-01-15,False
O01060,Initech,1510.52,CHF,2026-02-16,False
O01061,Hooli,3981.06,USD,2026-09-10,True
O01062,Initech,1146.02,EUR,2026-09-25,True
O01063,Umbrella,3499.59,USD,2026-07-24,True
O01064,Globex,1413.01,CHF,2026-09-17,True
O01065,Initech,1986.5,EUR,2026-02-16,False
O01066,Initech,2312.87,USD,2026-09-25,True
O01067,Hooli,3770.22,CHF,2026-06-22,True
O01068,Globex,1743.7,CHF,2026-07-15,True
O01069,Umbrella,4593.53,USD,2026-09-16,True
O01070,Globex,1772.94,EUR,2026-05-18,False
O01071,ACME,2417.17,USD,2026-04-20,False
O01072,ACME,4362.89,USD,2026-05-14,True
O01073,Globex,1467.37,EUR,2026-07-24,False
O01074,Umbrella,953.58,EUR,2026-03-23,True
O01075,Hooli,4485.37,USD,2026-04-23,False
O01076,Initech,753.07,EUR,2026-04-15,False
O01077,Hooli,2693.21,USD,2026-09-25,True
O01078,ACME,4901.74,EUR,2026-08-11,True
O01079,Hooli,2182.37,USD,2026-04-28,True
O01080,Initech,1864.53,USD,2026-02-15,False
O01081,Globex,1269.82,CHF,2026-02-11,True
O01082,Globex,1249.57,EUR,2026-05-18,True
O01083,Initech,2451.89,USD,2026-01-19,False
O01084,Globex,1864.02,CHF,2026-07-13,True
O01085,ACME,581.07,CHF,2026-02-24,False
O01086,ACME,4979.03,EUR,2026-06-11,False
O01087,Umbrella,2064.63,CHF,2026-07-17,False
O01088,Umbrella,372.71,CHF,2026-08-23,False
O01089,Initech,899.04,USD,2026-07-16,True
O01090,Hooli,1086.38,CHF,2026-04-27,True
O01091,ACME,3428.12,USD,2026-01-10,False
O01092,Umbrella,3163.89,EUR,2026-08-14,False
O01093,Umbrella,3566.38,CHF,2026-04-14,False
O01094,ACME,3292.42,EUR,2026-07-24,False
O01095,Hooli,2990.06,USD,2026-02-14,True
O01096,ACME,1441.78,USD,2026-05-27,True
O01097,ACME,467.58,CHF,2026-02-19,True
O01098,Initech,3526.98,CHF,2026-07-26,False
O01099,ACME,597.78,USD,2026-05-25,False
O01100,Umbrella,542.53,EUR,2026-07-16,False
O01101,Umbrella,3234.8,USD,2026-07-26,False
O01102,ACME,2935.6,CHF,2026-08-18,True
O01103,Globex,2208.0,CHF,2026-05-21,True
O01104,Hooli,2601.06,USD,2026-03-18,True
O01105,ACME,2808.65,USD,2026-02-11,False
O01106,Initech,4555.48,USD,2026-02-13,True
O01107,Umbrella,1514.69,CHF,2026-01-22,False
O01108,Globex,3994.31,EUR,2026-01-10,True
O01109,Hooli,1120.04,EUR,2026-02-27,True
O01110,Hooli,2593.12,EUR,2026-05-23,False
O01111,Initech,2934.01,USD,2026-01-28,True
O01112,Hooli,4723.32,USD,2026-05-11,True
O01113,ACME,2145.15,CHF,2026-04-28,False
O01114,Umbrella,1454.12,CHF,2026-07-10,False
O01115,Umbrella,2932.53,USD,2026-09-18,True
O01116,ACME,4007.88,USD,2026-06-17,False
O01117,ACME,1589.89,CHF,2026-05-19,False
O01118,Globex,2067.08,CHF,2026-05-17,False
O01119,Umbrella,1293.36,CHF,2026-04-14,True
O01120,Hooli,85.99,USD,2026-03-21,False
O01121,Hooli,4648.47,USD,2026-08-15,True
O01122,Initech,3306.7,EUR,2026-03-25,False
O01123,ACME,4481.08,USD,2026-07-23,True
O01124,Initech,3336.15,CHF,2026-05-22,False
O01125,Hooli,1984.64,USD,2026-03-26,False
O01126,Hooli,2333.25,EUR,2026-04-12,True
O01127,Initech,4397.77,USD,2026-08-25,False
O01128,Initech,3010.82,EUR,2026-09-15,True
O01129,ACME,786.8,CHF,2026-09-16,False
O01130,Initech,4325.49,CHF,2026-03-14,True
O01131,Initech,4851.87,USD,2026-05-12,False
O01132,Globex,1980.17,EUR,2026-07-17,False
O01133,Umbrella,73.06,CHF,2026-07-10,True
O01134,Globex,2021.77,EUR,2026-01-28,True
O01135,Umbrella,3551.78,CHF,2026-09-12,True
O01136,Umbrella,1440.82,EUR,2026-06-28,True
O01137,ACME,3825.42,CHF,2026-01-28,False
O01138,Hooli,740.89,USD,2026-03-27,False
O01139,Initech,1735.15,EUR,2026-04-12,False
O01140,Hooli,2174.23,EUR,2026-05-28,False
O01141,ACME,4639.94,USD,2026-09-13,True
O01142,Initech,1278.43,CHF,2026-05-18,False
O01143,Hooli,2232.77,USD,2026-08-28,False
O01144,ACME,3446.47,EUR,2026-02-17,True
O01145,Globex,687.35,USD,2026-06-16,False
O01146,Umbrella,2415.41,EUR,2026-03-11,True
O01147,Umbrella,389.28,USD,2026-01-10,False
O01148,Umbrella,2525.89,EUR,2026-07-17,True
O01149,ACME,2935.57,EUR,2026-06-19,False
O01150,Umbrella,1981.45,CHF,2026-09-10,False
O01151,ACME,3038.01,USD,2026-04-17,False
O01152,ACME,143.89,EUR,2026-07-25,False
O01153,Initech,4186.39,CHF,2026-07-28,False
O01154,ACME,4793.78,CHF,2026-05-23,True
O01155,Umbrella,2716.07,USD,2026-02-25,True
O01156,Umbrella,3296.39,USD,2026-07-26,True
O01157,ACME,3661.37,USD,2026-05-11,False
O01158,Hooli,1390.01,EUR,2026-08-17,False
O01159,Hooli,2347.98,EUR,2026-05-11,False
O01160,Initech,2719.69,CHF,2026-07-28,True
O01161,Umbrella,2305.27,CHF,2026-03-25,False
O01162,Hooli,235.19,USD,2026-01-14,False
O01163,ACME,3828.23,EUR,2026-01-15,False
O01164,Globex,3666.42,EUR,2026-09-20,True
O01165,ACME,1243.54,CHF,2026-07-21,True
O01166,Umbrella,883.13,CHF,2026-05-21,True
O01167,Hooli,1360.91,USD,2026-01-13,True
O01168,ACME,1991.96,CHF,2026-02-20,False
O01169,ACME,787.41,EUR,2026-05-27,True
O01170,Hooli,4392.1,USD,2026-09-14,False
O01171,ACME,1091.67,EUR,2026-05-17,True
O01172,ACME,4338.01,USD,2026-02-15,False
O01173,Hooli,4164.22,USD,2026-03-15,False
O01174,Umbrella,3424.98,CHF,2026-08-18,False
O01175,Hooli,2718.52,EUR,2026-06-14,True
O01176,ACME,3369.24,EUR,2026-04-19,True
O01177,Initech,1621.96,CHF,2026-05-24,True
O01178,Umbrella,541.5,USD,2026-07-15,True
O01179,Globex,376.33,EUR,2026-02-22,True
O01180,Globex,1241.78,CHF,2026-01-23,False
O01181,ACME,165.09,USD,2026-04-17,False
O01182,Initech,3924.08,CHF,2026-06-14,False
O01183,ACME,1471.78,USD,2026-05-13,True
O01184,Umbrella,1633.49,USD,2026-04-25,False
O01185,Umbrella,3116.31,EUR,2026-02-24,True
O01186,Hooli,2225.62,USD,2026-05-25,False
O01187,Umbrella,524.56,CHF,2026-03-26,False
O01188,Globex,4953.3,USD,2026-07-20,False
O01189,ACME,2789.9,CHF,2026-02-22,True
O01190,Initech,2056.8,EUR,2026-05-20,False
O01191,Umbrella,1445.81,CHF,2026-08-14,True
O01192,Initech,3204.97,EUR,2026-07-10,False
O01193,Hooli,4099.22,USD,2026-04-23,True
O01194,Umbrella,4978.0,CHF,2026-04-12,True
O01195,Globex,1557.74,EUR,2026-07-21,False
O01196,Umbrella,1834.2,EUR,2026-04-12,False
O01197,Hooli,583.19,CHF,2026-08-23,False
O01198,Hooli,2096.34,EUR,2026-04-28,False
O01199,Initech,1257.66,USD,2026-08-24,True
O01200,Umbrella,2819.75,EUR,2026-01-15,True
O01201,Initech,1497.15,EUR,2026-04-17,False
O01202,Initech,2213.74,CHF,2026-07-27,True
O01203,ACME,3662.5,EUR,2026-04-12,False
O01204,Globex,4596.06,CHF,2026-05-21,True
O01205,Globex,2771.1,CHF,2026-07-17,True
O01206,ACME,403.31,USD,2026-01-22,False
O01207,Initech,2233.96,EUR,2026-05-15,False
O01208,Globex,805.0,USD,2026-06-14,False
O01209,Hooli,335.07,USD,2026-06-18,True
O01210,ACME,2779.02,USD,2026-04-20,True
O01211,ACME,2228.75,USD,2026-06-19,False
O01212,Globex,2867.82,EUR,2026-05-16,False
O01213,Hooli,3805.47,CHF,2026-06-22,True
O01214,ACME,2880.83,EUR,2026-09-22,False
O01215,Umbrella,1049.08,CHF,2026-09-16,False
O01216,ACME,2353.11,EUR,2026-06-25,True
O01217,Initech,1467.73,CHF,2026-03-24,True
O01218,Initech,2680.34,CHF,2026-03-16,False
O01219,Umbrella,1721.42,EUR,2026-05-21,True
O01220,Hooli,742.29,USD,2026-05-13,False
O01221,Hooli,747.12,EUR,2026-05-18,False
O01222,Initech,3215.58,USD,2026-05-27,False
O01223,Initech,3295.15,CHF,2026-01-17,False
O01224,Globex,1611.92,EUR,2026-07-18,False
O01225,ACME,3650.44,CHF,2026-05-19,True
O01226,Hooli,4499.44,USD,2026-03-16,False
O01227,ACME,3193.3,USD,2026-02-26,True
O01228,Umbrella,1257.89,CHF,2026-08-25,False
O01229,Initech,2634.42,CHF,2026-01-20,False
O01230,Hooli,3958.44,CHF,2026-03-25,False
O01231,Initech,4561.84,EUR,2026-05-13,True
O01232,Globex,4436.57,EUR,2026-04-26,True
O01233,Globex,2682.67,USD,2026-06-25,False
O01234,ACME,969.71,CHF,2026-04-23,False
O01235,Globex,235.22,USD,2026-01-12,False
O01236,Initech,597.46,EUR,2026-09-26,True
O01237,ACME,2589.29,EUR,2026-07-14,False
O01238,Globex,2917.49,USD,2026-08-12,False
O01239,Initech,3928.48,EUR,2026-06-10,False
O01240,Umbrella,1009.44,CHF,2026-09-13,False
O01241,Globex,3007.91,EUR,2026-06-14,True
O01242,Globex,3919.97,CHF,2026-06-21,True
O01243,Umbrella,530.27,CHF,2026-01-19,False
O01244,Umbrella,2363.17,USD,2026-05-27,True
O01245,Globex,2451.41,EUR,2026-04-21,False
O01246,Globex,4871.73,EUR,2026-02-26,True
O01247,Hooli,640.8,CHF,2026-08-24,False
O01248,Initech,4581.16,USD,2026-05-26,True
O01249,Initech,692.05,EUR,2026-04-17,True
O01250,ACME,4489.59,CHF,2026-05-14,False
O01251,Umbrella,1815.68,EUR,2026-07-23,True
O01252,Hooli,4988.74,EUR,2026-08-28,True
O01253,Umbrella,3480.07,USD,2026-08-15,True
O01254,Hooli,2025.78,EUR,2026-09-23,False
O01255,Initech,434.17,EUR,2026-08-21,True
O01256,Hooli,2678.99,EUR,2026-09-16,True
O01257,ACME,470.48,EUR,2026-06-17,True
O01258,ACME,2096.61,EUR,2026-02-25,False
O01259,Globex,3795.19,USD,2026-04-14,False
O01260,Umbrella,847.13,USD,2026-09-16,False
O01261,ACME,3661.65,USD,2026-02-13,False
O01262,Hooli,3899.85,CHF,2026-09-14,True
O01263,Initech,2948.03,USD,2026-07-28,True
O01264,Globex,1655.07,CHF,2026-07-12,False
O01265,Globex,2809.31,USD,2026-09-22,True
O01266,Umbrella,1313.55,USD,2026-02-24,True
O01267,Initech,3610.23,USD,2026-08-24,True
O01268,Hooli,608.39,EUR,2026-04-28,True
O01269,Globex,4370.29,CHF,2026-05-24,False
O01270,ACME,4543.67,EUR,2026-04-24,False
O01271,Umbrella,2227.21,EUR,2026-04-15,False
O01272,ACME,1754.11,CHF,2026-08-14,True
O01273,Umbrella,3661.82,EUR,2026-08-28,False
O01274,Hooli,660.51,CHF,2026-01-23,False
O01275,Globex,2521.81,CHF,2026-02-28,True
O01276,Umbrella,1719.66,CHF,2026-06-12,False
O01277,Hooli,4068.75,EUR,2026-09-20,True
O01278,Initech,4361.58,EUR,2026-02-18,False
O01279,Hooli,884.2,CHF,2026-06-11,False
O01280,ACME,1616.97,EUR,2026-03-19,True
O01281,Hooli,1344.63,CHF,2026-05-24,True
O01282,Initech,1317.38,USD,2026-04-15,True
O01283,Umbrella,667.16,EUR,2026-06-15,False
O01284,Initech,2024.93,USD,2026-07-14,False
O01285,ACME,2133.2,CHF,2026-05-15,False
O01286,Globex,1912.81,USD,2026-03-14,False
O01287,Umbrella,2569.08,CHF,2026-04-14,True
O01288,Initech,4924.04,CHF,2026-05-10,False
O01289,Globex,354.03,USD,2026-02-16,True
O01290,Initech,2754.6,USD,2026-04-19,False
O01291,Initech,3388.99,CHF,2026-01-28,True
O01292,Hooli,232.12,EUR,2026-05-26,True
O01293,Hooli,4328.47,EUR,2026-04-25,False
O01294,Umbrella,239.44,USD,2026-05-13,False
O01295,Initech,3914.01,CHF,2026-05-13,True
O01296,Hooli,3218.32,CHF,2026-06-19,False
O01297,Initech,3054.32,EUR,2026-01-12,False
O01298,Initech,2876.23,CHF,2026-07-20,False
O01299,Globex,3130.56,CHF,2026-09-26,False
O01300,Globex,2890.87,EUR,2026-09-15,True
O01301,Globex,1845.3,CHF,2026-08-14,False
O01302,Hooli,2346.92,EUR,2026-06-12,True
O01303,Initech,4185.04,EUR,2026-01-15,True
O01304,Initech,1478.83,CHF,2026-02-26,True
O01305,Umbrella,3247.49,CHF,2026-05-20,True
O01306,Globex,2250.89,USD,2026-07-15,True
O01307,Initech,1931.72,CHF,2026-06-27,True
O01308,Umbrella,1855.43,EUR,2026-09-20,False
O01309,ACME,3828.71,CHF,2026-09-28,True
O01310,Hooli,1284.35,EUR,2026-03-20,False
O01311,Umbrella,104.33,EUR,2026-02-15,False
O01312,Initech,1593.41,EUR,2026-05-13,False
O01313,Initech,1723.09,EUR,2026-08-24,True
O01314,Initech,1527.39,CHF,2026-09-13,False
O01315,ACME,1772.68,CHF,2026-09-22,False
O01316,Hooli,2780.84,USD,2026-08-18,True
O01317,ACME,4006.51,USD,2026-02-16,False
O01318,ACME,210.81,CHF,2026-05-27,True
O01319,Umbrella,4568.5,CHF,2026-02-14,True
O01320,ACME,3403.1,CHF,2026-08-10,True
O01321,ACME,1134.65,CHF,2026-04-14,False
O01322,Hooli,4401.79,EUR,2026-03-26,False
O01323,Umbrella,4046.35,EUR,2026-04-20,False
O01324,Hooli,3661.82,USD,2026-01-21,False
O01325,Globex,3426.4,USD,2026-03-28,False
O01326,ACME,3562.12,CHF,2026-08-27,True
O01327,ACME,1694.87,CHF,2026-07-21,True
O01328,Umbrella,236.05,EUR,2026-08-12,True
O01329,Hooli,2007.13,EUR,2026-05-24,True
O01330,Umbrella,4545.4,CHF,2026-08-28,False
O01331,Hooli,3017.75,USD,2026-08-16,False
O01332,ACME,2072.67,CHF,2026-06-14,False
O01333,Globex,4794.04,EUR,2026-04-17,False
O01334,ACME,2012.55,USD,2026-01-10,False
O01335,Initech,4598.47,CHF,2026-07-19,True
O01336,Umbrella,2277.04,USD,2026-07-11,True
O01337,Umbrella,4736.98,USD,2026-03-26,True
O01338,Umbrella,4340.37,EUR,2026-05-21,True
O01339,Initech,41.22,USD,2026-06-22,True
O01340,Initech,1658.01,CHF,2026-06-19,True
O01341,Globex,3955.73,EUR,2026-02-24,False
O01342,Globex,4683.68,EUR,2026-01-21,True
O01343,Umbrella,2679.01,USD,2026-05-27,True
O01344,ACME,4731.51,USD,2026-09-21,True
O01345,Hooli,2783.35,CHF,2026-07-28,False
O01346,ACME,1738.02,EUR,2026-05-18,True
O01347,Initech,256.21,EUR,2026-04-27,False
O01348,ACME,2975.57,USD,2026-02-27,False
O01349,Initech,499.37,EUR,2026-08-24,True
O01350,Globex,4632.7,CHF,2026-05-26,False
O01351,Umbrella,3352.16,USD,2026-07-27,True
O01352,ACME,4295.93,EUR,2026-09-27,True
O01353,Globex,3992.0,USD,2026-06-15,False
O01354,Umbrella,4234.92,USD,2026-07-16,True
O01355,ACME,4122.94,CHF,2026-03-14,False
O01356,Umbrella,4039.62,CHF,2026-03-10,True
O01357,Hooli,4232.73,USD,2026-01-11,False
O01358,Initech,1193.36,CHF,2026-02-24,True
O01359,ACME,3200.79,EUR,2026-02-17,True
O01360,ACME,2201.58,EUR,2026-06-23,False
O01361,Umbrella,4673.19,USD,2026-08-15,False
O01362,Umbrella,3983.87,EUR,2026-09-13,True
O01363,Umbrella,2809.97,USD,2026-02-12,True
O01364,Initech,4265.84,EUR,2026-07-25,False
O01365,Umbrella,3431.68,CHF,2026-07-25,True
O01366,Umbrella,1446.24,EUR,2026-09-15,False
O01367,Initech,1121.46,CHF,2026-04-17,False
O01368,Umbrella,2522.77,USD,2026-07-27,True
O01369,Globex,1146.63,USD,2026-02-12,False
O01370,ACME,2387.67,CHF,2026-08-24,True
O01371,Umbrella,365.92,EUR,2026-09-23,True
O01372,ACME,4921.26,CHF,2026-03-16,False
O01373,Umbrella,1633.47,EUR,2026-06-16,False
O01374,Globex,3901.38,EUR,2026-04-20,True
O01375,ACME,3333.47,EUR,2026-02-10,False
O01376,Hooli,4179.83,CHF,2026-08-21,True
O01377,Hooli,3503.84,EUR,2026-01-15,False
O01378,Initech,2859.96,CHF,2026-08-10,False
O01379,Initech,4458.16,EUR,2026-02-12,False
O01380,ACME,2626.08,EUR,2026-08-12,True
O01381,Initech,76.73,EUR,2026-09-26,True
O01382,Umbrella,4286.25,EUR,2026-06-10,False
O01383,Hooli,2909.2,CHF,2026-01-12,True
O01384,Globex,1139.06,USD,2026-06-22,True
O01385,Initech,2180.18,EUR,2026-09-25,True
O01386,Initech,2605.43,EUR,2026-06-23,True
O01387,Umbrella,3516.2,EUR,2026-05-11,False
O01388,Umbrella,2870.49,USD,2026-07-12,True
O01389,ACME,537.54,CHF,2026-02-25,True
O01390,ACME,3659.52,CHF,2026-01-16,True
O01391,Globex,4130.93,CHF,2026-09-17,False
O01392,Umbrella,1203.04,USD,2026-03-20,False
O01393,Globex,2248.74,CHF,2026-08-11,False
O01394,Globex,2705.0,USD,2026-05-28,False
O01395,ACME,3671.68,CHF,2026-03-12,True
O01396,Globex,3675.31,CHF,2026-03-10,True
O01397,Umbrella,809.97,CHF,2026-05-21,False
O01398,Globex,2423.54,USD,2026-04-20,True
O01399,Umbrella,1323.53,USD,2026-06-14,True
O01400,Hooli,4188.01,CHF,2026-08-10,True
O01401,ACME,4503.88,USD,2026-04-25,True
O01402,ACME,4715.39,USD,2026-09-13,True
O01403,Initech,929.22,CHF,2026-04-22,True
O01404,ACME,986.53,CHF,2026-05-12,True
O01405,Globex,2227.17,EUR,2026-04-28,False
O01406,Initech,4680.92,USD,2026-07-28,True
O01407,Umbrella,1175.99,USD,2026-07-13,False
O01408,Hooli,929.71,EUR,2026-05-14,True
O01409,Hooli,3902.09,CHF,2026-04-25,True
O01410,Globex,1216.52,EUR,2026-07-12,False
O01411,Initech,3474.72,USD,2026-02-17,True
O01412,Hooli,4646.79,EUR,2026-01-13,True
O01413,ACME,3866.22,EUR,2026-07-26,False
O01414,Initech,4732.22,USD,2026-07-27,True
O01415,Hooli,4549.71,CHF,2026-01-19,True
O01416,Globex,830.61,USD,2026-08-17,False
O01417,Umbrella,1113.52,CHF,2026-02-25,False
O01418,Umbrella,3536.31,CHF,2026-05-23,False
O01419,Umbrella,3483.43,EUR,2026-08-25,False
O01420,Hooli,139.17,USD,2026-03-27,False
O01421,Initech,535.11,USD,2026-02-12,True
O01422,Umbrella,2225.44,USD,2026-08-26,False
O01423,Hooli,1698.31,CHF,2026-03-24,True
O01424,Hooli,439.34,USD,2026-05-14,False
O01425,Initech,1610.45,USD,2026-08-10,True
O01426,Globex,4830.85,USD,2026-04-22,False
O01427,Umbrella,662.21,CHF,2026-08-28,True
O01428,Hooli,2977.45,EUR,2026-06-11,True
O01429,Hooli,4999.12,CHF,2026-02-19,False
O01430,Umbrella,3218.48,USD,2026-07-26,False
O01431,Globex,1385.23,EUR,2026-04-25,False
O01432,Globex,2439.82,CHF,2026-02-16,False
O01433,ACME,4952.92,CHF,2026-05-12,True
O01434,ACME,1791.46,EUR,2026-08-12,False
O01435,Initech,1296.46,EUR,2026-08-14,True
O01436,Globex,3494.13,EUR,2026-08-14,True
O01437,Umbrella,1338.07,EUR,2026-02-22,False
O01438,Globex,2549.74,CHF,2026-05-13,False
O01439,Hooli,4264.89,USD,2026-03-17,True
O01440,Hooli,2565.75,CHF,2026-08-14,False
O01441,ACME,713.08,CHF,2026-09-21,False
O01442,Initech,4169.67,EUR,2026-06-24,True
O01443,Globex,1949.09,USD,2026-03-18,True
O01444,Globex,1240.94,EUR,2026-08-15,True
O01445,Initech,2286.95,CHF,2026-07-15,True
O01446,Globex,1404.61,USD,2026-01-25,True
O01447,ACME,3755.19,USD,2026-03-17,True
O01448,Globex,1184.15,USD,2026-02-12,False
O01449,Hooli,1780.45,CHF,2026-01-26,True
O01450,Hooli,2547.64,USD,2026-08-20,True
O01451,Initech,3459.87,EUR,2026-07-13,False
O01452,ACME,1184.46,CHF,2026-09-11,False
O01453,Initech,630.71,USD,2026-04-25,True
O01454,Globex,1087.34,EUR,2026-01-14,True
O01455,ACME,395.7,EUR,2026-05-28,False
O01456,Globex,4334.9,EUR,2026-02-20,True
O01457,Hooli,4907.34,EUR,2026-03-16,False
O01458,Hooli,2590.93,EUR,2026-02-17,True
O01459,ACME,406.73,EUR,2026-05-18,False
O01460,Hooli,2000.71,USD,2026-01-28,True
O01461,ACME,2831.67,EUR,2026-06-23,False
O01462,Hooli,1910.76,CHF,2026-07-15,True
O01463,Hooli,4205.12,CHF,2026-08-10,True
O01464,ACME,4347.18,USD,2026-06-27,False
O01465,Umbrella,4560.8,EUR,2026-05-13,False
O01466,Globex,2555.15,CHF,2026-04-22,False
O01467,Globex,1784.13,USD,2026-03-19,False
O01468,Globex,1553.68,CHF,2026-01-10,False
O01469,Initech,3089.06,USD,2026-05-15,False
O01470,Initech,1155.71,EUR,2026-08-28,True
O01471,ACME,1093.36,USD,2026-01-19,False
O01472,Umbrella,2776.52,USD,2026-08-10,False
O01473,Initech,168.0,EUR,2026-08-22,True
O01474,Initech,1774.88,EUR,2026-02-10,False
O01475,Initech,4636.34,EUR,2026-02-22,True
O01476,Initech,3506.64,CHF,2026-02-26,True
O01477,ACME,1921.16,CHF,2026-01-14,True
O01478,Initech,630.96,EUR,2026-09-15,True
O01479,ACME,1350.59,USD,2026-06-14,True
O01480,Hooli,3525.9,EUR,2026-02-12,False
O01481,ACME,3045.34,USD,2026-03-20,True
O01482,Umbrella,3556.91,CHF,2026-04-14,True
O01483,ACME,3933.12,CHF,2026-09-22,False
O01484,Umbrella,4941.38,USD,2026-03-27,True
O01485,Umbrella,2706.87,USD,2026-05-17,False
O01486,Hooli,1385.07,USD,2026-05-27,True
O01487,Globex,797.67,USD,2026-06-22,True
O01488,Initech,2397.59,EUR,2026-05-19,True
O01489,ACME,483.86,EUR,2026-06-11,False
O01490,Umbrella,4007.22,EUR,2026-09-28,True
O01491,ACME,3480.54,EUR,2026-05-19,True
O01492,Hooli,4091.62,CHF,2026-08-25,True
O01493,Umbrella,4740.14,CHF,2026-01-21,False
O01494,ACME,1290.25,CHF,2026-02-21,True
O01495,Umbrella,4277.2,USD,2026-08-13,True
O01496,Hooli,4921.33,CHF,2026-05-19,True
O01497,Initech,67.19,USD,2026-06-27,True
O01498,Hooli,3431.24,USD,2026-07-27,False
O01499,ACME,274.18,EUR,2026-03-27,True
O01500,Umbrella,3357.19,EUR,2026-01-20,True
O01501,Hooli,4510.5,USD,2026-05-26,True
O01502,ACME,503.35,USD,2026-02-27,True
O01503,Umbrella,3814.53,USD,2026-05-11,True
O01504,ACME,3411.18,CHF,2026-04-22,False
O01505,Initech,3046.43,CHF,2026-06-27,False
O01506,Globex,53.44,CHF,2026-02-25,True
O01507,Globex,4494.13,USD,2026-09-25,True
O01508,Globex,2887.78,EUR,2026-01-20,True
O01509,Globex,3801.24,USD,2026-03-21,True
O01510,Hooli,2340.21,CHF,2026-09-15,False
O01511,ACME,1633.89,CHF,2026-04-19,False
O01512,Hooli,305.08,EUR,2026-08-20,True
O01513,Hooli,4750.48,USD,2026-07-21,True
O01514,Hooli,1061.02,USD,2026-09-24,False
O01515,Hooli,3455.38,EUR,2026-04-14,True
O01516,Umbrella,2166.13,EUR,2026-07-14,True
O01517,Hooli,738.85,USD,2026-09-23,True
O01518,Umbrella,2181.59,USD,2026-06-22,False
O01519,ACME,4765.92,EUR,2026-03-27,False
O01520,Globex,3609.63,EUR,2026-06-21,True
O01521,Initech,4593.6,EUR,2026-06-27,True
O01522,Initech,4479.48,USD,2026-07-20,False
O01523,Globex,2288.3,CHF,2026-06-23,False
O01524,ACME,1486.01,USD,2026-03-21,True
O01525,Hooli,925.18,CHF,2026-06-17,True
O01526,Globex,4173.77,USD,2026-03-28,False
O01527,ACME,4053.58,CHF,2026-08-23,False
O01528,ACME,4245.12,USD,2026-06-13,True
O01529,ACME,2004.06,EUR,2026-06-19,False
O01530,Hooli,4954.15,EUR,2026-04-14,True
O01531,Hooli,1196.54,USD,2026-08-15,False
O01532,ACME,4282.72,EUR,2026-06-19,False
O01533,Hooli,1574.5,EUR,2026-07-28,True
O01534,Hooli,2471.46,EUR,2026-02-18,False
O01535,Hooli,2914.75,USD,2026-05-11,True
O01536,Globex,4169.17,EUR,2026-09-20,True
O01537,ACME,788.5,CHF,2026-04-22,True
O01538,Hooli,1534.37,EUR,2026-04-16,True
O01539,ACME,2559.46,CHF,2026-09-25,False
O01540,ACME,2576.32,USD,2026-07-27,True
O01541,Umbrella,3463.32,CHF,2026-01-22,False
O01542,ACME,1429.15,EUR,2026-07-11,True
O01543,Hooli,175.72,CHF,2026-03-28,True
O01544,Umbrella,118.98,EUR,2026-04-13,False
O01545,Hooli,890.97,USD,2026-08-11,True
O01546,Umbrella,423.27,EUR,2026-07-12,False
O01547,Globex,222.47,USD,2026-03-22,False
O01548,Hooli,422.97,USD,2026-05-24,True
O01549,Umbrella,1851.82,CHF,2026-09-17,False
O01550,Umbrella,4540.35,EUR,2026-03-20,True
O01551,Umbrella,4200.42,CHF,2026-08-22,False
O01552,Umbrella,3276.31,CHF,2026-04-11,True
O01553,Globex,2328.95,EUR,2026-09-14,True
O01554,ACME,4411.82,EUR,2026-02-14,False
O01555,Umbrella,3950.48,EUR,2026-09-21,True
O01556,Hooli,2090.41,EUR,2026-07-15,True
O01557,Umbrella,4643.73,EUR,2026-09-25,False
O01558,Initech,497.3,EUR,2026-09-27,True
O01559,Initech,3748.5,EUR,2026-08-14,False
O01560,Globex,1042.27,CHF,2026-09-17,False
O01561,Umbrella,1517.77,USD,2026-07-10,False
O01562,Umbrella,1125.86,USD,2026-07-25,False
O01563,Umbrella,3858.4,EUR,2026-06-19,False
O01564,Globex,1041.46,EUR,2026-02-16,False
O01565,Globex,4630.21,EUR,2026-09-14,True
O01566,Initech,4589.54,USD,2026-03-19,True
O01567,Umbrella,2797.96,CHF,2026-02-13,True
O01568,Hooli,452.72,CHF,2026-08-19,True
O01569,Hooli,2646.56,USD,2026-03-12,True
O01570,ACME,2653.35,EUR,2026-05-24,True
O01571,Hooli,1395.57,CHF,2026-07-18,False
O01572,ACME,2657.21,CHF,2026-03-15,False
O01573,Globex,65.99,CHF,2026-06-27,True
O01574,Globex,1012.89,EUR,2026-01-15,True
O01575,Initech,45.04,EUR,2026-04-21,False
O01576,ACME,2531.67,EUR,2026-06-24,True
O01577,Umbrella,3902.62,CHF,2026-02-15,False
O01578,ACME,4475.06,CHF,2026-09-15,True
O01579,Globex,1611.65,EUR,2026-04-20,True
O01580,Initech,348.55,USD,2026-06-12,False
O01581,Initech,2543.39,CHF,2026-04-22,False
O01582,Globex,1132.32,EUR,2026-03-27,False
O01583,ACME,1651.51,USD,2026-09-25,True
O01584,Hooli,785.59,CHF,2026-05-25,True
O01585,Globex,1165.69,CHF,2026-06-10,False
O01586,Initech,2774.49,EUR,2026-02-26,False
O01587,Umbrella,3356.86,USD,2026-09-27,False
O01588,ACME,859.1,USD,2026-03-19,False
O01589,ACME,4302.43,EUR,2026-02-18,True
O01590,ACME,4011.28,CHF,2026-04-24,False
O01591,Initech,2870.52,CHF,2026-09-22,False
O01592,Hooli,2544.04,EUR,2026-05-25,True
O01593,Initech,3490.0,CHF,2026-02-26,True
O01594,Hooli,46.58,USD,2026-05-23,True
O01595,Initech,2342.69,EUR,2026-05-18,False
O01596,Globex,173.45,CHF,2026-07-14,False
O01597,Hooli,4658.37,USD,2026-09-24,False
O01598,ACME,560.84,EUR,2026-05-23,True
O01599,ACME,4121.58,EUR,2026-09-16,False
O01600,Hooli,4511.98,CHF,2026-01-12,True
O01601,Initech,1147.29,USD,2026-08-28,True
O01602,Globex,469.83,USD,2026-02-10,True
O01603,ACME,2254.68,EUR,2026-05-14,False
O01604,Initech,3762.62,CHF,2026-01-27,False
O01605,Hooli,4879.77,USD,2026-05-19,False
O01606,Initech,4860.18,CHF,2026-02-15,True
O01607,Initech,2994.44,CHF,2026-06-12,True
O01608,Umbrella,4402.44,CHF,2026-07-20,False
O01609,Globex,2694.16,CHF,2026-08-19,False
O01610,Initech,4496.67,CHF,2026-02-27,True
O01611,Globex,638.19,USD,2026-01-27,False
O01612,Initech,1525.44,EUR,2026-04-16,True
O01613,Hooli,1275.6,USD,2026-03-13,False
O01614,ACME,694.98,CHF,2026-02-11,False
O01615,Globex,3258.13,USD,2026-02-22,True
O01616,Umbrella,242.32,USD,2026-04-14,True
O01617,Hooli,481.19,CHF,2026-03-19,False
O01618,Globex,2005.09,EUR,2026-07-15,True
O01619,Initech,4431.63,CHF,2026-04-28,False
O01620,Hooli,2670.19,USD,2026-04-26,True
O01621,Umbrella,34.56,CHF,2026-03-16,True
O01622,Umbrella,4525.71,CHF,2026-08-10,True
O01623,ACME,3403.36,EUR,2026-05-23,False
O01624,Initech,1777.22,USD,2026-05-24,True
O01625,Initech,1862.21,CHF,2026-09-20,True
O01626,Initech,4794.3,USD,2026-09-13,False
O01627,Globex,2373.95,CHF,2026-07-24,False
O01628,Initech,2324.36,CHF,2026-07-22,False
O01629,Globex,4497.47,EUR,2026-01-11,True
O01630,Initech,1707.85,EUR,2026-08-25,True
O01631,Umbrella,1135.43,USD,2026-01-20,False
O01632,ACME,4159.89,EUR,2026-05-18,True
O01633,Umbrella,740.37,CHF,2026-01-27,True
O01634,ACME,414.99,USD,2026-03-28,True
O01635,Globex,3738.46,CHF,2026-03-15,True
O01636,Globex,379.74,CHF,2026-02-16,True
O01637,Globex,200.01,EUR,2026-05-14,True
O01638,Globex,3330.12,EUR,2026-07-19,True
O01639,ACME,2724.94,USD,2026-01-11,True
O01640,Hooli,3618.83,CHF,2026-04-22,False
O01641,Globex,4015.21,CHF,2026-02-14,True
O01642,ACME,2961.66,CHF,2026-05-15,True
O01643,Globex,1276.3,USD,2026-06-24,True
O01644,Globex,4193.79,CHF,2026-06-26,True
O01645,Umbrella,4629.51,CHF,2026-09-24,False
O01646,ACME,948.7,USD,2026-07-16,False
O01647,Umbrella,156.68,USD,2026-04-24,True
O01648,Hooli,636.22,CHF,2026-04-13,False
O01649,Umbrella,848.06,CHF,2026-08-12,False
O01650,ACME,161.55,EUR,2026-07-19,True
O01651,Hooli,2852.89,CHF,2026-03-14,True
O01652,Globex,4661.44,USD,2026-05-25,False
O01653,Umbrella,4549.06,EUR,2026-05-11,True
O01654,Initech,2675.53,EUR,2026-05-23,True
O01655,ACME,4492.73,CHF,2026-02-27,False
O01656,Hooli,1052.23,EUR,2026-03-17,False
O01657,Globex,3538.38,CHF,2026-03-22,False
O01658,ACME,404.45,EUR,2026-01-13,True
O01659,Globex,581.1,USD,2026-09-20,True
O01660,ACME,2604.84,EUR,2026-04-22,True
O01661,ACME,2900.02,CHF,2026-06-11,True
O01662,ACME,382.76,CHF,2026-09-10,False
O01663,ACME,1210.07,CHF,2026-06-18,True
O01664,Hooli,2346.62,CHF,2026-07-19,False
O01665,ACME,2825.33,EUR,2026-07-14,True
O01666,Umbrella,4093.58,CHF,2026-05-22,True
O01667,Umbrella,302.06,CHF,2026-04-17,True
O01668,ACME,2840.01,EUR,2026-05-21,True
O01669,ACME,4390.72,EUR,2026-02-21,True
O01670,Hooli,2244.89,EUR,2026-01-16,False
O01671,Initech,754.92,EUR,2026-01-26,False
O01672,Hooli,2626.21,USD,2026-03-28,False
O01673,Globex,1272.74,USD,2026-08-23,False
O01674,Hooli,632.38,EUR,2026-05-15,False
O01675,Initech,2753.03,USD,2026-08-25,True
O01676,ACME,2825.29,USD,2026-04-11,False
O01677,Initech,1316.7,CHF,2026-09-14,False
O01678,Umbrella,4787.25,EUR,2026-09-28,False
O01679,Globex,4756.32,USD,2026-06-23,False
O01680,ACME,2748.75,EUR,2026-08-11,True
O01681,Globex,4635.66,USD,2026-03-23,False
O01682,ACME,4103.21,USD,2026-04-28,True
O01683,Globex,3188.24,EUR,2026-09-28,True
O01684,Umbrella,3796.54,USD,2026-01-21,False
O01685,Hooli,2452.55,EUR,2026-06-15,True
O01686,Initech,2464.67,USD,2026-02-23,True
O01687,ACME,3402.06,EUR,2026-08-22,False
O01688,ACME,533.96,USD,2026-09-15,True
O01689,Umbrella,970.79,USD,2026-06-15,True
O01690,Initech,3907.12,USD,2026-06-20,True
O01691,Globex,448.68,CHF,2026-06-13,True
O01692,Hooli,4434.87,EUR,2026-01-25,False
O01693,Globex,915.25,USD,2026-04-23,True
O01694,ACME,1435.38,EUR,2026-08-10,True
O01695,Umbrella,1041.31,USD,2026-04-19,False
O01696,Hooli,4728.19,EUR,2026-09-11,False
O01697,ACME,258.89,USD,2026-02-14,True
O01698,Umbrella,130.51,EUR,2026-05-16,False
O01699,Initech,1734.4,USD,2026-06-12,True
O01700,Hooli,3040.24,CHF,2026-01-21,True
O01701,Globex,403.26,CHF,2026-05-24,False
O01702,ACME,56.38,EUR,2026-05-24,False
O01703,Initech,4382.04,CHF,2026-09-23,False
O01704,Umbrella,3555.38,EUR,2026-06-20,True
O01705,Umbrella,1497.04,CHF,2026-04-16,True
O01706,Globex,3429.08,EUR,2026-06-24,True
O01707,Initech,3248.8,CHF,2026-03-25,True
O01708,Umbrella,4892.63,CHF,2026-07-26,True
O01709,Hooli,2604.61,EUR,2026-01-27,True
O01710,Umbrella,4433.86,USD,2026-01-14,True
O01711,ACME,1256.9,USD,2026-09-15,True
O01712,Hooli,2376.63,USD,2026-01-25,True
O01713,Umbrella,3282.31,CHF,2026-06-27,True
O01714,Globex,3411.71,USD,2026-02-14,True
O01715,Initech,1347.19,USD,2026-07-11,True
O01716,ACME,1611.94,CHF,2026-01-20,False
O01717,Umbrella,1507.12,CHF,2026-01-21,True
O01718,Hooli,3194.74,USD,2026-05-19,False
O01719,Umbrella,3089.1,USD,2026-03-20,True
O01720,Hooli,479.78,EUR,2026-07-10,False
O01721,Umbrella,3186.98,EUR,2026-05-16,False
O01722,Initech,153.67,EUR,2026-06-14,True
O01723,Globex,2430.46,USD,2026-06-20,True
O01724,Initech,3117.52,EUR,2026-07-25,False
O01725,Umbrella,1764.47,EUR,2026-04-25,True
O01726,Umbrella,4126.27,USD,2026-08-25,False
O01727,ACME,1157.72,CHF,2026-04-20,True
O01728,Initech,1359.66,CHF,2026-05-25,False
O01729,ACME,2894.67,USD,2026-03-22,True
O01730,Initech,1132.36,EUR,2026-09-24,False
O01731,Hooli,3375.12,EUR,2026-01-10,True
O01732,Umbrella,1556.58,EUR,2026-03-23,True
O01733,Initech,2320.77,CHF,2026-02-23,True
O01734,Umbrella,3056.35,EUR,2026-05-14,True
O01735,Globex,4510.17,CHF,2026-01-12,False
O01736,ACME,546.72,USD,2026-06-20,True
O01737,Initech,3667.33,CHF,2026-05-21,False
O01738,Globex,4061.39,USD,2026-06-17,True
O01739,Umbrella,2963.92,USD,2026-05-14,False
O01740,Globex,4276.61,USD,2026-05-23,False
O01741,Initech,3526.67,EUR,2026-09-22,True
O01742,ACME,1718.69,USD,2026-06-10,True
O01743,ACME,1544.22,USD,2026-01-21,True
O01744,Initech,2446.01,EUR,2026-03-28,False
O01745,Hooli,810.39,USD,2026-08-20,False
O01746,Hooli,2427.87,CHF,2026-08-20,True
O01747,Umbrella,3407.64,USD,2026-01-13,False
O01748,Initech,4296.53,CHF,2026-01-27,False
O01749,Hooli,330.22,CHF,2026-04-21,False
O01750,ACME,3767.55,USD,2026-02-16,True
O01751,Globex,3039.63,USD,2026-09-21,False
O01752,Umbrella,2150.06,USD,2026-04-15,True
O01753,ACME,1911.82,CHF,2026-06-19,True
O01754,Initech,4187.14,USD,2026-02-18,True
O01755,ACME,1557.38,EUR,2026-09-12,True
O01756,Umbrella,2442.85,USD,2026-07-24,True
O01757,Initech,4035.31,USD,2026-06-20,True
O01758,Umbrella,1030.98,CHF,2026-01-15,True
O01759,Hooli,2546.12,CHF,2026-05-14,False
O01760,Umbrella,3940.75,USD,2026-02-26,False
O01761,Globex,4889.25,USD,2026-05-15,True
O01762,Hooli,270.05,CHF,2026-05-21,True
O01763,Umbrella,989.55,CHF,2026-02-27,False
O01764,Hooli,3377.21,USD,2026-01-26,False
O01765,Hooli,2871.95,USD,2026-04-23,True
O01766,ACME,4126.17,EUR,2026-07-28,True
O01767,Umbrella,4223.62,USD,2026-04-18,True
O01768,ACME,3974.71,USD,2026-05-20,True
O01769,Umbrella,1452.25,USD,2026-02-20,False
O01770,Hooli,760.15,EUR,2026-07-28,False
O01771,ACME,677.99,EUR,2026-06-20,True
O01772,Initech,4629.11,CHF,2026-02-15,False
O01773,Umbrella,3568.19,EUR,2026-06-11,False
O01774,Hooli,1584.92,CHF,2026-08-22,False
O01775,Umbrella,2820.44,CHF,2026-06-21,False
O01776,Umbrella,4351.24,EUR,2026-02-21,True
O01777,Umbrella,1110.91,EUR,2026-04-13,False
O01778,Globex,1204.75,CHF,2026-04-25,True
O01779,Hooli,1522.41,USD,2026-05-22,False
O01780,Globex,3641.74,CHF,2026-08-12,False
O01781,Hooli,984.99,CHF,2026-05-26,False
O01782,Hooli,269.67,CHF,2026-09-22,False
O01783,Initech,2485.41,USD,2026-01-17,False
O01784,Initech,4576.36,CHF,2026-02-13,True
O01785,Umbrella,3760.45,USD,2026-07-13,False
O01786,Globex,2687.26,CHF,2026-02-24,True
O01787,Initech,2244.89,EUR,2026-09-28,True
O01788,Globex,4063.06,USD,2026-03-12,True
O01789,Hooli,3010.89,EUR,2026-04-28,True
O01790,ACME,1672.7,EUR,2026-07-17,True
O01791,ACME,690.06,EUR,2026-09-20,False
O01792,Initech,2328.18,EUR,2026-09-18,False
O01793,ACME,4110.89,EUR,2026-03-22,True
O01794,Umbrella,4036.43,EUR,2026-09-20,True
O01795,ACME,709.93,CHF,2026-08-14,True
O01796,Initech,4246.9,USD,2026-01-26,False
O01797,Globex,1905.17,USD,2026-02-11,False
O01798,Globex,2573.75,EUR,2026-05-16,False
O01799,Globex,3457.96,USD,2026-09-13,False
O01800,Initech,1461.75,EUR,2026-07-26,False
O01801,Hooli,246.68,USD,2026-02-14,True
O01802,Initech,1825.81,USD,2026-02-20,False
O01803,ACME,4653.37,USD,2026-09-13,False
O01804,ACME,4230.95,USD,2026-03-16,True
O01805,Umbrella,346.52,CHF,2026-02-20,False
O01806,Umbrella,1065.92,CHF,2026-07-10,True
O01807,Umbrella,4623.08,CHF,2026-06-20,True
O01808,ACME,4854.54,USD,2026-01-14,False
O01809,Globex,2647.83,CHF,2026-02-20,True
O01810,ACME,1537.23,CHF,2026-05-23,False
O01811,Hooli,2522.94,EUR,2026-05-25,False
O01812,Globex,3749.72,CHF,2026-01-17,True
O01813,Umbrella,593.32,CHF,2026-06-15,False
O01814,ACME,4115.56,CHF,2026-02-24,True
O01815,Hooli,4433.77,CHF,2026-01-13,False
O01816,Globex,3774.27,USD,2026-02-15,True
O01817,Initech,2370.99,CHF,2026-07-12,False
O01818,Umbrella,3522.64,USD,2026-02-15,False
O01819,Globex,2751.15,CHF,2026-02-20,True
O01820,Globex,2188.13,CHF,2026-02-14,True
O01821,Globex,3814.77,CHF,2026-09-22,True
O01822,Hooli,2389.27,CHF,2026-04-20,False
O01823,ACME,2951.11,CHF,2026-09-23,True
O01824,ACME,3101.37,USD,2026-05-22,False
O01825,Umbrella,271.35,EUR,2026-07-20,True
O01826,Initech,718.72,USD,2026-06-21,True
O01827,Initech,4991.27,CHF,2026-01-28,True
O01828,Umbrella,660.32,EUR,2026-01-18,False
O01829,Globex,2780.0,CHF,2026-05-13,True
O01830,Initech,374.98,USD,2026-06-20,True
O01831,Globex,4594.61,USD,2026-03-14,False
O01832,Hooli,4597.16,CHF,2026-01-21,False
O01833,ACME,2649.32,EUR,2026-07-20,False
O01834,Hooli,3575.19,USD,2026-03-28,True
O01835,Hooli,4745.42,EUR,2026-03-18,False
O01836,Hooli,440.11,CHF,2026-06-18,False
O01837,Initech,2940.09,USD,2026-03-15,True
O01838,Umbrella,2608.9,EUR,2026-03-15,False
O01839,ACME,247.17,CHF,2026-08-22,True
O01840,Umbrella,1655.19,EUR,2026-03-27,False
O01841,Globex,548.7,EUR,2026-07-21,False
O01842,ACME,4824.74,EUR,2026-07-21,False
O01843,Umbrella,1397.0,USD,2026-09-27,False
O01844,ACME,1270.97,CHF,2026-02-28,True
O01845,Umbrella,3372.78,CHF,2026-07-24,False
O01846,ACME,3571.64,CHF,2026-02-10,False
O01847,Initech,974.89,EUR,2026-07-12,True
O01848,ACME,1148.3,EUR,2026-01-14,True
O01849,Hooli,1443.82,USD,2026-08-22,True
O01850,Umbrella,2949.72,EUR,2026-05-21,False
O01851,Hooli,3563.61,USD,2026-05-26,True
O01852,ACME,895.83,CHF,2026-01-17,False
O01853,Umbrella,2802.14,USD,2026-02-15,True
O01854,ACME,1335.93,EUR,2026-02-27,True
O01855,Umbrella,4063.88,EUR,2026-06-11,False
O01856,Globex,379.56,CHF,2026-06-22,False
O01857,Initech,2829.38,CHF,2026-04-19,True
O01858,Umbrella,1722.62,CHF,2026-08-26,False
O01859,ACME,4130.19,CHF,2026-06-25,True
O01860,Initech,2466.06,USD,2026-05-26,False
O01861,Umbrella,4565.04,USD,2026-02-20,True
O01862,Initech,3353.21,USD,2026-08-24,False
O01863,ACME,4705.12,EUR,2026-07-24,False
O01864,Hooli,2530.78,CHF,2026-01-19,False
O01865,Hooli,2672.69,EUR,2026-01-14,True
O01866,ACME,2905.8,USD,2026-09-22,False
O01867,Initech,2207.1,USD,2026-02-10,False
O01868,ACME,4700.51,EUR,2026-05-10,False
O01869,Umbrella,4503.58,USD,2026-02-13,True
O01870,Hooli,4086.06,CHF,2026-06-12,False
O01871,Umbrella,4436.34,EUR,2026-08-18,True
O01872,Globex,1795.48,USD,2026-07-22,True
O01873,ACME,4139.51,EUR,2026-02-16,False
O01874,Initech,1318.96,CHF,2026-06-21,False
O01875,Umbrella,1844.24,EUR,2026-08-20,True
O01876,Umbrella,2522.08,CHF,2026-06-15,False
O01877,Hooli,2232.4,USD,2026-09-15,False
O01878,Initech,1013.3,EUR,2026-04-17,False
O01879,Hooli,676.01,EUR,2026-01-19,False
O01880,Globex,2640.56,USD,2026-06-26,True
O01881,ACME,1929.52,EUR,2026-07-23,False
O01882,ACME,1849.31,EUR,2026-06-24,False
O01883,Globex,116.29,USD,2026-05-23,False
O01884,Initech,3039.35,USD,2026-07-10,True
O01885,Globex,75.22,USD,2026-08-24,False
O01886,ACME,4639.55,CHF,2026-01-25,True
O01887,Umbrella,1615.59,USD,2026-01-28,True
O01888,Initech,3199.92,USD,2026-02-19,True
O01889,Umbrella,1455.27,EUR,2026-01-18,False
O01890,Umbrella,4070.99,EUR,2026-01-24,False
O01891,ACME,4114.84,CHF,2026-02-21,False
O01892,Umbrella,3867.7,CHF,2026-03-12,False
O01893,ACME,61.81,USD,2026-07-24,True
O01894,Hooli,2313.31,CHF,2026-07-20,True
O01895,ACME,4249.14,EUR,2026-03-11,False
O01896,ACME,2524.95,EUR,2026-06-15,False
O01897,Globex,3503.82,CHF,2026-04-23,False
O01898,ACME,2340.23,CHF,2026-03-21,False
O01899,Globex,733.61,EUR,2026-08-17,True
O01900,Umbrella,561.71,CHF,2026-02-14,True
O01901,ACME,619.49,CHF,2026-02-14,False
O01902,Hooli,2151.7,EUR,2026-07-26,True
O01903,Initech,2829.52,USD,2026-09-13,False
O01904,Initech,4596.68,USD,2026-01-14,False
O01905,Hooli,2188.6,EUR,2026-08-15,False
O01906,Umbrella,4706.77,USD,2026-05-23,True
O01907,Globex,1426.61,CHF,2026-04-19,False
O01908,Hooli,2051.49,USD,2026-04-20,False
O01909,Initech,803.72,EUR,2026-08-26,True
O01910,Initech,2701.19,EUR,2026-02-22,False
O01911,Initech,1588.08,EUR,2026-09-24,True
O01912,Hooli,2164.02,EUR,2026-03-26,False
O01913,Hooli,2223.39,EUR,2026-05-24,True
O01914,Initech,2614.89,EUR,2026-06-14,False
O01915,Umbrella,1676.38,CHF,2026-09-22,False
O01916,Globex,747.64,USD,2026-08-20,True
O01917,Umbrella,3847.95,CHF,2026-08-16,True
O01918,ACME,2776.19,CHF,2026-09-11,False
O01919,Hooli,2149.92,USD,2026-04-23,False
O01920,Initech,2653.38,USD,2026-04-24,True
O01921,Initech,2572.65,CHF,2026-09-25,True
O01922,Umbrella,2282.69,CHF,2026-09-26,True
O01923,Hooli,3385.71,EUR,2026-04-18,False
O01924,Initech,2981.76,EUR,2026-01-17,True
O01925,Initech,1543.21,CHF,2026-03-26,True
O01926,Umbrella,360.17,EUR,2026-06-22,True
O01927,Initech,3638.23,USD,2026-03-14,False
O01928,Hooli,1159.32,USD,2026-04-17,True
O01929,ACME,4859.68,CHF,2026-03-26,False
O01930,Globex,1161.0,EUR,2026-07-13,True
O01931,Initech,2176.14,EUR,2026-09-21,False
O01932,Globex,2661.27,EUR,2026-08-24,True
O01933,Initech,1194.02,CHF,2026-01-23,True
O01934,Umbrella,4932.68,USD,2026-05-22,False
O01935,Umbrella,1072.59,EUR,2026-02-20,False
O01936,Initech,4821.0,USD,2026-06-22,True
O01937,Globex,362.64,CHF,2026-05-23,True
O01938,Globex,271.84,EUR,2026-07-27,False
O01939,Globex,3563.63,EUR,2026-09-24,False
O01940,ACME,705.79,EUR,2026-03-15,False
O01941,Umbrella,301.34,CHF,2026-03-20,False
O01942,Initech,156.69,EUR,2026-06-18,False
O01943,Globex,607.67,USD,2026-07-14,True
O01944,Globex,1735.12,EUR,2026-03-27,False
O01945,Globex,164.69,CHF,2026-09-23,False
O01946,Umbrella,1669.54,EUR,2026-05-16,False
O01947,Initech,4505.21,CHF,2026-03-23,True
O01948,Initech,1344.12,CHF,2026-01-26,True
O01949,Globex,2088.94,CHF,2026-05-15,True
O01950,Umbrella,4362.44,USD,2026-03-25,False
O01951,ACME,425.94,CHF,2026-09-22,False
O01952,Umbrella,1243.6,CHF,2026-07-12,False
O01953,Hooli,2931.34,EUR,2026-08-28,True
O01954,Initech,3407.77,EUR,2026-09-11,True
O01955,Umbrella,2076.96,EUR,2026-09-25,False
O01956,Initech,3045.0,USD,2026-02-13,False
O01957,Initech,2754.55,USD,2026-03-25,True
O01958,Umbrella,4470.15,CHF,2026-06-21,True
O01959,Hooli,2136.62,CHF,2026-07-17,True
O01960,Umbrella,3615.96,EUR,2026-03-28,False
O01961,Globex,1593.48,CHF,2026-04-23,True
O01962,Umbrella,751.06,CHF,2026-07-15,True
O01963,ACME,1730.21,USD,2026-07-28,False
O01964,Initech,1433.52,CHF,2026-06-19,False
O01965,Initech,2356.72,EUR,2026-04-24,True
O01966,Initech,3193.97,EUR,2026-09-20,True
O01967,ACME,573.82,USD,2026-05-26,True
O01968,Globex,3176.15,USD,2026-02-19,False
O01969,ACME,4518.63,EUR,2026-01-24,False
O01970,Initech,1256.8,CHF,2026-02-18,True
O01971,Hooli,4589.0,EUR,2026-07-24,False
O01972,Umbrella,1710.15,USD,2026-03-21,False
O01973,Hooli,4375.25,USD,2026-03-12,False
O01974,Initech,1606.8,CHF,2026-02-24,False
O01975,ACME,1408.13,USD,2026-09-21,False
O01976,Initech,1437.41,EUR,2026-06-15,True
O01977,Initech,3525.26,CHF,2026-07-20,True
O01978,Initech,2718.38,EUR,2026-09-10,True
O01979,Hooli,2102.73,EUR,2026-08-20,True
O01980,Hooli,2367.84,USD,2026-08-15,True
O01981,Umbrella,1845.26,CHF,2026-04-23,True
O01982,Globex,3417.42,USD,2026-08-27,True
O01983,Initech,1670.62,USD,2026-02-26,True
O01984,Hooli,4661.76,USD,2026-06-27,False
O01985,Globex,4862.05,CHF,2026-07-20,False
O01986,Initech,3404.37,CHF,2026-04-22,True
O01987,Umbrella,1764.78,EUR,2026-09-13,True
O01988,Hooli,209.3,USD,2026-05-18,False
O01989,ACME,1865.77,USD,2026-08-26,False
O01990,ACME,2742.59,CHF,2026-09-26,False
O01991,ACME,934.34,EUR,2026-03-12,True
O01992,Initech,174.54,CHF,2026-07-12,True
O01993,Globex,3781.5,USD,2026-05-10,False
O01994,Initech,3401.49,EUR,2026-09-18,True
O01995,Umbrella,1859.23,EUR,2026-06-11,False
O01996,ACME,3773.06,CHF,2026-07-11,False
O01997,Initech,2169.92,CHF,2026-04-25,False
O01998,ACME,1135.76,USD,2026-01-26,False
O01999,Hooli,3105.22,EUR,2026-02-17,False
O02000,Initech,4447.77,CHF,2026-07-22,True
O02001,Globex,290.55,EUR,2026-01-26,True
O02002,Initech,1444.52,USD,2026-06-25,False
O02003,Globex,1696.88,CHF,2026-05-24,True
O02004,Hooli,2401.92,USD,2026-08-25,True
O02005,Initech,1801.56,CHF,2026-04-27,False
O02006,Initech,901.14,USD,2026-07-15,False
O02007,Globex,1287.54,USD,2026-09-28,True
O02008,ACME,4976.22,CHF,2026-04-17,True
O02009,ACME,860.3,EUR,2026-09-23,True
O02010,Hooli,366.48,EUR,2026-03-11,False
O02011,Hooli,2234.07,USD,2026-06-14,False
O02012,Initech,435.75,USD,2026-04-23,True
O02013,Umbrella,1204.5,USD,2026-07-15,True
O02014,ACME,1031.21,CHF,2026-04-12,False
O02015,Initech,4081.17,USD,2026-06-10,True
O02016,Globex,2660.25,USD,2026-03-11,True
O02017,Hooli,3253.83,CHF,2026-09-26,True
O02018,Globex,1562.13,CHF,2026-07-16,False
O02019,ACME,804.5,USD,2026-05-18,False
O02020,Globex,63.09,EUR,2026-04-13,False
O02021,Umbrella,4285.69,EUR,2026-06-22,False
O02022,Umbrella,4848.71,CHF,2026-09-25,False
O02023,ACME,4594.88,USD,2026-09-21,True
O02024,Globex,1287.19,EUR,2026-02-13,False
O02025,Hooli,4103.82,CHF,2026-03-24,False
O02026,Hooli,2566.49,USD,2026-04-21,True
O02027,Initech,4390.66,USD,2026-04-15,True
O02028,Umbrella,4374.1,EUR,2026-03-26,True
O02029,Globex,2444.54,EUR,2026-02-17,False
O02030,Hooli,4468.35,CHF,2026-04-22,False
O02031,Initech,2859.49,CHF,2026-06-17,True
O02032,ACME,3712.6,USD,2026-07-26,True
O02033,Umbrella,3461.03,EUR,2026-01-16,False
O02034,Hooli,3687.9,EUR,2026-02-20,False
O02035,Globex,1888.67,USD,2026-06-19,False
O02036,Globex,3983.79,CHF,2026-02-19,False
O02037,Umbrella,3478.61,USD,2026-08-28,False
O02038,Globex,1538.02,CHF,2026-02-19,False
O02039,Umbrella,3921.85,CHF,2026-04-10,False
O02040,Umbrella,3155.42,EUR,2026-06-23,True
O02041,Umbrella,778.99,CHF,2026-08-10,False
O02042,ACME,3719.46,CHF,2026-07-15,True
O02043,Globex,3375.72,CHF,2026-09-26,False
O02044,Initech,1045.73,EUR,2026-02-20,True
O02045,Umbrella,770.95,EUR,2026-08-16,False
O02046,Globex,3820.38,USD,2026-07-22,True
O02047,Umbrella,1060.32,CHF,2026-03-19,True
O02048,ACME,3035.26,CHF,2026-08-18,False
O02049,Umbrella,3030.49,CHF,2026-07-20,False
O02050,Umbrella,1120.23,CHF,2026-03-24,False
O02051,Globex,3205.63,EUR,2026-08-13,True
O02052,Hooli,3012.71,USD,2026-05-12,False
O02053,Initech,1919.27,EUR,2026-08-16,False
O02054,Globex,2964.17,USD,2026-08-21,False
O02055,Hooli,3316.5,CHF,2026-06-21,False
O02056,Umbrella,3059.34,USD,2026-08-13,True
O02057,Umbrella,1986.03,CHF,2026-03-12,False
O02058,Umbrella,3352.22,USD,2026-04-17,True
O02059,Hooli,4818.18,CHF,2026-07-21,False
O02060,Umbrella,1720.76,EUR,2026-02-20,True
O02061,Initech,2005.56,USD,2026-08-10,True
O02062,Hooli,3670.22,CHF,2026-05-20,False
O02063,Initech,1725.81,USD,2026-02-13,True
O02064,Umbrella,3528.66,EUR,2026-09-12,True
O02065,Initech,2582.13,USD,2026-04-14,True
O02066,Umbrella,457.04,CHF,2026-06-17,False
O02067,Initech,1757.64,EUR,2026-05-19,False
O02068,Hooli,236.75,CHF,2026-03-26,False
O02069,Initech,3067.99,EUR,2026-01-10,False
O02070,Globex,2726.0,EUR,2026-02-21,False
O02071,Initech,4540.24,EUR,2026-03-12,True
O02072,Umbrella,4949.27,CHF,2026-02-24,False
O02073,Globex,261.52,CHF,2026-09-22,True
O02074,Initech,1175.78,USD,2026-03-19,False
O02075,Umbrella,3033.44,CHF,2026-08-22,False
O02076,Hooli,147.99,EUR,2026-06-23,True
O02077,ACME,2507.38,CHF,2026-03-19,True
O02078,Globex,437.52,EUR,2026-05-28,False
O02079,Initech,1436.47,CHF,2026-06-20,True
O02080,Hooli,2125.15,CHF,2026-01-16,False
O02081,Hooli,1312.38,CHF,2026-08-10,False
O02082,Globex,3898.63,CHF,2026-02-24,False
O02083,Initech,2567.61,CHF,2026-07-11,False
O02084,Initech,635.99,USD,2026-05-12,False
O02085,Initech,1213.51,CHF,2026-01-13,True
O02086,Globex,421.1,USD,2026-01-11,True
O02087,Initech,4811.96,USD,2026-07-15,True
O02088,Hooli,4912.18,USD,2026-03-15,False
O02089,Globex,2550.87,EUR,2026-01-12,True
O02090,Hooli,497.05,USD,2026-03-13,False
O02091,Umbrella,325.76,USD,2026-02-17,False
O02092,Hooli,2780.97,CHF,2026-04-18,True
O02093,Hooli,3607.74,USD,2026-06-11,True
O02094,Umbrella,3612.07,EUR,2026-05-20,True
O02095,ACME,4571.85,USD,2026-01-14,True
O02096,Initech,4573.0,USD,2026-05-14,False
O02097,Hooli,1236.32,EUR,2026-07-17,True
O02098,Umbrella,4257.36,CHF,2026-04-16,False
O02099,Globex,3417.21,USD,2026-04-18,True
O02100,ACME,2979.77,USD,2026-08-15,True
O02101,ACME,3213.02,EUR,2026-04-28,True
O02102,Hooli,2504.11,EUR,2026-01-21,False
O02103,ACME,4783.1,EUR,2026-05-14,True
O02104,Initech,2446.56,CHF,2026-08-27,False
O02105,Umbrella,676.61,CHF,2026-08-13,False
O02106,Umbrella,2300.38,CHF,2026-05-21,True
O02107,Umbrella,3217.34,EUR,2026-07-25,True
O02108,Umbrella,1936.09,EUR,2026-01-17,False
O02109,Globex,3507.12,USD,2026-01-20,True
O02110,Initech,862.01,USD,2026-08-12,False
O02111,Globex,2156.73,EUR,2026-09-13,True
O02112,Initech,2331.77,USD,2026-02-20,False
O02113,Hooli,2532.3,EUR,2026-01-26,False
O02114,Umbrella,2953.5,EUR,2026-08-12,True
O02115,Globex,4599.69,USD,2026-09-23,True
O02116,Initech,1400.83,EUR,2026-04-14,True
O02117,Globex,4033.12,USD,2026-04-28,True
O02118,Initech,537.45,USD,2026-02-12,True
O02119,Umbrella,1613.46,CHF,2026-08-26,False
O02120,ACME,282.86,USD,2026-05-27,False
O02121,Globex,3193.74,EUR,2026-02-25,True
O02122,Globex,1330.63,CHF,2026-09-20,True
O02123,ACME,3291.97,EUR,2026-09-25,False
O02124,Umbrella,3844.1,CHF,2026-03-15,True
O02125,Hooli,4470.89,CHF,2026-01-19,True
O02126,ACME,209.36,EUR,2026-02-27,False
O02127,ACME,1060.97,USD,2026-04-21,False
O02128,Globex,421.7,CHF,2026-04-24,False
O02129,Initech,4289.79,EUR,2026-07-21,True
O02130,Hooli,2082.78,EUR,2026-07-28,True
O02131,Hooli,2089.32,USD,2026-08-11,True
O02132,Hooli,4945.59,USD,2026-07-10,True
O02133,Hooli,3633.7,CHF,2026-09-10,True
O02134,Globex,3777.81,USD,2026-04-19,False
O02135,Umbrella,2517.97,USD,2026-04-15,False
O02136,Hooli,4601.03,USD,2026-03-20,True
O02137,ACME,4200.21,CHF,2026-09-16,False
O02138,Initech,4731.05,EUR,2026-06-19,True
O02139,Globex,3568.26,EUR,2026-08-22,True
O02140,Initech,3812.61,USD,2026-03-28,False
O02141,Globex,3782.02,EUR,2026-04-18,False
O02142,Hooli,3349.87,EUR,2026-04-28,False
O02143,ACME,2580.6,USD,2026-07-16,True
O02144,ACME,1752.27,EUR,2026-07-11,True
O02145,Initech,251.38,EUR,2026-03-27,False
O02146,Globex,4931.07,USD,2026-06-15,False
O02147,Hooli,1824.18,CHF,2026-09-15,False
O02148,ACME,1149.39,CHF,2026-01-20,False
O02149,Hooli,4932.44,CHF,2026-06-19,False
O02150,ACME,2072.44,USD,2026-07-16,False
O02151,ACME,3207.85,EUR,2026-01-27,True
O02152,Initech,4453.64,CHF,2026-01-10,True
O02153,Umbrella,3963.3,EUR,2026-04-12,True
O02154,Hooli,4261.67,CHF,2026-08-11,True
O02155,Globex,4937.7,USD,2026-03-20,True
O02156,Initech,3750.88,EUR,2026-05-10,True
O02157,Initech,3916.5,CHF,2026-02-14,True
O02158,Globex,2885.2,CHF,2026-02-17,False
O02159,ACME,3642.98,CHF,2026-05-20,True
O02160,Umbrella,2215.75,CHF,2026-01-17,False
O02161,ACME,3916.05,EUR,2026-02-13,True
O02162,Initech,4192.17,CHF,2026-09-15,False
O02163,Globex,3020.36,CHF,2026-02-27,False
O02164,Hooli,1468.53,CHF,2026-07-19,False
O02165,Initech,968.54,CHF,2026-01-16,False
O02166,ACME,1385.96,EUR,2026-01-25,True
O02167,Hooli,4038.07,CHF,2026-02-11,True
O02168,ACME,4288.66,USD,2026-06-12,True
O02169,Hooli,460.96,EUR,2026-03-19,True
O02170,Globex,4528.79,EUR,2026-03-17,False
O02171,Initech,252.04,USD,2026-09-24,False
O02172,ACME,3477.0,EUR,2026-03-27,False
O02173,ACME,4642.18,CHF,2026-05-19,False
O02174,Hooli,2257.14,USD,2026-09-26,True
O02175,Hooli,1772.52,EUR,2026-08-15,True
O02176,ACME,3500.16,USD,2026-09-19,False
O02177,Umbrella,4761.35,EUR,2026-04-13,False
O02178,Hooli,2035.12,CHF,2026-01-25,False
O02179,Hooli,4132.07,USD,2026-04-19,False
O02180,ACME,1536.61,USD,2026-04-21,True
O02181,Initech,623.34,EUR,2026-02-10,True
O02182,Globex,2512.28,USD,2026-03-24,True
O02183,Globex,4231.81,EUR,2026-05-18,True
O02184,Umbrella,4232.7,CHF,2026-05-17,True
O02185,Initech,1635.58,CHF,2026-02-22,False
O02186,ACME,522.77,CHF,2026-03-25,True
O02187,ACME,1821.19,USD,2026-04-16,True
O02188,Initech,1371.85,USD,2026-09-18,False
O02189,Hooli,2862.09,CHF,2026-04-24,True
O02190,Globex,2581.59,USD,2026-08-21,True
O02191,Hooli,622.16,CHF,2026-01-27,True
O02192,Globex,630.97,CHF,2026-08-23,False
O02193,Globex,1890.96,CHF,2026-07-24,True
O02194,ACME,3565.87,EUR,2026-05-10,True
O02195,Umbrella,1525.21,USD,2026-07-23,True
O02196,Globex,21.62,CHF,2026-07-26,False
O02197,Initech,682.16,CHF,2026-09-12,False
O02198,Globex,3706.08,EUR,2026-06-19,False
O02199,Initech,4171.14,EUR,2026-07-17,False
O02200,Globex,722.83,EUR,2026-03-18,False
O02201,Umbrella,2094.07,USD,2026-08-11,False
O02202,Initech,2545.68,EUR,2026-08-25,False
O02203,Umbrella,2474.6,EUR,2026-01-28,False
O02204,Initech,1417.64,USD,2026-09-18,False
O02205,Globex,3036.91,EUR,2026-01-26,True
O02206,Umbrella,4156.88,USD,2026-07-21,False
O02207,Umbrella,2274.79,USD,2026-02-14,True
O02208,ACME,2648.66,CHF,2026-07-13,False
O02209,ACME,4107.29,CHF,2026-06-27,True
O02210,Initech,3459.97,USD,2026-01-13,True
O02211,Hooli,3314.29,USD,2026-04-15,False
O02212,Initech,4649.83,EUR,2026-04-27,True
O02213,Globex,4821.46,CHF,2026-09-16,True
O02214,Hooli,723.83,EUR,2026-04-17,False
O02215,ACME,1196.54,CHF,2026-03-17,False
O02216,Initech,2159.51,EUR,2026-03-21,True
O02217,Initech,461.37,EUR,2026-04-18,True
O02218,Initech,2402.89,CHF,2026-05-22,False
O02219,Hooli,1611.63,EUR,2026-06-15,True
O02220,Globex,2616.45,USD,2026-06-22,True
O02221,Hooli,836.86,EUR,2026-09-25,False
O02222,Hooli,3902.84,USD,2026-06-16,False
O02223,ACME,808.56,USD,2026-06-19,False
O02224,ACME,1001.39,CHF,2026-05-25,True
O02225,ACME,4223.34,EUR,2026-03-17,True
O02226,Globex,179.28,USD,2026-05-23,True
O02227,Umbrella,4316.55,CHF,2026-05-17,True
O02228,Umbrella,117.74,CHF,2026-09-14,True
O02229,Umbrella,1376.34,EUR,2026-05-17,False
O02230,Umbrella,2206.29,EUR,2026-08-27,False
O02231,Globex,3720.81,CHF,2026-03-24,True
O02232,Hooli,1098.91,EUR,2026-06-21,False
O02233,Umbrella,3595.91,USD,2026-08-24,False
O02234,Initech,1843.4,CHF,2026-09-17,False
O02235,Umbrella,1889.22,EUR,2026-05-27,True
O02236,Initech,551.24,EUR,2026-05-21,True
O02237,ACME,1895.93,USD,2026-02-23,False
O02238,Initech,4447.83,USD,2026-04-22,False
O02239,Hooli,2750.09,EUR,2026-05-18,True
O02240,Umbrella,4588.28,EUR,2026-05-19,True
O02241,Globex,954.24,USD,2026-08-28,True
O02242,Umbrella,4201.26,USD,2026-01-28,True
O02243,Initech,3374.02,CHF,2026-07-20,False
O02244,ACME,3809.88,EUR,2026-05-19,True
O02245,ACME,3511.36,CHF,2026-01-15,False
O02246,Hooli,3260.88,CHF,2026-05-19,False
O02247,Umbrella,3726.22,CHF,2026-09-27,True
O02248,Hooli,4783.68,USD,2026-04-13,True
O02249,ACME,2719.09,EUR,2026-05-19,True
O02250,Initech,3721.92,EUR,2026-02-21,True
O02251,ACME,2617.92,USD,2026-02-20,False
O02252,Globex,4708.92,USD,2026-08-21,True
O02253,Initech,1438.6,EUR,2026-08-10,True
O02254,Umbrella,981.46,EUR,2026-03-12,True
O02255,ACME,2779.52,EUR,2026-09-11,False
O02256,Globex,900.97,EUR,2026-03-25,True
O02257,Hooli,943.71,CHF,2026-08-15,False
O02258,Hooli,758.31,EUR,2026-03-25,False
O02259,Hooli,1484.82,CHF,2026-01-19,False
O02260,ACME,2302.02,EUR,2026-03-20,False
O02261,Hooli,2777.18,CHF,2026-06-12,True
O02262,Initech,3533.52,EUR,2026-06-15,True
O02263,ACME,2509.17,EUR,2026-06-26,True
O02264,ACME,2888.73,EUR,2026-04-19,True
O02265,ACME,2947.64,USD,2026-06-27,True
O02266,Initech,969.57,CHF,2026-03-26,True
O02267,ACME,4041.62,EUR,2026-02-17,False
O02268,Initech,2082.36,CHF,2026-04-23,True
O02269,Hooli,1268.93,USD,2026-05-17,True
O02270,Umbrella,1286.24,CHF,2026-05-12,False
O02271,ACME,2060.71,EUR,2026-04-27,False
O02272,Umbrella,2680.2,USD,2026-07-19,False
O02273,ACME,2157.37,USD,2026-05-24,False
O02274,Globex,3033.37,EUR,2026-08-25,True
O02275,Hooli,2309.32,USD,2026-01-16,True
O02276,Globex,2504.33,USD,2026-05-11,True
O02277,Initech,467.56,EUR,2026-03-14,True
O02278,Globex,2663.38,CHF,2026-02-10,False
O02279,Initech,3189.14,USD,2026-04-17,False
O02280,Initech,2439.27,EUR,2026-04-21,True
O02281,Umbrella,246.3,CHF,2026-01-12,True
O02282,Umbrella,2139.63,EUR,2026-09-19,False
O02283,Umbrella,2321.55,EUR,2026-07-28,False
O02284,Hooli,4762.41,EUR,2026-03-16,False
O02285,ACME,4238.8,EUR,2026-06-28,False
O02286,Hooli,1234.52,USD,2026-08-20,False
O02287,Initech,1755.94,USD,2026-03-19,False
O02288,Hooli,4810.38,EUR,2026-04-10,False
O02289,Umbrella,1801.07,EUR,2026-02-23,True
O02290,Hooli,4332.21,USD,2026-07-10,False
O02291,Hooli,777.49,USD,2026-06-11,True
O02292,Globex,1127.98,CHF,2026-07-20,True
O02293,ACME,1039.27,CHF,2026-06-18,True
O02294,Initech,634.47,USD,2026-07-22,False
O02295,Globex,4727.31,CHF,2026-05-16,False
O02296,ACME,3779.06,USD,2026-06-19,True
O02297,Umbrella,2981.54,CHF,2026-08-22,True
O02298,Globex,4682.61,EUR,2026-03-20,False
O02299,Initech,3868.09,USD,2026-09-12,True
O02300,Umbrella,4711.9,EUR,2026-05-15,True
O02301,Hooli,2795.01,CHF,2026-05-15,True
O02302,Umbrella,367.85,CHF,2026-07-28,True
O02303,ACME,1923.2,CHF,2026-04-14,False
O02304,Hooli,1009.85,EUR,2026-08-27,False
O02305,ACME,4971.55,CHF,2026-06-13,True
O02306,Globex,2375.93,CHF,2026-06-28,True
O02307,ACME,4537.68,USD,2026-06-27,False
O02308,Globex,2629.32,EUR,2026-07-22,False
O02309,Globex,2617.08,USD,2026-08-18,True
O02310,ACME,4017.35,EUR,2026-05-24,False
O02311,ACME,3521.05,USD,2026-08-20,False
O02312,ACME,2986.3,EUR,2026-06-22,True
O02313,ACME,1032.49,CHF,2026-06-14,False
O02314,ACME,3158.3,USD,2026-05-27,False
O02315,ACME,1731.18,CHF,2026-03-17,True
O02316,Hooli,3257.12,USD,2026-02-27,False
O02317,Globex,2702.99,EUR,2026-08-20,False
O02318,Globex,3368.29,USD,2026-06-19,True
O02319,ACME,1557.08,EUR,2026-09-25,True
O02320,Hooli,1426.59,EUR,2026-08-12,False
O02321,Initech,4151.5,EUR,2026-09-17,True
O02322,ACME,2421.38,EUR,2026-09-17,True
O02323,Globex,4501.08,EUR,2026-07-26,False
O02324,Initech,2492.95,USD,2026-08-15,True
O02325,Umbrella,2711.59,CHF,2026-04-16,False
O02326,Hooli,820.73,USD,2026-06-10,True
O02327,Hooli,2511.43,EUR,2026-01-16,True
O02328,Globex,1418.66,CHF,2026-06-12,True
O02329,ACME,79.16,USD,2026-02-21,False
O02330,Umbrella,1637.24,EUR,2026-01-27,False
O02331,Hooli,387.03,CHF,2026-07-14,False
O02332,Umbrella,3724.95,EUR,2026-09-24,False
O02333,ACME,3506.17,USD,2026-03-26,True
O02334,ACME,87.06,EUR,2026-02-26,True
O02335,Globex,4249.29,USD,2026-09-27,True
O02336,Initech,4566.93,EUR,2026-09-18,True
O02337,Umbrella,3276.38,USD,2026-02-25,False
O02338,Hooli,2839.78,EUR,2026-08-24,True
O02339,Globex,1627.37,USD,2026-01-24,False
O02340,ACME,1500.6,CHF,2026-05-26,True
O02341,Globex,2943.31,USD,2026-01-20,False
O02342,Hooli,778.51,CHF,2026-05-12,False
O02343,Hooli,4143.37,USD,2026-07-12,False
O02344,Umbrella,613.54,CHF,2026-06-15,False
O02345,Initech,659.74,EUR,2026-08-24,False
O02346,Initech,1460.43,CHF,2026-04-16,True
O02347,Initech,2661.71,CHF,2026-09-22,True
O02348,Initech,3148.74,EUR,2026-04-17,False
O02349,ACME,3973.93,EUR,2026-09-18,False
O02350,ACME,2272.94,CHF,2026-05-27,True
O02351,ACME,2070.52,USD,2026-04-17,True
O02352,Umbrella,2650.27,USD,2026-08-21,True
O02353,Initech,1268.03,EUR,2026-07-15,False
O02354,Globex,553.17,EUR,2026-05-13,False
O02355,Hooli,930.52,USD,2026-08-23,False
O02356,ACME,3894.83,CHF,2026-04-27,True
O02357,Globex,4415.78,USD,2026-03-28,True
O02358,Initech,1602.61,CHF,2026-04-13,True
O02359,Initech,236.32,CHF,2026-01-17,True
O02360,Initech,3470.14,EUR,2026-08-11,True
O02361,Globex,1567.43,EUR,2026-03-14,True
O02362,Hooli,669.04,USD,2026-09-21,False
O02363,Hooli,3767.3,EUR,2026-08-12,True
O02364,Initech,2298.44,CHF,2026-03-24,False
O02365,Umbrella,3561.13,USD,2026-04-28,False
O02366,Initech,1702.46,USD,2026-01-12,True
O02367,Umbrella,1340.6,EUR,2026-01-28,True
O02368,Globex,1608.5,EUR,2026-03-10,False
O02369,ACME,1007.99,EUR,2026-03-13,True
O02370,Initech,3362.81,USD,2026-09-11,False
O02371,ACME,4747.05,EUR,2026-03-12,True
O02372,Hooli,4591.14,EUR,2026-06-20,False
O02373,Hooli,2350.27,CHF,2026-07-24,False
O02374,Initech,2083.24,USD,2026-04-25,True
O02375,Hooli,4576.04,USD,2026-05-26,True
O02376,Umbrella,2416.22,USD,2026-07-27,False
O02377,Umbrella,1568.99,CHF,2026-01-11,True
O02378,Hooli,3761.44,EUR,2026-03-28,True
O02379,ACME,4493.28,EUR,2026-04-27,False
O02380,Umbrella,196.75,EUR,2026-02-18,True
O02381,Initech,2497.78,USD,2026-01-23,False
O02382,Hooli,1690.92,USD,2026-02-10,True
O02383,Hooli,1017.76,CHF,2026-03-16,True
O02384,Umbrella,272.79,CHF,2026-03-28,False
O02385,Initech,326.21,CHF,2026-06-20,False
O02386,Hooli,886.62,CHF,2026-02-22,True
O02387,ACME,4342.84,USD,2026-01-19,False
O02388,ACME,3977.57,USD,2026-04-26,False
O02389,Globex,4242.67,EUR,2026-07-15,False
O02390,Umbrella,2534.95,EUR,2026-03-11,True
O02391,Globex,2381.5,EUR,2026-02-27,False
O02392,Globex,278.33,EUR,2026-03-15,False
O02393,Umbrella,745.62,USD,2026-01-21,True
O02394,Umbrella,4966.97,CHF,2026-05-24,False
O02395,ACME,4986.16,CHF,2026-08-16,False
O02396,Umbrella,2805.36,USD,2026-03-13,True
O02397,ACME,4151.89,CHF,2026-02-27,True
O02398,ACME,516.43,EUR,2026-06-21,False
O02399,Initech,1250.4,EUR,2026-08-17,True
O02400,Umbrella,3882.68,CHF,2026-03-26,False
O02401,Hooli,1781.26,USD,2026-09-26,True
O02402,Globex,4790.22,USD,2026-02-17,False
O02403,Hooli,2576.22,EUR,2026-07-17,False
O02404,Umbrella,763.37,USD,2026-07-16,False
O02405,Globex,3566.82,CHF,2026-06-10,False
O02406,Initech,3241.44,USD,2026-02-11,False
O02407,Hooli,996.1,USD,2026-08-18,False
O02408,ACME,4759.66,EUR,2026-06-26,False
O02409,Umbrella,3231.29,CHF,2026-04-13,True
O02410,Initech,285.28,CHF,2026-03-26,True
O02411,Hooli,1575.49,USD,2026-06-23,False
O02412,Globex,410.98,CHF,2026-07-17,True
O02413,Hooli,4244.1,EUR,2026-09-19,True
O02414,Hooli,1290.22,CHF,2026-05-24,True
O02415,Globex,2011.98,CHF,2026-08-18,True
O02416,Initech,3385.95,USD,2026-01-22,False
O02417,Hooli,1382.11,EUR,2026-01-19,False
O02418,Umbrella,116.51,CHF,2026-09-19,True
O02419,Initech,632.36,CHF,2026-08-19,False
O02420,Umbrella,3836.39,CHF,2026-05-28,True
O02421,Hooli,3133.28,USD,2026-02-13,False
O02422,Globex,540.43,USD,2026-07-25,True
O02423,ACME,3746.35,EUR,2026-04-17,True
O02424,Initech,820.09,CHF,2026-03-17,False
O02425,ACME,3687.12,EUR,2026-09-11,False
O02426,Umbrella,3823.26,USD,2026-09-20,True
O02427,ACME,1172.89,CHF,2026-09-13,False
O02428,Globex,3763.02,USD,2026-09-21,True
O02429,Initech,176.5,CHF,2026-04-15,True
O02430,Globex,4564.54,EUR,2026-02-11,True
O02431,Hooli,3394.02,EUR,2026-02-14,True
O02432,ACME,2988.09,CHF,2026-01-10,False
O02433,Globex,403.09,USD,2026-01-20,True
O02434,Globex,4079.08,EUR,2026-01-21,True
O02435,ACME,655.4,EUR,2026-09-18,False
O02436,Globex,3307.27,CHF,2026-02-23,False
O02437,Umbrella,4101.75,EUR,2026-05-27,False
O02438,Globex,117.4,CHF,2026-08-22,True
O02439,ACME,3497.04,USD,2026-08-25,True
O02440,Globex,3536.42,CHF,2026-01-14,True
O02441,Hooli,359.49,USD,2026-05-13,True
O02442,Globex,2568.44,EUR,2026-07-26,True
O02443,Hooli,2959.55,USD,2026-04-14,True
O02444,Umbrella,57.12,CHF,2026-07-28,False
O02445,Hooli,4684.84,EUR,2026-01-28,False
O02446,Umbrella,2871.81,CHF,2026-08-21,True
O02447,Globex,2458.07,EUR,2026-04-16,False
O02448,Globex,3191.8,USD,2026-03-15,False
O02449,Hooli,1528.56,EUR,2026-06-20,True
O02450,Umbrella,3089.96,CHF,2026-07-11,False
O02451,Globex,2926.39,USD,2026-01-19,True
O02452,Globex,3138.69,CHF,2026-08-20,False
O02453,ACME,2952.88,EUR,2026-07-20,False
O02454,Hooli,2168.54,USD,2026-04-24,False
O02455,Umbrella,3589.31,USD,2026-03-17,True
O02456,Initech,3615.28,USD,2026-09-22,False
O02457,Initech,4337.67,EUR,2026-03-22,True
O02458,ACME,2333.82,USD,2026-08-18,False
O02459,Umbrella,1020.3,EUR,2026-03-28,False
O02460,Hooli,1831.29,EUR,2026-01-13,False
O02461,ACME,2382.43,USD,2026-05-27,True
O02462,Hooli,1133.88,CHF,2026-09-23,True
O02463,Globex,2521.97,EUR,2026-05-15,False
O02464,Initech,3950.99,USD,2026-03-16,False
O02465,Initech,3105.98,EUR,2026-05-25,True
O02466,Hooli,1459.21,CHF,2026-03-20,False
O02467,Initech,1197.76,CHF,2026-01-18,False
O02468,Hooli,3605.64,CHF,2026-01-26,True
O02469,Umbrella,134.47,USD,2026-08-27,True
O02470,Umbrella,1828.9,EUR,2026-07-16,False
O02471,Initech,4209.38,EUR,2026-08-13,True
O02472,Umbrella,1502.06,CHF,2026-03-16,True
O02473,Hooli,1772.64,USD,2026-03-13,False
O02474,Globex,182.46,EUR,2026-05-15,True
O02475,ACME,4934.56,CHF,2026-03-10,True
O02476,ACME,370.34,EUR,2026-04-19,True
O02477,Umbrella,4496.9,EUR,2026-06-12,True
O02478,Globex,1570.84,USD,2026-04-19,True
O02479,Initech,3177.65,EUR,2026-02-23,False
O02480,Hooli,73.51,CHF,2026-03-24,False
O02481,ACME,2930.73,CHF,2026-01-17,False
O02482,Umbrella,3519.7,CHF,2026-01-14,True
O02483,Initech,296.88,EUR,2026-09-23,False
O02484,Initech,1677.69,USD,2026-03-22,False
O02485,Hooli,2713.61,EUR,2026-01-24,False
O02486,Hooli,4690.0,USD,2026-01-10,False
O02487,Initech,1897.76,USD,2026-08-24,False
O02488,Initech,4431.49,CHF,2026-08-11,True
O02489,Globex,2159.29,EUR,2026-09-22,False
O02490,Initech,390.19,CHF,2026-09-12,True
O02491,Hooli,840.52,EUR,2026-04-20,True
O02492,Globex,806.65,USD,2026-04-26,False
O02493,ACME,1615.85,USD,2026-05-10,True
O02494,Initech,2383.66,USD,2026-04-23,True
O02495,Umbrella,4663.03,USD,2026-04-14,True
O02496,ACME,2271.39,EUR,2026-06-11,False
O02497,Umbrella,1216.32,CHF,2026-01-10,False
O02498,ACME,2439.01,EUR,2026-02-13,True
O02499,Hooli,2342.03,EUR,2026-05-10,False
O02500,Globex,3999.08,USD,2026-05-11,False
O02501,Globex,4341.5,CHF,2026-02-27,True
O02502,Globex,2384.21,CHF,2026-03-11,False
O02503,Initech,307.13,USD,2026-09-13,True
O02504,ACME,2012.15,EUR,2026-01-10,False
O02505,Initech,3291.09,CHF,2026-07-15,True
O02506,ACME,172.51,USD,2026-09-27,True
O02507,Globex,90.27,EUR,2026-08-25,True
O02508,Initech,2051.7,USD,2026-06-12,False
O02509,Hooli,3854.48,CHF,2026-06-16,True
O02510,Umbrella,3942.42,CHF,2026-07-26,True
O02511,Initech,4127.72,CHF,2026-09-15,True
O02512,Umbrella,243.01,EUR,2026-01-24,False
O02513,Hooli,4158.6,USD,2026-06-26,True
O02514,Umbrella,4255.41,EUR,2026-08-17,True
O02515,Globex,2644.58,CHF,2026-08-13,True
O02516,Initech,4243.25,USD,2026-01-23,False
O02517,Umbrella,1542.84,CHF,2026-04-25,True
O02518,Initech,1635.33,EUR,2026-08-16,False
O02519,Initech,84.54,CHF,2026-01-16,False
O02520,Initech,1163.62,CHF,2026-05-24,False
O02521,Globex,1303.27,USD,2026-06-11,True
O02522,Umbrella,1609.68,USD,2026-04-25,False
O02523,Initech,3023.23,CHF,2026-01-12,True
O02524,Hooli,1210.88,EUR,2026-06-13,False
O02525,Globex,2909.25,EUR,2026-08-26,False
O02526,Hooli,4743.64,USD,2026-09-24,False
O02527,Umbrella,3561.2,USD,2026-03-28,False
O02528,Initech,4015.7,EUR,2026-04-15,True
O02529,Globex,358.76,CHF,2026-09-26,False
O02530,Umbrella,365.53,EUR,2026-03-21,False
O02531,Globex,3149.35,CHF,2026-05-17,False
O02532,Hooli,4571.15,USD,2026-07-24,True
O02533,Umbrella,785.99,USD,2026-01-21,True
O02534,Globex,975.3,USD,2026-09-12,True
O02535,Umbrella,437.07,EUR,2026-08-14,False
O02536,Initech,4989.8,USD,2026-01-19,True
O02537,Umbrella,4480.34,EUR,2026-09-23,False
O02538,Umbrella,1856.27,EUR,2026-01-19,False
O02539,ACME,3836.18,USD,2026-05-25,True
O02540,ACME,789.54,EUR,2026-05-27,False
O02541,Hooli,3557.54,USD,2026-05-12,False
O02542,Globex,3084.74,CHF,2026-08-22,False
O02543,ACME,2209.87,CHF,2026-03-19,False
O02544,Hooli,763.36,USD,2026-09-16,True
O02545,Hooli,3982.68,EUR,2026-03-21,True
O02546,Initech,3812.51,EUR,2026-05-18,True
O02547,Globex,3734.05,EUR,2026-07-10,False
O02548,Globex,1701.33,USD,2026-09-14,True
O02549,Umbrella,3056.24,EUR,2026-03-26,True
O02550,Hooli,4685.03,EUR,2026-02-12,True
O02551,Umbrella,1844.86,USD,2026-03-10,True
O02552,Umbrella,1434.96,USD,2026-03-14,False
O02553,Initech,1573.05,USD,2026-03-28,False
O02554,Umbrella,4646.3,EUR,2026-06-20,False
O02555,ACME,313.86,EUR,2026-01-17,True
O02556,Initech,2642.08,EUR,2026-05-11,True
O02557,ACME,736.47,CHF,2026-04-15,True
O02558,Initech,1114.69,USD,2026-08-11,True
O02559,Umbrella,4466.78,CHF,2026-04-21,False
O02560,Initech,712.23,USD,2026-09-12,True
O02561,ACME,3945.06,CHF,2026-07-23,True
O02562,Initech,4744.88,USD,2026-08-27,False
O02563,Hooli,931.02,CHF,2026-06-19,False
O02564,Globex,4550.98,CHF,2026-03-19,True
O02565,Globex,425.85,EUR,2026-01-18,False
O02566,Initech,1852.76,EUR,2026-01-14,False
O02567,Initech,1490.74,USD,2026-04-27,False
O02568,Globex,4233.26,CHF,2026-04-25,False
O02569,Globex,348.05,USD,2026-08-22,True
O02570,ACME,4205.14,EUR,2026-01-15,False
O02571,Umbrella,2030.57,CHF,2026-04-28,False
O02572,ACME,4400.77,USD,2026-05-22,True
O02573,Hooli,939.89,EUR,2026-04-11,True
O02574,ACME,3473.9,CHF,2026-06-16,True
O02575,Initech,3204.55,USD,2026-09-11,False
O02576,Globex,2171.13,CHF,2026-04-22,False
O02577,ACME,495.89,EUR,2026-09-19,True
O02578,Umbrella,2969.35,EUR,2026-06-23,True
O02579,ACME,2669.92,USD,2026-09-19,False
O02580,ACME,3668.51,USD,2026-05-23,True
O02581,Umbrella,3655.9,USD,2026-07-21,False
O02582,Initech,468.92,USD,2026-02-11,True
O02583,Hooli,285.36,EUR,2026-05-23,True
O02584,Umbrella,4682.62,EUR,2026-04-27,False
O02585,ACME,3059.16,CHF,2026-05-25,True
O02586,Globex,2002.29,USD,2026-07-23,False
O02587,Globex,2545.6,EUR,2026-04-19,False
O02588,Initech,875.96,EUR,2026-05-20,False
O02589,Umbrella,591.96,CHF,2026-05-18,True
O02590,ACME,4949.25,USD,2026-08-23,False
O02591,Initech,4900.71,USD,2026-04-12,True
O02592,Hooli,3885.93,USD,2026-06-11,False
O02593,Initech,97.27,USD,2026-03-21,False
O02594,Hooli,2620.42,USD,2026-03-22,True
O02595,ACME,266.43,CHF,2026-06-11,False
O02596,Globex,1975.23,CHF,2026-03-17,True
O02597,Globex,3509.36,CHF,2026-02-14,False
O02598,Umbrella,2737.89,CHF,2026-02-21,False
O02599,Initech,3617.86,USD,2026-02-26,True
O02600,ACME,3866.37,EUR,2026-01-14,False
O02601,Globex,188.15,EUR,2026-06-16,False
O02602,Initech,4248.3,EUR,2026-05-17,False
O02603,Initech,4662.28,EUR,2026-06-14,True
O02604,Umbrella,4074.04,EUR,2026-03-26,True
O02605,Globex,584.88,USD,2026-09-24,False
O02606,Umbrella,3357.46,EUR,2026-07-10,True
O02607,Globex,775.45,USD,2026-07-19,True
O02608,Umbrella,2311.54,CHF,2026-02-11,True
O02609,Hooli,3211.68,USD,2026-02-14,True
O02610,ACME,424.43,USD,2026-03-26,False
O02611,ACME,2218.47,EUR,2026-08-27,False
O02612,Umbrella,3893.18,USD,2026-09-16,False
O02613,Hooli,867.43,USD,2026-01-24,True
O02614,Umbrella,960.83,CHF,2026-08-13,True
O02615,Initech,378.81,CHF,2026-05-19,False
O02616,Hooli,630.81,EUR,2026-09-13,True
O02617,Umbrella,4289.31,EUR,2026-01-11,False
O02618,Umbrella,218.32,USD,2026-01-18,False
O02619,Umbrella,4879.15,USD,2026-05-13,False
O02620,Hooli,3972.5,USD,2026-01-10,False
O02621,Initech,3465.66,CHF,2026-08-23,False
O02622,ACME,3039.41,EUR,2026-02-17,True
O02623,ACME,1149.16,EUR,2026-02-11,False
O02624,Globex,3765.36,CHF,2026-07-25,False
O02625,Globex,2239.28,EUR,2026-07-19,True
O02626,Initech,1424.78,USD,2026-02-12,True
O02627,ACME,1791.09,USD,2026-04-24,False
O02628,Initech,2309.56,USD,2026-02-22,False
O02629,Globex,2437.6,CHF,2026-01-28,False
O02630,Globex,412.01,USD,2026-07-25,True
O02631,Globex,2953.77,USD,2026-02-21,False
O02632,Umbrella,3256.68,CHF,2026-09-20,True
O02633,Umbrella,4146.95,CHF,2026-07-13,False
O02634,Globex,2488.68,EUR,2026-05-19,True
O02635,ACME,2105.87,EUR,2026-03-15,True
O02636,ACME,4993.29,USD,2026-06-17,True
O02637,Hooli,4622.92,CHF,2026-07-14,True
O02638,Hooli,4334.72,EUR,2026-04-21,False
O02639,Umbrella,1074.42,EUR,2026-02-15,False
O02640,Umbrella,3642.88,EUR,2026-04-11,True
O02641,Initech,3965.25,EUR,2026-05-17,True
O02642,ACME,4348.35,CHF,2026-02-18,True
O02643,ACME,1123.94,CHF,2026-08-26,False
O02644,Hooli,1601.66,EUR,2026-06-18,True
O02645,Hooli,4945.75,EUR,2026-06-23,False
O02646,Globex,450.88,USD,2026-08-21,False
O02647,Initech,3884.56,EUR,2026-06-16,False
O02648,Globex,2267.68,USD,2026-07-12,True
O02649,Hooli,464.26,USD,2026-04-12,True
O02650,Umbrella,1853.64,EUR,2026-04-25,True
O02651,Initech,1105.35,USD,2026-01-16,False
O02652,ACME,1867.86,EUR,2026-02-10,False
O02653,Umbrella,3831.35,USD,2026-08-11,True
O02654,Initech,738.21,CHF,2026-05-17,False
O02655,Initech,3894.91,CHF,2026-07-20,False
O02656,Umbrella,781.51,EUR,2026-07-15,False
O02657,ACME,3439.92,EUR,2026-09-13,True
O02658,ACME,1672.11,CHF,2026-03-17,False
O02659,Hooli,4992.0,EUR,2026-08-28,False
O02660,Initech,3618.07,EUR,2026-08-27,True
O02661,Globex,1390.76,EUR,2026-07-23,False
O02662,Hooli,2993.95,CHF,2026-02-21,True
O02663,Initech,2014.33,CHF,2026-04-20,True
O02664,Umbrella,96.69,USD,2026-05-11,False
O02665,Umbrella,1454.39,USD,2026-02-16,False
O02666,Umbrella,2244.19,USD,2026-02-17,True
O02667,Umbrella,4679.51,EUR,2026-02-22,True
O02668,Umbrella,1263.85,EUR,2026-02-25,True
O02669,Umbrella,2014.93,USD,2026-01-12,False
O02670,Initech,2310.11,CHF,2026-03-18,False
O02671,Globex,1609.27,EUR,2026-01-25,True
O02672,Globex,1784.79,USD,2026-01-24,False
O02673,Hooli,2989.16,USD,2026-06-20,False
O02674,Hooli,2588.8,CHF,2026-02-20,False
O02675,Hooli,2653.52,CHF,2026-08-22,False
O02676,ACME,1017.1,CHF,2026-09-23,False
O02677,ACME,2491.66,EUR,2026-04-13,False
O02678,Hooli,287.65,CHF,2026-06-13,False
O02679,Initech,100.25,USD,2026-04-20,False
O02680,Globex,1702.1,USD,2026-04-19,False
O02681,ACME,1344.43,CHF,2026-09-17,False
O02682,ACME,4765.22,EUR,2026-01-15,False
O02683,Initech,2252.06,CHF,2026-02-27,True
O02684,Globex,3072.53,USD,2026-05-14,False
O02685,ACME,1902.43,USD,2026-07-23,False
O02686,Initech,2814.27,EUR,2026-06-18,False
O02687,Umbrella,463.42,CHF,2026-01-18,False
O02688,Umbrella,4626.82,USD,2026-06-25,False
O02689,ACME,4027.01,CHF,2026-01-11,False
O02690,Globex,3347.3,USD,2026-08-26,False
O02691,Initech,545.09,EUR,2026-06-24,True
O02692,ACME,3970.79,USD,2026-07-24,False
O02693,Initech,1263.92,USD,2026-02-27,False
O02694,Globex,3577.68,CHF,2026-07-22,False
O02695,ACME,2031.27,EUR,2026-09-10,True
O02696,Hooli,4619.66,USD,2026-01-14,True
O02697,Umbrella,1824.22,USD,2026-09-26,True
O02698,Hooli,2183.9,EUR,2026-08-27,False
O02699,ACME,2736.81,CHF,2026-04-27,False
O02700,Umbrella,3915.29,USD,2026-08-25,False
O02701,Hooli,1403.46,EUR,2026-09-27,False
O02702,Umbrella,616.86,CHF,2026-05-15,True
O02703,Hooli,2874.07,EUR,2026-03-27,False
O02704,Umbrella,4612.59,USD,2026-02-21,False
O02705,Umbrella,3782.88,CHF,2026-09-13,True
O02706,Hooli,4279.36,EUR,2026-04-19,True
O02707,Umbrella,532.75,CHF,2026-07-27,True
O02708,Initech,3954.25,EUR,2026-01-10,True
O02709,Hooli,4465.62,USD,2026-05-20,False
O02710,Hooli,2598.71,CHF,2026-07-27,False
O02711,Umbrella,2875.21,USD,2026-09-15,False
O02712,Hooli,4230.89,EUR,2026-01-16,False
O02713,Hooli,4001.12,EUR,2026-03-22,False
O02714,Globex,463.02,EUR,2026-05-22,False
O02715,Hooli,938.45,USD,2026-04-11,True
O02716,Initech,4984.22,USD,2026-07-17,False
O02717,Hooli,3829.39,EUR,2026-03-18,False
O02718,Initech,253.72,USD,2026-06-12,True
O02719,Initech,1925.14,CHF,2026-07-16,False
O02720,ACME,2609.72,CHF,2026-04-16,False
O02721,ACME,3549.94,EUR,2026-04-22,False
O02722,Hooli,2710.24,EUR,2026-09-25,True
O02723,Initech,3009.18,CHF,2026-08-10,True
O02724,Initech,2299.7,EUR,2026-04-24,True
O02725,Globex,1338.61,EUR,2026-04-24,True
O02726,Hooli,2662.67,EUR,2026-07-21,True
O02727,ACME,3177.31,CHF,2026-01-21,False
O02728,Umbrella,4081.28,EUR,2026-07-22,False
O02729,Globex,490.82,USD,2026-02-17,True
O02730,Globex,2096.26,EUR,2026-07-11,True
O02731,Hooli,4724.24,EUR,2026-08-26,True
O02732,ACME,198.6,EUR,2026-01-17,False
O02733,ACME,1690.68,USD,2026-07-20,True
O02734,Hooli,4216.25,EUR,2026-04-22,False
O02735,ACME,1778.82,CHF,2026-04-20,False
O02736,Initech,560.71,USD,2026-05-28,True
O02737,Globex,821.25,EUR,2026-06-12,True
O02738,Hooli,1089.07,USD,2026-09-21,True
O02739,ACME,4968.82,CHF,2026-08-17,True
O02740,Globex,361.77,EUR,2026-09-13,True
O02741,Initech,3680.54,CHF,2026-09-11,False
O02742,Globex,4978.71,EUR,2026-06-17,False
O02743,Initech,1128.09,USD,2026-08-28,False
O02744,Initech,1790.33,CHF,2026-06-26,True
O02745,Initech,2051.18,CHF,2026-01-26,False
O02746,Initech,4324.8,CHF,2026-01-10,True
O02747,ACME,2359.94,CHF,2026-07-12,True
O02748,ACME,39.23,EUR,2026-03-25,False
O02749,ACME,4044.05,USD,2026-02-20,True
O02750,Hooli,3889.4,USD,2026-02-28,False
O02751,Initech,4662.62,EUR,2026-03-25,False
O02752,Initech,1074.61,USD,2026-02-17,False
O02753,ACME,58.95,EUR,2026-07-18,True
O02754,Hooli,1583.3,EUR,2026-09-11,True
O02755,Hooli,4264.76,CHF,2026-04-26,False
O02756,Initech,1314.22,CHF,2026-04-16,False
O02757,ACME,1262.59,CHF,2026-08-11,True
O02758,Umbrella,109.42,CHF,2026-08-17,True
O02759,Globex,2377.77,CHF,2026-06-10,False
O02760,Initech,1481.77,EUR,2026-05-23,False
O02761,Hooli,1033.54,EUR,2026-04-15,True
O02762,Umbrella,3434.41,USD,2026-03-20,False
O02763,Globex,804.93,USD,2026-08-18,True
O02764,Hooli,1941.24,EUR,2026-06-18,True
O02765,Hooli,3145.38,USD,2026-06-16,False
O02766,Hooli,1602.44,EUR,2026-02-28,True
O02767,Umbrella,1089.07,USD,2026-04-16,False
O02768,Initech,1657.48,EUR,2026-09-21,False
O02769,ACME,4685.36,USD,2026-08-13,True
O02770,ACME,544.52,USD,2026-01-18,True
O02771,Globex,2871.37,EUR,2026-02-15,True
O02772,Initech,3830.11,EUR,2026-06-26,False
O02773,Hooli,3641.86,USD,2026-09-28,False
O02774,Globex,2880.3,EUR,2026-04-12,False
O02775,Hooli,64.12,CHF,2026-02-24,True
O02776,Globex,587.73,USD,2026-06-22,False
O02777,Umbrella,2308.95,EUR,2026-01-16,False
O02778,Hooli,1573.49,USD,2026-03-16,True
O02779,ACME,2168.62,EUR,2026-05-15,False
O02780,Initech,3039.49,CHF,2026-09-18,False
O02781,Umbrella,3135.86,EUR,2026-06-15,False
O02782,ACME,256.15,CHF,2026-07-18,True
O02783,Initech,2858.99,EUR,2026-07-10,False
O02784,Initech,3659.78,EUR,2026-06-13,True
O02785,Globex,178.61,USD,2026-06-12,False
O02786,ACME,2866.82,EUR,2026-04-26,True
O02787,Umbrella,3950.71,USD,2026-04-14,True
O02788,Globex,2089.42,EUR,2026-01-11,True
O02789,Hooli,3283.32,CHF,2026-04-16,True
O02790,Hooli,2807.42,USD,2026-08-26,True
O02791,Umbrella,1659.36,USD,2026-08-23,True
O02792,Globex,2450.88,USD,2026-07-27,True
O02793,Initech,1244.02,CHF,2026-04-23,True
O02794,Hooli,1790.5,CHF,2026-04-12,False
O02795,Umbrella,4714.86,CHF,2026-06-19,True
O02796,ACME,3447.91,EUR,2026-01-17,False
O02797,Globex,206.3,EUR,2026-07-11,False
O02798,Globex,4809.9,EUR,2026-07-10,False
O02799,Initech,2748.67,CHF,2026-04-14,False
O02800,ACME,3297.08,USD,2026-04-22,True
O02801,Initech,166.77,CHF,2026-03-13,True
O02802,Umbrella,2377.38,USD,2026-04-14,True
O02803,ACME,223.65,EUR,2026-01-14,True
O02804,Globex,1730.11,EUR,2026-06-23,True
O02805,ACME,3266.61,CHF,2026-08-22,False
O02806,Umbrella,349.29,CHF,2026-07-27,True
O02807,Hooli,1361.43,USD,2026-06-19,True
O02808,Globex,1319.05,USD,2026-08-17,False
O02809,Hooli,898.15,CHF,2026-03-26,False
O02810,Umbrella,2099.4,CHF,2026-08-14,True
O02811,ACME,926.22,USD,2026-03-10,True
O02812,Umbrella,4116.66,CHF,2026-04-22,False
O02813,Initech,4480.66,CHF,2026-05-26,False
O02814,ACME,1795.43,USD,2026-05-19,True
O02815,ACME,3010.96,CHF,2026-07-11,False
O02816,ACME,4099.72,USD,2026-09-17,True
O02817,ACME,2275.69,USD,2026-04-10,True
O02818,Hooli,688.56,CHF,2026-09-22,False
O02819,Initech,4108.25,EUR,2026-07-10,True
O02820,ACME,536.6,USD,2026-05-18,False
O02821,ACME,1053.85,EUR,2026-02-13,False
O02822,Globex,4125.79,USD,2026-08-22,True
O02823,Initech,3989.97,EUR,2026-04-12,False
O02824,Initech,828.77,CHF,2026-07-22,False
O02825,ACME,4347.37,CHF,2026-03-16,False
O02826,Globex,1745.29,EUR,2026-01-21,True
O02827,Hooli,4445.62,EUR,2026-06-17,False
O02828,Globex,2104.74,USD,2026-03-20,False
O02829,Initech,3468.85,CHF,2026-04-10,False
O02830,Hooli,4117.59,CHF,2026-06-26,False
O02831,Initech,3739.39,EUR,2026-03-15,False
O02832,Initech,2950.82,EUR,2026-08-23,False
O02833,ACME,1120.2,USD,2026-05-19,True
O02834,Umbrella,2437.53,USD,2026-08-20,True
O02835,Globex,3979.12,USD,2026-01-22,False
O02836,Initech,3644.23,EUR,2026-07-22,False
O02837,Initech,2617.57,CHF,2026-03-17,False
O02838,Hooli,3550.85,USD,2026-09-24,True
O02839,Initech,1046.0,USD,2026-09-16,True
O02840,Hooli,4244.59,EUR,2026-08-26,False
O02841,Hooli,1710.48,USD,2026-06-26,False
O02842,Hooli,2571.43,CHF,2026-09-20,True
O02843,Umbrella,4260.27,EUR,2026-09-12,False
O02844,Umbrella,1738.05,USD,2026-01-27,False
O02845,Umbrella,2895.71,USD,2026-06-27,False
O02846,ACME,3910.73,CHF,2026-01-13,False
O02847,Globex,3709.43,USD,2026-09-11,True
O02848,Initech,1662.59,CHF,2026-06-24,True
O02849,Hooli,1297.87,CHF,2026-06-14,True
O02850,Hooli,1992.39,EUR,2026-07-13,False
O02851,Globex,2523.54,CHF,2026-05-21,False
O02852,Initech,3878.36,CHF,2026-05-26,False
O02853,Hooli,2673.11,USD,2026-06-16,False
O02854,Initech,4489.17,CHF,2026-01-15,True
O02855,Globex,3369.23,USD,2026-03-15,True
O02856,Globex,4077.51,USD,2026-09-28,False
O02857,Umbrella,713.9,USD,2026-08-19,False
O02858,Hooli,1916.95,EUR,2026-05-18,False
O02859,ACME,1487.58,EUR,2026-08-25,False
O02860,Hooli,2930.26,USD,2026-05-16,False
O02861,Umbrella,4410.18,EUR,2026-05-13,False
O02862,Hooli,637.14,CHF,2026-01-14,True
O02863,Initech,2536.62,EUR,2026-08-18,True
O02864,Initech,590.52,EUR,2026-08-22,False
O02865,Initech,1823.66,CHF,2026-02-23,True
O02866,Hooli,4774.21,USD,2026-07-12,True
O02867,Hooli,2712.57,CHF,2026-09-14,True
O02868,ACME,283.56,CHF,2026-01-17,True
O02869,Globex,4942.05,USD,2026-07-17,True
O02870,Initech,1874.0,EUR,2026-07-11,False
O02871,Globex,2874.3,CHF,2026-09-22,False
O02872,ACME,1017.6,CHF,2026-09-18,False
O02873,Hooli,4553.61,USD,2026-08-26,False
O02874,Hooli,4268.37,EUR,2026-01-13,False
O02875,ACME,436.29,USD,2026-06-12,False
O02876,ACME,1693.99,EUR,2026-01-11,True
O02877,Hooli,2522.61,CHF,2026-08-10,False
O02878,ACME,1725.52,CHF,2026-06-11,True
O02879,Initech,3801.12,CHF,2026-07-18,False
O02880,ACME,2420.92,CHF,2026-03-24,False
O02881,ACME,352.76,EUR,2026-05-11,True
O02882,Hooli,3201.35,CHF,2026-07-27,True
O02883,Globex,2679.2,EUR,2026-04-14,False
O02884,Globex,4905.89,EUR,2026-03-25,True
O02885,Initech,165.3,USD,2026-03-18,False
O02886,Initech,4056.6,CHF,2026-03-19,False
O02887,Hooli,1382.47,EUR,2026-06-22,True
O02888,Initech,2169.75,CHF,2026-05-18,True
O02889,Globex,1982.07,EUR,2026-06-28,True
O02890,Initech,3071.39,CHF,2026-05-14,True
O02891,Umbrella,1235.2,EUR,2026-09-13,True
O02892,ACME,4662.61,EUR,2026-07-25,False
O02893,Globex,3124.76,CHF,2026-03-25,False
O02894,Umbrella,285.0,CHF,2026-08-17,False
O02895,Globex,4303.59,EUR,2026-08-19,False
O02896,Initech,914.36,EUR,2026-08-12,True
O02897,Hooli,3498.26,EUR,2026-02-20,False
O02898,Initech,903.81,EUR,2026-02-10,False
O02899,ACME,810.24,USD,2026-08-21,False
O02900,Hooli,1548.31,EUR,2026-05-14,False
O02901,Umbrella,2088.34,USD,2026-02-19,False
O02902,Umbrella,176.17,EUR,2026-07-13,True
O02903,Globex,1670.39,USD,2026-07-16,False
O02904,Globex,2091.24,USD,2026-07-27,False
O02905,Initech,4167.31,USD,2026-09-15,False
O02906,ACME,3775.65,EUR,2026-06-16,False
O02907,Initech,4548.26,USD,2026-09-28,True
O02908,Globex,4782.33,EUR,2026-03-12,True
O02909,Hooli,15.1,CHF,2026-06-13,True
O02910,Umbrella,1510.25,CHF,2026-09-17,False
O02911,Globex,4403.85,EUR,2026-05-27,True
O02912,Umbrella,4135.44,CHF,2026-05-17,False
O02913,Hooli,2547.11,EUR,2026-07-27,False
O02914,Initech,1840.62,EUR,2026-09-17,False
O02915,Umbrella,2610.68,EUR,2026-02-28,True
O02916,Globex,3721.15,EUR,2026-05-11,True
O02917,Globex,1931.1,EUR,2026-08-17,False
O02918,Initech,320.68,USD,2026-09-28,False
O02919,ACME,660.26,USD,2026-07-11,False
O02920,ACME,3341.15,USD,2026-02-27,True
O02921,Hooli,1532.17,USD,2026-05-24,False
O02922,Initech,4218.56,USD,2026-08-26,True
O02923,ACME,3712.96,EUR,2026-09-27,True
O02924,Hooli,1747.15,CHF,2026-07-26,False
O02925,Hooli,1850.51,EUR,2026-03-22,True
O02926,ACME,3482.02,USD,2026-04-18,False
O02927,Initech,4523.21,EUR,2026-08-18,True
O02928,Umbrella,740.48,USD,2026-04-12,True
O02929,Hooli,3832.74,EUR,2026-07-12,True
O02930,Initech,2775.37,USD,2026-08-10,True
O02931,ACME,4723.94,EUR,2026-07-28,True
O02932,Umbrella,3224.0,USD,2026-01-23,False
O02933,ACME,4777.6,EUR,2026-07-24,False
O02934,Initech,3708.48,USD,2026-01-19,False
O02935,Hooli,2622.67,USD,2026-09-23,False
O02936,Umbrella,37.25,CHF,2026-04-26,False
O02937,Globex,1517.2,EUR,2026-02-20,True
O02938,Hooli,3829.95,CHF,2026-08-16,True
O02939,ACME,2874.0,EUR,2026-03-10,True
O02940,Globex,4717.36,EUR,2026-09-21,False
O02941,Hooli,532.65,EUR,2026-06-18,True
O02942,Umbrella,108.13,CHF,2026-07-16,True
O02943,Umbrella,2938.44,USD,2026-02-17,True
O02944,Initech,1560.48,EUR,2026-09-21,True
O02945,ACME,3300.86,USD,2026-06-13,True
O02946,ACME,559.84,CHF,2026-09-24,True
O02947,Globex,4741.09,EUR,2026-07-28,True
O02948,Globex,4411.0,USD,2026-09-27,True
O02949,Hooli,1808.35,EUR,2026-08-17,True
O02950,Initech,2493.31,CHF,2026-07-12,True
O02951,Umbrella,666.44,USD,2026-05-23,False
O02952,Globex,62.34,EUR,2026-03-17,False
O02953,Umbrella,1826.67,EUR,2026-03-15,False
O02954,Initech,2957.59,USD,2026-09-16,False
O02955,Umbrella,3376.13,EUR,2026-08-27,True
O02956,Initech,532.21,EUR,2026-08-18,True
O02957,ACME,3130.93,CHF,2026-03-15,False
O02958,ACME,635.27,USD,2026-09-22,True
O02959,Initech,2625.84,USD,2026-09-12,True
O02960,Umbrella,305.42,EUR,2026-02-22,False
O02961,ACME,2171.57,CHF,2026-08-15,True
O02962,Hooli,2207.16,USD,2026-07-15,True
O02963,Globex,4922.26,USD,2026-09-25,False
O02964,Initech,999.68,EUR,2026-01-27,False
O02965,Hooli,707.06,CHF,2026-04-15,False
O02966,Globex,179.74,USD,2026-03-19,False
O02967,Initech,4710.8,CHF,2026-09-12,False
O02968,Hooli,360.0,CHF,2026-06-22,True
O02969,Hooli,3466.08,CHF,2026-08-23,False
O02970,Umbrella,3043.26,USD,2026-06-27,True
O02971,Umbrella,3499.51,CHF,2026-04-10,False
O02972,Hooli,256.38,EUR,2026-07-19,False
O02973,Initech,3233.97,USD,2026-01-21,True
O02974,ACME,3513.56,USD,2026-01-16,False
O02975,ACME,4256.75,CHF,2026-09-14,False
O02976,ACME,1991.7,USD,2026-05-14,False
O02977,Initech,4588.81,USD,2026-02-18,False
O02978,ACME,2661.59,USD,2026-04-23,False
O02979,Hooli,3382.78,CHF,2026-05-27,False
O02980,Hooli,2102.48,USD,2026-02-20,True
O02981,Hooli,3245.57,USD,2026-09-18,False
O02982,Hooli,470.14,CHF,2026-03-28,True
O02983,Initech,4557.82,EUR,2026-04-26,True
O02984,Initech,2735.09,EUR,2026-05-11,True
O02985,Hooli,4344.83,EUR,2026-08-11,False
O02986,Globex,3821.28,EUR,2026-09-24,False
O02987,Umbrella,3480.11,EUR,2026-07-28,True
O02988,Umbrella,3533.35,EUR,2026-04-28,False
O02989,Umbrella,3865.18,USD,2026-01-17,False
O02990,Globex,4253.11,EUR,2026-03-27,True
O02991,Umbrella,3872.88,CHF,2026-02-28,False
O02992,Initech,2432.07,USD,2026-04-23,False
O02993,Initech,4483.06,USD,2026-08-14,False
O02994,ACME,1671.95,CHF,2026-03-20,False
O02995,Hooli,4269.94,EUR,2026-08-27,True
O02996,Globex,1442.35,EUR,2026-03-23,False
O02997,Globex,1890.8,USD,2026-01-11,False
O02998,Umbrella,1461.03,CHF,2026-01-10,False
O02999,Initech,3025.34,EUR,2026-07-19,False
O03000,Globex,1113.96,EUR,2026-08-23,True
