EmployeeId,FullName,Dept,Salary,HireDate,IsActive,CostCenter
E10001,Omar Okafor,Engineering,"12,686.95",04/03/2023,Y,CC-220
E10002,Ines Okafor,Engineering,"7,713.67",03/09/2018,Y,CC-220
E10003,Amara Schmidt,Support,"10,346.05",19/07/2026,N,CC-320
E10004,Jonas Okafor,Sales,"5,865.69",05/01/2024,Y,CC-310
E10005,Hugo Schmidt,Support,"6,927.86",18/09/2022,Y,CC-320
E10006,Ines Dubois,Legal,"12,035.03",15/10/2018,Y,CC-120
E10007,Lena Silva,Sales,"11,118.10",08/06/2025,Y,CC-310
E10008,Sara Petrov,People,"5,787.76",03/09/2022,Y,CC-130
E10009,Mateo Rossi,People,"7,560.39",22/03/2024,Y,CC-130
E10010,Mateo Larsen,People,"9,590.06",15/06/2026,Y,CC-130
E10011,Sara Kowalski,Finance,"11,530.77",10/05/2019,Y,CC-110
E10012,Omar Larsen,Finance,"14,218.52",12/05/2025,Y,CC-110
E10013,Amara Novak,Marketing,"3,836.37",08/08/2019,Y,CC-410
E10014,Hugo Ibrahim,Legal,"9,199.31",05/02/2025,Y,CC-120
E10015,Priya Larsen,Legal,"14,400.61",05/05/2026,Y,CC-120
E10016,Jonas Nair,People,"12,812.93",06/04/2020,Y,CC-130
E10017,Priya Sato,Operations,"9,993.62",11/03/2018,N,CC-510
E10018,Rafael Sato,Legal,"7,257.23",13/01/2026,Y,CC-120
E10019,Ines Kowalski,Support,"7,803.24",04/01/2024,Y,CC-320
E10020,Aarav Rossi,Engineering,"14,325.01",20/02/2018,Y,CC-220
E10021,Omar Rossi,Marketing,"14,408.65",20/10/2021,Y,CC-410
E10022,Sara Ibrahim,People,"8,357.60",03/02/2019,Y,CC-130
E10023,Kofi Dubois,Sales,"8,720.26",07/12/2023,N,CC-310
E10024,Fatima Sato,Finance,"11,876.97",10/06/2026,N,CC-110
E10025,Kofi Moreau,Operations,"13,802.96",12/12/2019,Y,CC-510
E10026,Tomasz Petrov,Support,"10,017.72",26/09/2026,N,CC-320
E10027,Omar Silva,Support,"8,791.30",12/04/2021,Y,CC-320
E10028,Sara Tanaka,Support,"11,056.04",12/05/2018,Y,CC-320
E10029,Chen Silva,Engineering,"5,060.43",07/06/2023,Y,CC-220
E10030,Zofia Nair,People,"13,815.03",12/10/2025,Y,CC-130
E10031,Elena Costa,Support,"8,338.91",06/11/2019,Y,CC-320
E10032,Omar Ibrahim,Legal,"11,687.22",03/02/2023,Y,CC-120
E10033,Aarav Rossi,People,"12,497.42",05/03/2020,Y,CC-130
E10034,Nadia Rossi,Sales EMEA,"2,424.52",26/11/2025,N,CC-310
E10035,Fatima Nakamura,Support,"12,749.57",07/09/2019,Y,CC-320
E10036,Tomasz Silva,Operations,"5,477.65",14/05/2021,Y,CC-510
E10037,Nadia Ibrahim,Legal,"12,762.20",17/12/2018,Y,CC-120
E10038,Tomasz Nair,People,"12,112.57",20/09/2020,Y,CC-130
E10039,Fatima Dubois,Engineering,"9,289.58",11/03/2020,Y,CC-220
E10040,Sara Schmidt,Finance & Control,"5,338.18",09/09/2026,Y,CC-110
E10041,Rafael Sato,Finance,"11,900.71",03/09/2019,Y,CC-110
E10042,Ines Tanaka,People,"8,669.64",26/09/2026,Y,CC-130
E10043,Tomasz Tanaka,Support,"12,927.20",05/12/2021,Y,CC-320
E10044,Mateo Kowalski,Support,"7,597.74",07/08/2024,Y,CC-320
E10045,Nadia Rossi,Marketing,"13,476.75",15/03/2019,Y,CC-410
E10046,Sara Haddad,Support,"4,221.61",14/07/2019,N,CC-320
E10047,Priya Novak,Operations,"6,236.68",24/06/2024,Y,CC-510
E10048,Rafael Ibrahim,Finance,"7,081.14",17/09/2023,Y,CC-110
E10049,Elena Silva,Engineering,"3,108.59",09/02/2026,Y,CC-220
E10050,Fatima Nakamura,Marketing,"7,402.69",18/05/2020,N,CC-410
E10051,Mateo Kowalski,Marketing,"2,888.07",23/12/2025,Y,CC-410
E10052,Aarav Kowalski,Marketing,"3,224.42",28/05/2019,Y,CC-410
E10053,Rafael Nair,Operations,"14,906.94",14/02/2022,N,CC-510
E10054,Fatima Okafor,Support,"14,186.16",06/10/2022,Y,CC-320
E10055,Lena Mensah,Support,"5,870.20",17/04/2020,Y,CC-320
E10056,Aarav Tanaka,Finance,"2,346.89",24/06/2022,Y,CC-110
E10057,Sara Silva,People,"3,446.50",27/09/2021,Y,CC-130
E10058,Omar Moreau,Marketing,"10,973.73",08/09/2025,Y,CC-410
E10059,Nadia Okafor,Sales,"2,332.89",21/07/2020,Y,CC-310
E10060,Hugo Okafor,Eng,"10,684.87",13/07/2022,N,CC-220
E10061,Jonas Mensah,Finance,"8,044.78",06/10/2022,Y,CC-110
E10062,Nadia Petrov,Operations,"5,286.25",10/05/2018,Y,CC-510
E10063,Mateo Costa,Engineering,"8,239.68",17/01/2020,Y,CC-220
E10064,Aarav Kowalski,Marketing,"12,632.68",05/09/2021,Y,CC-410
E10065,Aarav Mensah,Marketing,"10,228.66",03/07/2018,Y,CC-410
E10066,Zofia Costa,Operations,"11,396.29",16/03/2026,Y,CC-510
E10067,Tomasz Nakamura,Sales,"13,823.86",25/01/2020,Y,CC-310
E10068,Viktor Silva,Engineering,"2,549.79",05/11/2018,Y,CC-220
E10069,Rafael Sato,Finance & Control,"10,204.25",21/07/2019,Y,CC-110
E10070,Kofi Nair,People,"12,384.46",24/08/2021,N,CC-130
E10071,Tomasz Kowalski,People,"5,385.64",03/02/2026,Y,CC-130
E10072,Ines Silva,People,"8,487.36",13/12/2021,Y,CC-130
E10073,Zofia Novak,Eng,"9,844.22",11/01/2022,Y,CC-220
E10074,Viktor Rossi,Finance & Control,"8,339.46",16/10/2022,Y,CC-110
E10075,Ines Dubois,Marketing,"11,244.81",10/12/2019,Y,CC-410
E10076,Uma Novak,Marketing,"14,699.35",16/02/2025,Y,CC-410
E10077,Tomasz Ibrahim,Marketing,"7,113.26",07/02/2025,N,CC-410
E10078,Tomasz Tanaka,Operations,"3,851.32",27/03/2019,Y,CC-510
E10079,Nadia Silva,People,"13,667.56",16/02/2022,Y,CC-130
E10080,Sara Ibrahim,Legal,"6,024.03",05/01/2020,Y,CC-120
E10081,Elena Petrov,Finance,"6,313.95",11/06/2024,Y,CC-110
E10082,Aarav Mensah,Marketing,"6,925.61",13/04/2019,Y,CC-410
E10083,Priya Tanaka,Finance,"5,750.58",02/06/2019,Y,CC-110
E10084,Fatima Silva,Marketing,"7,746.97",11/11/2022,Y,CC-410
E10085,Aarav Costa,Support,"11,382.12",02/07/2023,N,CC-320
E10086,Zofia Rossi,Marketing,"8,379.93",18/08/2024,Y,CC-410
E10087,Mateo Mensah,Marketing,"5,431.18",24/07/2025,N,CC-410
E10088,Jonas Mensah,People,"9,300.44",13/07/2022,Y,CC-130
E10089,Ines Moreau,People,"9,345.76",15/02/2020,N,CC-130
E10090,Fatima Sato,Support,"5,281.62",06/07/2025,Y,CC-320
E10091,Jonas Larsen,Marketing,"12,534.07",07/06/2019,N,CC-410
E10092,Priya Moreau,Support,"6,985.19",11/07/2024,Y,CC-320
E10093,Viktor Larsen,Sales EMEA,"10,961.04",17/05/2025,Y,CC-310
E10094,Kofi Silva,Legal,"7,278.88",15/02/2021,Y,CC-120
E10095,Fatima Okafor,Legal,"11,253.04",26/01/2022,Y,CC-120
E10096,Chen Costa,People,"14,623.85",08/01/2025,Y,CC-130
E10097,Fatima Moreau,Engineering,"14,229.32",24/03/2021,Y,CC-220
E10098,Uma Okafor,Finance,"12,186.89",08/02/2025,Y,CC-110
E10099,Lena Rossi,Marketing,"8,927.49",14/11/2018,Y,CC-410
E10100,Chen Mensah,Support,"7,129.09",08/02/2019,Y,CC-320
E10101,Uma Mensah,People,"5,724.48",11/01/2018,Y,CC-130
E10102,Tomasz Silva,Support,"2,525.67",14/08/2021,Y,CC-320
E10103,Aarav Novak,People,"13,502.61",21/01/2022,Y,CC-130
E10104,Priya Larsen,Support,"8,474.46",23/04/2022,Y,CC-320
E10105,Omar Novak,Finance,"12,376.33",24/06/2024,Y,CC-110
E10106,Sara Novak,Marketing,"11,975.95",07/04/2019,Y,CC-410
E10107,Lena Schmidt,People,"9,977.56",08/05/2021,Y,CC-130
E10108,Fatima Costa,Finance & Control,"4,848.36",20/10/2018,Y,CC-110
E10109,Amara Haddad,Legal,"7,918.91",23/12/2018,N,CC-120
E10110,Hugo Petrov,Support,"4,530.12",17/02/2019,Y,CC-320
E10111,Omar Larsen,Operations,"7,901.19",04/05/2018,Y,CC-510
E10112,Nadia Nakamura,Engineering,"9,349.28",25/02/2022,Y,CC-220
E10113,Priya Kowalski,Finance,"11,198.44",07/05/2023,Y,CC-110
E10114,Mateo Larsen,People,"2,538.52",14/04/2025,Y,CC-130
E10115,Omar Okafor,People,"2,952.90",02/01/2024,Y,CC-130
E10116,Mateo Larsen,Marketing,"6,447.68",20/10/2019,Y,CC-410
E10117,Lena Nair,Engineering,"2,461.21",08/05/2023,Y,CC-220
E10118,Kofi Nakamura,People,"3,852.63",16/07/2025,Y,CC-130
E10119,Fatima Silva,Operations,"13,199.74",15/12/2022,Y,CC-510
E10120,Ines Costa,Sales EMEA,"5,322.96",03/09/2019,Y,CC-310
E10121,Uma Petrov,Sales,"14,726.68",04/09/2025,N,CC-310
E10122,Chen Novak,Eng,"7,577.75",23/10/2022,N,CC-220
E10123,Fatima Nakamura,People,"10,108.55",22/04/2020,Y,CC-130
E10124,Lena Mensah,Marketing,"9,490.09",12/02/2026,Y,CC-410
E10125,Rafael Silva,Sales,"5,297.72",05/04/2022,Y,CC-310
E10126,Chen Costa,Marketing,"14,883.12",17/06/2021,Y,CC-410
E10127,Rafael Okafor,Engineering,"2,207.63",27/11/2019,Y,CC-220
E10128,Amara Mensah,Support,"3,679.55",07/06/2025,Y,CC-320
E10129,Nadia Moreau,Sales EMEA,"7,912.13",09/02/2021,Y,CC-310
E10130,Zofia Larsen,Support,"2,630.54",11/02/2018,Y,CC-320
E10131,Amara Novak,Finance,"12,568.91",14/05/2021,Y,CC-110
E10132,Lena Kowalski,Support,"2,553.72",16/10/2020,Y,CC-320
E10133,Elena Costa,Sales EMEA,"10,350.70",03/07/2019,Y,CC-310
E10134,Kofi Nakamura,Marketing,"10,718.01",14/12/2024,N,CC-410
E10135,Viktor Larsen,Legal,"7,492.99",28/12/2022,Y,CC-120
E10136,Ines Costa,Legal,"4,763.05",01/11/2023,Y,CC-120
E10137,Elena Kowalski,Legal,"9,563.12",12/07/2020,Y,CC-120
E10138,Aarav Okafor,Sales EMEA,"10,374.65",13/03/2020,Y,CC-310
E10139,Tomasz Haddad,Sales EMEA,"6,614.13",06/12/2023,Y,CC-310
E10140,Omar Dubois,Support,"6,073.00",27/02/2019,N,CC-320
E10141,Amara Costa,Eng,"13,751.15",20/06/2025,Y,CC-220
E10142,Jonas Costa,Support,"12,788.48",06/11/2020,Y,CC-320
E10143,Tomasz Haddad,Legal,"6,758.63",05/07/2018,Y,CC-120
E10144,Uma Okafor,Operations,"3,660.49",20/01/2021,Y,CC-510
E10145,Priya Mensah,Support,"7,612.24",22/11/2022,Y,CC-320
E10146,Hugo Nair,Finance,"10,090.38",16/08/2026,Y,CC-110
E10147,Rafael Haddad,People,"7,286.39",03/10/2025,Y,CC-130
E10148,Chen Ibrahim,Finance & Control,"2,671.56",05/06/2024,Y,CC-110
E10149,Tomasz Kowalski,Finance & Control,"11,798.92",13/12/2023,Y,CC-110
E10150,Chen Schmidt,Support,"3,838.65",16/01/2020,Y,CC-320
E10151,Jonas Kowalski,Operations,"9,982.00",09/11/2020,Y,CC-510
E10152,Fatima Tanaka,People,"4,822.79",09/08/2022,Y,CC-130
E10153,Nadia Okafor,Support,"4,486.30",06/06/2021,Y,CC-320
E10154,Mateo Costa,Sales EMEA,"12,312.95",09/11/2022,Y,CC-310
E10155,Nadia Ibrahim,Engineering,"5,383.57",18/01/2026,Y,CC-220
E10156,Nadia Tanaka,Legal,"14,858.09",19/12/2024,Y,CC-120
E10157,Rafael Silva,Sales,"10,045.24",02/02/2023,Y,CC-310
E10158,Lena Petrov,Finance & Control,"11,735.55",08/05/2026,Y,CC-110
E10159,Tomasz Larsen,Finance,"3,843.86",08/07/2024,Y,CC-110
E10160,Amara Nair,Operations,"6,046.97",17/01/2018,Y,CC-510
E10161,Viktor Mensah,Sales,"4,769.69",20/07/2021,Y,CC-310
E10162,Aarav Silva,Sales EMEA,"7,934.45",03/03/2020,Y,CC-310
E10163,Kofi Nair,Finance,"10,424.67",18/07/2022,N,CC-110
E10164,Tomasz Dubois,Support,"4,268.22",01/10/2025,Y,CC-320
E10165,Omar Haddad,Support,"4,103.80",25/01/2026,Y,CC-320
E10166,Fatima Nakamura,Support,"8,799.25",21/04/2026,Y,CC-320
E10167,Hugo Moreau,Marketing,"2,968.13",21/10/2024,Y,CC-410
E10168,Uma Nair,Legal,"12,984.07",24/12/2025,N,CC-120
E10169,Rafael Haddad,Support,"14,863.35",09/12/2019,Y,CC-320
E10170,Mateo Tanaka,Finance & Control,"5,562.62",18/02/2018,Y,CC-110
E10171,Lena Novak,Engineering,"13,440.98",01/05/2026,Y,CC-220
E10172,Ines Haddad,Operations,"4,612.55",13/12/2021,Y,CC-510
E10173,Uma Dubois,People,"12,923.50",23/07/2021,Y,CC-130
E10174,Jonas Mensah,Support,"7,173.75",19/07/2018,Y,CC-320
E10175,Amara Nair,Engineering,"3,518.68",06/03/2020,Y,CC-220
E10176,Aarav Nair,Finance,"3,925.70",21/12/2020,Y,CC-110
E10177,Amara Kowalski,Operations,"4,707.18",27/12/2019,Y,CC-510
E10178,Omar Schmidt,Support,"4,789.43",04/12/2019,Y,CC-320
E10179,Lena Dubois,Engineering,"3,851.95",26/11/2019,Y,CC-220
E10180,Mateo Petrov,Legal,"5,500.68",12/05/2021,Y,CC-120
E10181,Nadia Petrov,People,"13,073.17",20/01/2022,Y,CC-130
E10182,Priya Moreau,Eng,"6,599.21",23/01/2024,Y,CC-220
E10183,Chen Mensah,Sales,"7,744.62",17/12/2021,Y,CC-310
E10184,Nadia Dubois,Eng,"8,455.74",26/01/2018,Y,CC-220
E10185,Nadia Moreau,Marketing,"9,565.83",06/10/2025,Y,CC-410
E10186,Jonas Dubois,Sales,"3,560.32",21/12/2021,Y,CC-310
E10187,Uma Schmidt,Operations,"6,712.57",13/12/2025,N,CC-510
E10188,Aarav Larsen,Support,"6,177.42",14/07/2019,N,CC-320
E10189,Omar Silva,People,"3,777.88",20/03/2026,Y,CC-130
E10190,Viktor Petrov,Sales,"13,286.42",15/06/2018,Y,CC-310
E10191,Rafael Ibrahim,Marketing,"9,580.75",05/03/2023,Y,CC-410
E10192,Ines Tanaka,Marketing,"11,833.25",27/09/2021,Y,CC-410
E10193,Fatima Silva,Operations,"10,004.72",12/12/2020,Y,CC-510
E10194,Kofi Schmidt,Sales,"14,497.41",04/04/2023,N,CC-310
E10195,Lena Mensah,Legal,"5,663.12",04/03/2020,Y,CC-120
E10196,Ines Costa,People,"2,585.34",13/05/2019,N,CC-130
E10197,Jonas Moreau,Marketing,"8,093.87",05/12/2024,Y,CC-410
E10198,Jonas Nakamura,Legal,"13,004.10",22/01/2024,Y,CC-120
E10199,Hugo Schmidt,People,"7,699.35",09/11/2021,Y,CC-130
E10200,Jonas Costa,Sales,"5,481.12",14/07/2019,Y,CC-310
E10201,Priya Moreau,Sales EMEA,"13,626.36",11/10/2018,Y,CC-310
E10202,Elena Okafor,Marketing,"9,121.31",06/08/2024,Y,CC-410
E10203,Nadia Schmidt,People,"9,091.48",23/09/2021,Y,CC-130
E10204,Nadia Moreau,Operations,"7,414.77",15/11/2018,Y,CC-510
E10205,Tomasz Schmidt,Operations,"10,330.01",09/07/2020,Y,CC-510
E10206,Aarav Kowalski,Legal,"13,895.04",21/01/2024,Y,CC-120
E10207,Kofi Schmidt,Support,"6,043.85",13/10/2023,N,CC-320
E10208,Omar Ibrahim,Support,"4,260.96",25/04/2026,Y,CC-320
E10209,Uma Silva,Sales EMEA,"6,761.49",21/08/2021,Y,CC-310
E10210,Lena Sato,Sales,"12,155.43",16/08/2024,Y,CC-310
E10211,Omar Tanaka,Legal,"10,859.24",16/05/2021,Y,CC-120
E10212,Jonas Mensah,Operations,"8,302.63",14/06/2022,Y,CC-510
E10213,Nadia Rossi,Marketing,"13,112.54",02/11/2019,Y,CC-410
E10214,Tomasz Larsen,Finance,"10,583.20",07/03/2023,N,CC-110
E10215,Zofia Schmidt,Sales,"13,109.05",06/05/2022,Y,CC-310
E10216,Ines Costa,Sales EMEA,"9,970.06",23/03/2023,Y,CC-310
E10217,Uma Mensah,Support,"8,493.94",07/11/2019,Y,CC-320
E10218,Elena Sato,Engineering,"5,543.46",08/11/2025,Y,CC-220
E10219,Uma Okafor,People,"8,187.36",05/08/2025,Y,CC-130
E10220,Hugo Sato,Finance,"4,207.39",11/08/2021,Y,CC-110
E10221,Lena Ibrahim,Operations,"7,508.33",22/11/2025,Y,CC-510
E10222,Aarav Nair,Finance,"10,907.60",11/11/2023,Y,CC-110
E10223,Sara Dubois,Sales EMEA,"2,584.90",23/09/2019,Y,CC-310
E10224,Elena Larsen,Operations,"8,238.27",17/06/2020,Y,CC-510
E10225,Priya Petrov,Legal,"5,377.67",02/05/2021,Y,CC-120
E10226,Sara Costa,Operations,"8,613.10",09/06/2022,N,CC-510
E10227,Sara Schmidt,Operations,"4,617.32",23/04/2023,Y,CC-510
E10228,Omar Sato,Legal,"9,147.50",02/01/2019,Y,CC-120
E10229,Amara Novak,People,"9,959.44",22/01/2019,Y,CC-130
E10230,Zofia Costa,Sales EMEA,"10,192.03",23/09/2026,Y,CC-310
E10231,Amara Ibrahim,Sales,"3,450.47",06/04/2019,N,CC-310
E10232,Aarav Larsen,Sales,"12,241.31",18/02/2024,Y,CC-310
E10233,Priya Okafor,Operations,"2,411.63",19/03/2022,Y,CC-510
E10234,Viktor Moreau,Finance,"12,731.62",25/08/2018,Y,CC-110
E10235,Chen Nair,Legal,"9,769.26",22/08/2024,N,CC-120
E10236,Uma Schmidt,Engineering,"10,419.01",07/07/2025,N,CC-220
E10237,Aarav Nair,Eng,"14,808.70",28/07/2018,Y,CC-220
E10238,Sara Nair,Marketing,"11,281.43",08/03/2019,Y,CC-410
E10239,Nadia Rossi,Engineering,"6,055.52",18/01/2020,Y,CC-220
E10240,Kofi Okafor,Finance,"2,296.27",01/11/2025,N,CC-110
E10241,Lena Mensah,Sales EMEA,"14,437.28",27/07/2019,Y,CC-310
E10242,Nadia Ibrahim,People,"10,834.36",05/06/2018,N,CC-130
E10243,Hugo Nakamura,People,"7,099.01",26/06/2019,Y,CC-130
E10244,Mateo Mensah,Marketing,"2,927.98",21/10/2022,Y,CC-410
E10245,Aarav Rossi,Marketing,"9,651.29",08/10/2023,Y,CC-410
E10246,Jonas Ibrahim,Marketing,"10,984.15",11/10/2024,Y,CC-410
E10247,Viktor Okafor,Marketing,"12,840.35",26/03/2024,N,CC-410
E10248,Uma Dubois,Operations,"9,008.37",18/05/2020,Y,CC-510
E10249,Jonas Mensah,Finance,"10,844.40",15/04/2024,Y,CC-110
E10250,Aarav Costa,People,"9,085.41",18/10/2022,Y,CC-130
E10251,Omar Moreau,Marketing,"13,505.76",17/04/2019,Y,CC-410
E10252,Ines Novak,Support,"3,428.19",26/04/2026,Y,CC-320
E10253,Viktor Larsen,Legal,"12,152.76",28/10/2023,Y,CC-120
E10254,Nadia Schmidt,Operations,"10,268.09",26/08/2018,Y,CC-510
E10255,Aarav Larsen,Marketing,"8,814.63",01/10/2023,Y,CC-410
E10256,Sara Novak,Marketing,"14,024.11",09/10/2021,Y,CC-410
E10257,Zofia Rossi,Marketing,"13,093.05",11/10/2025,Y,CC-410
E10258,Chen Nair,Finance & Control,"2,596.61",12/07/2020,N,CC-110
E10259,Chen Costa,Eng,"11,212.81",03/08/2025,Y,CC-220
E10260,Chen Moreau,Legal,"4,493.66",28/11/2021,Y,CC-120
E10261,Jonas Haddad,Finance & Control,"14,232.19",12/12/2021,Y,CC-110
E10262,Amara Tanaka,People,"2,865.50",05/01/2026,Y,CC-130
E10263,Lena Ibrahim,Eng,"8,189.41",12/04/2018,Y,CC-220
E10264,Sara Costa,Sales,"7,812.97",26/06/2019,Y,CC-310
E10265,Ines Okafor,Sales EMEA,"14,052.12",08/08/2018,Y,CC-310
E10266,Fatima Ibrahim,Eng,"14,029.81",13/12/2023,Y,CC-220
E10267,Mateo Petrov,Support,"8,276.82",21/08/2019,Y,CC-320
E10268,Amara Haddad,People,"9,249.79",05/04/2023,Y,CC-130
E10269,Priya Nakamura,Support,"4,147.46",09/05/2020,Y,CC-320
E10270,Hugo Tanaka,People,"3,551.52",15/06/2022,N,CC-130
E10271,Tomasz Okafor,Support,"9,334.06",27/03/2019,Y,CC-320
E10272,Nadia Nakamura,Marketing,"14,955.44",08/04/2022,Y,CC-410
E10273,Hugo Okafor,Marketing,"4,002.03",21/07/2022,Y,CC-410
E10274,Tomasz Rossi,People,"2,174.67",27/06/2026,N,CC-130
E10275,Nadia Nakamura,Finance,"13,850.72",07/03/2022,Y,CC-110
E10276,Hugo Moreau,Support,"11,280.06",07/03/2020,Y,CC-320
E10277,Sara Tanaka,Sales EMEA,"4,793.39",20/10/2019,Y,CC-310
E10278,Lena Novak,Finance,"3,132.11",24/10/2021,Y,CC-110
E10279,Nadia Petrov,Marketing,"12,951.68",28/09/2018,N,CC-410
E10280,Priya Dubois,Sales,"13,337.94",09/01/2019,Y,CC-310
E10281,Hugo Larsen,Finance,"6,719.49",15/01/2023,N,CC-110
E10282,Nadia Silva,Operations,"12,146.17",28/02/2019,Y,CC-510
E10283,Elena Dubois,People,"8,735.82",17/05/2018,Y,CC-130
E10284,Jonas Kowalski,Support,"10,092.78",06/01/2020,Y,CC-320
E10285,Aarav Nair,Engineering,"14,034.58",24/09/2022,Y,CC-220
E10286,Viktor Ibrahim,Support,"11,164.94",04/10/2018,Y,CC-320
E10287,Hugo Okafor,Marketing,"3,728.72",16/12/2019,Y,CC-410
E10288,Elena Schmidt,Legal,"13,497.34",18/02/2022,Y,CC-120
E10289,Viktor Ibrahim,Legal,"4,258.26",27/03/2021,Y,CC-120
E10290,Priya Moreau,Finance,"7,225.98",02/12/2024,Y,CC-110
E10291,Jonas Petrov,Legal,"12,966.03",19/07/2023,Y,CC-120
E10292,Uma Okafor,Operations,"8,787.91",22/07/2023,N,CC-510
E10293,Aarav Larsen,Engineering,"8,960.14",03/07/2021,Y,CC-220
E10294,Aarav Silva,Sales EMEA,"7,547.94",13/09/2021,Y,CC-310
E10295,Amara Okafor,Finance & Control,"13,255.73",20/11/2025,Y,CC-110
E10296,Uma Okafor,Engineering,"5,364.96",17/11/2022,Y,CC-220
E10297,Lena Schmidt,Marketing,"6,609.11",06/01/2021,Y,CC-410
E10298,Chen Ibrahim,Sales,"7,794.91",17/05/2026,Y,CC-310
E10299,Viktor Mensah,Marketing,"5,235.78",03/07/2022,Y,CC-410
E10300,Zofia Silva,Legal,"4,731.29",23/08/2022,Y,CC-120
E10301,Zofia Dubois,People,"12,655.46",01/05/2026,Y,CC-130
E10302,Tomasz Sato,Legal,"14,604.13",13/04/2021,Y,CC-120
E10303,Jonas Petrov,Operations,"8,454.76",10/03/2023,N,CC-510
E10304,Amara Nair,Sales,"9,220.98",20/05/2021,N,CC-310
E10305,Amara Moreau,Legal,"12,854.45",12/11/2025,Y,CC-120
E10306,Jonas Rossi,Legal,"6,473.91",12/09/2019,Y,CC-120
E10307,Zofia Tanaka,Engineering,"11,628.38",24/10/2021,N,CC-220
E10308,Fatima Nakamura,Engineering,"2,086.93",25/05/2025,Y,CC-220
E10309,Omar Rossi,Legal,"13,054.81",09/08/2019,N,CC-120
E10310,Rafael Ibrahim,Marketing,"11,426.87",10/07/2019,Y,CC-410
E10311,Zofia Costa,Operations,"2,236.76",24/09/2026,Y,CC-510
E10312,Rafael Mensah,Sales EMEA,"9,038.10",26/07/2025,Y,CC-310
E10313,Jonas Kowalski,Operations,"6,316.95",27/10/2024,Y,CC-510
E10314,Ines Nakamura,Finance & Control,"2,478.13",09/06/2021,Y,CC-110
E10315,Uma Mensah,Legal,"8,788.86",17/05/2025,Y,CC-120
E10316,Rafael Larsen,Finance,"9,780.26",12/07/2024,Y,CC-110
E10317,Chen Moreau,Support,"3,419.74",12/11/2018,Y,CC-320
E10318,Ines Nakamura,People,"7,303.05",25/03/2026,Y,CC-130
E10319,Tomasz Kowalski,Sales,"6,803.66",12/12/2023,N,CC-310
E10320,Hugo Schmidt,Marketing,"10,939.41",27/09/2022,N,CC-410
E10321,Hugo Moreau,Marketing,"12,621.37",07/07/2026,Y,CC-410
E10322,Hugo Okafor,Engineering,"6,681.35",21/07/2021,Y,CC-220
E10323,Priya Nair,Finance,"6,085.48",23/12/2018,Y,CC-110
E10324,Elena Nair,Finance,"4,673.02",16/07/2022,Y,CC-110
E10325,Uma Moreau,Sales,"9,520.42",14/11/2022,Y,CC-310
E10326,Tomasz Moreau,Engineering,"2,522.51",03/03/2020,Y,CC-220
E10327,Rafael Nakamura,Finance & Control,"10,490.79",22/08/2026,Y,CC-110
E10328,Jonas Larsen,Marketing,"4,323.59",09/03/2023,Y,CC-410
E10329,Ines Ibrahim,Legal,"2,373.63",08/06/2019,N,CC-120
E10330,Amara Silva,Support,"5,009.80",06/08/2018,N,CC-320
E10331,Aarav Ibrahim,Marketing,"7,517.77",09/06/2020,N,CC-410
E10332,Jonas Costa,Support,"7,455.14",13/02/2025,N,CC-320
E10333,Jonas Kowalski,Sales,"4,330.13",13/01/2025,Y,CC-310
E10334,Uma Larsen,Eng,"6,448.24",28/07/2022,Y,CC-220
E10335,Chen Schmidt,Legal,"12,745.34",12/11/2024,Y,CC-120
E10336,Rafael Mensah,Operations,"5,192.95",02/04/2024,Y,CC-510
E10337,Fatima Silva,Sales EMEA,"3,338.46",09/06/2018,Y,CC-310
E10338,Rafael Ibrahim,Support,"4,192.82",12/09/2020,Y,CC-320
E10339,Viktor Novak,Marketing,"14,350.55",17/07/2024,Y,CC-410
E10340,Fatima Tanaka,People,"9,688.44",12/11/2025,Y,CC-130
E10341,Tomasz Novak,Sales EMEA,"13,342.77",04/10/2024,N,CC-310
E10342,Kofi Costa,Finance,"10,586.00",19/09/2019,Y,CC-110
E10343,Chen Haddad,Support,"6,268.91",22/07/2018,N,CC-320
E10344,Nadia Moreau,Marketing,"4,623.94",23/09/2019,Y,CC-410
E10345,Fatima Costa,Marketing,"6,634.89",28/05/2021,N,CC-410
E10346,Hugo Nair,Operations,"10,869.58",22/05/2020,Y,CC-510
E10347,Rafael Silva,Legal,"6,667.62",21/01/2024,Y,CC-120
E10348,Kofi Silva,Finance & Control,"7,341.82",20/02/2022,Y,CC-110
E10349,Fatima Costa,Finance,"9,236.58",21/05/2021,Y,CC-110
E10350,Jonas Dubois,Marketing,"14,026.64",22/10/2020,Y,CC-410
E10351,Elena Mensah,Finance,"13,377.69",19/01/2023,Y,CC-110
E10352,Elena Okafor,Operations,"4,846.09",12/04/2018,Y,CC-510
E10353,Omar Silva,Marketing,"8,915.57",12/07/2019,N,CC-410
E10354,Mateo Moreau,People,"8,676.09",22/08/2024,Y,CC-130
E10355,Tomasz Rossi,People,"11,949.34",02/11/2024,N,CC-130
E10356,Hugo Sato,Sales,"14,587.59",21/05/2026,Y,CC-310
E10357,Amara Haddad,Operations,"6,604.95",03/04/2022,Y,CC-510
E10358,Fatima Dubois,People,"5,201.91",08/03/2022,Y,CC-130
E10359,Nadia Mensah,Sales EMEA,"13,500.51",05/03/2025,Y,CC-310
E10360,Elena Sato,Legal,"11,907.43",06/06/2021,Y,CC-120
E10361,Rafael Costa,Support,"3,618.76",10/10/2020,Y,CC-320
E10362,Amara Okafor,Marketing,"6,049.08",04/04/2025,Y,CC-410
E10363,Hugo Petrov,People,"8,162.90",12/02/2025,Y,CC-130
E10364,Amara Nair,People,"14,753.72",25/02/2026,Y,CC-130
E10365,Viktor Tanaka,Engineering,"10,426.73",14/12/2023,Y,CC-220
E10366,Aarav Larsen,Engineering,"10,419.02",21/06/2026,Y,CC-220
E10367,Jonas Kowalski,Sales,"11,739.76",01/11/2022,Y,CC-310
E10368,Nadia Haddad,Sales,"3,460.93",24/05/2020,Y,CC-310
E10369,Hugo Larsen,Operations,"5,146.30",05/07/2023,Y,CC-510
E10370,Jonas Okafor,Finance,"3,525.84",26/05/2023,Y,CC-110
E10371,Ines Dubois,Legal,"8,701.35",06/01/2024,N,CC-120
E10372,Jonas Haddad,Sales EMEA,"7,836.11",13/03/2019,Y,CC-310
E10373,Sara Novak,Support,"11,478.92",01/08/2018,Y,CC-320
E10374,Fatima Mensah,Engineering,"10,638.65",17/07/2026,Y,CC-220
E10375,Rafael Nair,Sales,"13,748.31",06/02/2023,Y,CC-310
E10376,Viktor Larsen,Support,"8,117.68",18/08/2018,Y,CC-320
E10377,Uma Rossi,Legal,"14,490.12",20/07/2025,Y,CC-120
E10378,Mateo Mensah,Legal,"14,374.56",16/12/2018,Y,CC-120
E10379,Mateo Moreau,Finance,"13,031.25",08/05/2020,Y,CC-110
E10380,Chen Rossi,Operations,"9,269.07",14/12/2025,Y,CC-510
E10381,Rafael Costa,Marketing,"3,615.87",06/10/2021,N,CC-410
E10382,Elena Silva,Marketing,"10,485.32",07/09/2021,Y,CC-410
E10383,Sara Silva,People,"5,056.69",19/12/2022,Y,CC-130
E10384,Priya Kowalski,People,"3,872.88",17/02/2026,Y,CC-130
E10385,Tomasz Schmidt,People,"12,801.60",13/11/2019,Y,CC-130
E10386,Sara Kowalski,Sales,"7,089.95",20/10/2021,Y,CC-310
E10387,Nadia Okafor,Finance,"11,155.78",07/01/2021,Y,CC-110
E10388,Fatima Nakamura,Engineering,"10,119.62",28/12/2019,Y,CC-220
E10389,Nadia Haddad,Operations,"11,713.92",11/12/2019,Y,CC-510
E10390,Elena Silva,Operations,"8,734.11",17/05/2018,N,CC-510
E10391,Zofia Larsen,Eng,"6,714.15",11/01/2025,Y,CC-220
E10392,Jonas Tanaka,Operations,"4,628.09",15/01/2019,Y,CC-510
E10393,Aarav Dubois,Engineering,"3,096.27",09/02/2025,Y,CC-220
E10394,Omar Rossi,Marketing,"9,058.10",23/05/2026,Y,CC-410
E10395,Aarav Nair,Operations,"14,909.24",16/08/2022,Y,CC-510
E10396,Chen Haddad,Legal,"12,965.16",06/01/2018,Y,CC-120
E10397,Jonas Moreau,Eng,"6,780.76",17/07/2025,Y,CC-220
E10398,Zofia Okafor,Support,"4,327.61",12/10/2020,Y,CC-320
E10399,Rafael Costa,Operations,"6,183.24",11/10/2023,N,CC-510
E10400,Aarav Silva,People,"13,426.93",20/04/2023,Y,CC-130
E10401,Fatima Tanaka,Legal,"5,656.93",17/12/2020,N,CC-120
E10402,Viktor Moreau,Sales EMEA,"14,836.87",02/10/2023,N,CC-310
E10403,Priya Schmidt,Operations,"12,310.11",26/04/2019,Y,CC-510
E10404,Chen Mensah,Operations,"11,638.20",17/11/2020,N,CC-510
E10405,Uma Costa,Operations,"2,925.56",11/06/2021,Y,CC-510
E10406,Nadia Silva,Support,"15,036.04",05/09/2025,Y,CC-320
E10407,Rafael Costa,People,"7,231.63",25/11/2018,Y,CC-130
E10408,Chen Rossi,Marketing,"11,385.72",09/10/2020,Y,CC-410
E10409,Chen Novak,Eng,"9,654.56",10/06/2026,Y,CC-220
E10410,Priya Kowalski,People,"6,246.07",06/06/2025,N,CC-130
E10411,Aarav Haddad,Marketing,"5,189.45",01/09/2022,Y,CC-410
E10412,Ines Mensah,Engineering,"4,555.83",24/08/2024,Y,CC-220
E10413,Amara Kowalski,Engineering,"12,535.50",19/10/2020,Y,CC-220
E10414,Ines Tanaka,Finance,"10,359.82",01/01/2020,Y,CC-110
E10415,Aarav Dubois,Legal,"9,973.56",26/12/2023,Y,CC-120
E10416,Amara Kowalski,Operations,"12,105.58",20/07/2018,Y,CC-510
E10417,Aarav Petrov,Operations,"2,946.02",20/01/2025,Y,CC-510
E10418,Chen Nair,Sales,"4,850.48",17/03/2023,Y,CC-310
E10419,Nadia Nakamura,Operations,"9,061.02",19/06/2019,N,CC-510
E10420,Zofia Petrov,Support,"11,658.10",09/11/2020,Y,CC-320
E10421,Lena Sato,People,"9,355.33",12/01/2025,Y,CC-130
E10422,Kofi Nair,People,"3,297.82",26/03/2022,Y,CC-130
E10423,Jonas Costa,Engineering,"14,171.07",20/03/2023,Y,CC-220
E10424,Tomasz Novak,Sales,"5,613.28",20/09/2018,Y,CC-310
E10425,Hugo Moreau,Finance,"6,651.13",23/03/2020,Y,CC-110
E10426,Nadia Costa,People,"4,849.06",26/04/2025,N,CC-130
E10427,Aarav Kowalski,Legal,"10,800.14",12/11/2019,Y,CC-120
E10428,Omar Silva,Finance & Control,"5,382.25",09/07/2024,Y,CC-110
E10429,Nadia Novak,Operations,"11,890.12",21/04/2021,Y,CC-510
E10430,Viktor Haddad,People,"13,223.19",28/04/2025,Y,CC-130
E10431,Lena Kowalski,Operations,"2,090.83",28/05/2020,N,CC-510
E10432,Zofia Ibrahim,Support,"9,581.45",26/06/2020,Y,CC-320
E10433,Rafael Haddad,Legal,"13,234.70",10/01/2023,Y,CC-120
E10434,Aarav Rossi,Marketing,"4,084.80",24/03/2019,Y,CC-410
E10435,Omar Kowalski,Legal,"6,506.30",22/08/2020,Y,CC-120
E10436,Viktor Silva,Support,"12,312.79",23/01/2023,Y,CC-320
E10437,Zofia Silva,Legal,"11,110.78",24/09/2020,Y,CC-120
E10438,Elena Schmidt,People,"14,602.64",17/02/2023,Y,CC-130
E10439,Uma Rossi,Engineering,"8,949.02",27/04/2020,Y,CC-220
E10440,Ines Silva,Engineering,"5,519.01",06/06/2019,Y,CC-220
E10441,Amara Novak,Finance,"7,386.21",18/02/2022,N,CC-110
E10442,Mateo Okafor,People,"9,129.13",18/01/2022,Y,CC-130
E10443,Kofi Costa,Legal,"6,233.34",14/12/2024,Y,CC-120
E10444,Omar Nakamura,Sales,"13,672.59",21/07/2020,Y,CC-310
E10445,Zofia Costa,Support,"12,785.96",22/05/2026,Y,CC-320
E10446,Amara Costa,Operations,"10,936.64",15/12/2018,Y,CC-510
E10447,Viktor Nair,People,"11,723.83",28/08/2023,Y,CC-130
E10448,Uma Costa,Support,"12,734.63",26/10/2023,Y,CC-320
E10449,Chen Costa,Marketing,"10,012.40",22/06/2024,Y,CC-410
E10450,Uma Silva,Marketing,"5,515.02",27/11/2019,Y,CC-410
E10451,Viktor Dubois,Support,"14,972.45",03/09/2023,N,CC-320
E10452,Tomasz Novak,Sales,"12,585.32",08/06/2026,Y,CC-310
E10453,Rafael Haddad,Finance,"6,221.01",12/11/2020,Y,CC-110
E10454,Priya Rossi,Marketing,"6,963.13",12/02/2024,Y,CC-410
E10455,Lena Ibrahim,Engineering,"5,678.42",10/09/2026,N,CC-220
E10456,Sara Haddad,Sales EMEA,"2,225.95",05/08/2019,Y,CC-310
E10457,Zofia Larsen,Operations,"12,433.97",09/04/2026,Y,CC-510
E10458,Viktor Tanaka,Finance,"9,727.29",10/01/2021,Y,CC-110
E10459,Kofi Silva,Marketing,"12,852.03",03/06/2022,Y,CC-410
E10460,Ines Rossi,Legal,"14,445.86",10/02/2025,Y,CC-120
E10461,Rafael Costa,Operations,"2,685.68",25/01/2023,Y,CC-510
E10462,Zofia Tanaka,Operations,"5,211.57",28/07/2024,Y,CC-510
E10463,Viktor Larsen,Eng,"10,689.67",11/12/2021,N,CC-220
E10464,Omar Costa,Legal,"8,521.37",21/08/2019,Y,CC-120
E10465,Viktor Ibrahim,People,"11,143.12",14/02/2018,Y,CC-130
E10466,Chen Ibrahim,Legal,"8,453.00",17/03/2025,N,CC-120
E10467,Jonas Novak,Legal,"9,099.57",22/11/2018,Y,CC-120
E10468,Rafael Schmidt,Eng,"5,131.48",03/07/2023,Y,CC-220
E10469,Sara Kowalski,Support,"9,391.43",02/02/2018,Y,CC-320
E10470,Mateo Dubois,Finance,"9,211.34",24/12/2021,Y,CC-110
E10471,Amara Rossi,Operations,"6,439.53",17/07/2020,N,CC-510
E10472,Kofi Moreau,Marketing,"3,261.26",13/09/2020,Y,CC-410
E10473,Omar Moreau,Legal,"10,814.88",10/09/2022,Y,CC-120
E10474,Uma Tanaka,Marketing,"4,741.75",02/07/2024,Y,CC-410
E10475,Sara Rossi,Operations,"14,087.80",11/08/2023,Y,CC-510
E10476,Mateo Nair,Engineering,"7,396.55",19/01/2026,Y,CC-220
E10477,Jonas Ibrahim,Marketing,"4,723.06",07/05/2018,Y,CC-410
E10478,Rafael Novak,Support,"2,890.50",14/07/2025,N,CC-320
E10479,Fatima Kowalski,People,"4,461.52",24/01/2019,Y,CC-130
E10480,Jonas Mensah,Support,"9,006.97",06/08/2020,Y,CC-320
E10481,Elena Ibrahim,Engineering,"4,736.88",03/09/2021,N,CC-220
E10482,Kofi Ibrahim,Legal,"4,136.56",02/04/2024,N,CC-120
E10483,Hugo Ibrahim,Marketing,"11,877.30",28/01/2020,Y,CC-410
E10484,Uma Rossi,Marketing,"13,849.72",11/12/2023,Y,CC-410
E10485,Jonas Costa,Finance & Control,"6,353.31",05/03/2021,Y,CC-110
E10486,Uma Kowalski,Support,"8,108.93",24/11/2021,Y,CC-320
E10487,Omar Schmidt,Finance,"12,779.59",04/11/2023,Y,CC-110
E10488,Tomasz Moreau,Engineering,"5,880.43",12/11/2021,Y,CC-220
E10489,Ines Dubois,Marketing,"13,324.24",20/02/2025,Y,CC-410
E10490,Fatima Dubois,Marketing,"12,000.54",25/04/2019,Y,CC-410
E10491,Lena Okafor,Engineering,"14,561.16",12/10/2021,Y,CC-220
E10492,Lena Okafor,Sales,"6,356.05",15/11/2020,Y,CC-310
E10493,Nadia Haddad,Engineering,"12,256.53",10/12/2023,Y,CC-220
E10494,Elena Sato,Eng,"12,259.90",20/08/2026,Y,CC-220
E10495,Amara Moreau,Eng,"7,448.91",23/01/2018,Y,CC-220
E10496,Nadia Haddad,Operations,"4,327.22",03/02/2023,Y,CC-510
E10497,Fatima Tanaka,Engineering,"3,516.85",08/05/2025,Y,CC-220
E10498,Uma Sato,Engineering,"6,441.93",08/05/2025,Y,CC-220
E10499,Tomasz Tanaka,Operations,"14,330.74",10/01/2026,Y,CC-510
E10500,Jonas Sato,Support,"13,576.51",01/03/2021,Y,CC-320
E10501,Viktor Novak,Support,"3,266.73",06/08/2018,Y,CC-320
E10502,Priya Costa,Engineering,"5,895.82",04/01/2022,N,CC-220
E10503,Jonas Moreau,Finance,"12,688.13",03/04/2021,Y,CC-110
E10504,Ines Haddad,Marketing,"6,538.78",26/01/2019,Y,CC-410
E10505,Mateo Nakamura,Legal,"2,563.63",26/01/2020,Y,CC-120
E10506,Fatima Larsen,Sales,"4,763.97",08/03/2026,Y,CC-310
E10507,Sara Okafor,People,"8,892.84",11/01/2019,N,CC-130
E10508,Amara Larsen,Legal,"3,335.32",23/04/2019,N,CC-120
E10509,Sara Rossi,Marketing,"12,804.76",10/08/2020,N,CC-410
E10510,Viktor Haddad,Legal,"7,100.13",21/11/2025,Y,CC-120
E10511,Viktor Sato,Eng,"3,048.08",26/05/2026,Y,CC-220
E10512,Jonas Novak,People,"9,355.40",16/04/2022,Y,CC-130
E10513,Omar Petrov,Legal,"7,387.47",03/07/2018,Y,CC-120
E10514,Zofia Nakamura,Marketing,"2,207.68",16/11/2023,Y,CC-410
E10515,Priya Nakamura,Marketing,"7,888.81",11/08/2019,Y,CC-410
E10516,Omar Ibrahim,Finance,"5,898.05",03/06/2019,N,CC-110
E10517,Rafael Nakamura,Support,"3,559.48",22/12/2020,Y,CC-320
E10518,Omar Tanaka,Operations,"14,390.74",12/03/2024,Y,CC-510
E10519,Omar Mensah,People,"6,236.27",17/10/2023,Y,CC-130
E10520,Omar Moreau,Finance,"2,154.52",06/03/2021,Y,CC-110
E10521,Viktor Tanaka,Operations,"10,826.18",18/08/2021,Y,CC-510
E10522,Fatima Tanaka,Legal,"3,123.83",20/07/2026,Y,CC-120
E10523,Nadia Mensah,Legal,"14,182.18",26/05/2022,Y,CC-120
E10524,Nadia Nair,Finance,"13,379.04",22/08/2025,Y,CC-110
E10525,Lena Moreau,Sales EMEA,"11,501.29",24/08/2024,Y,CC-310
E10526,Fatima Nair,Marketing,"3,888.57",19/08/2023,N,CC-410
E10527,Omar Haddad,Marketing,"10,198.20",08/01/2026,Y,CC-410
E10528,Priya Sato,Legal,"10,474.09",26/01/2026,N,CC-120
E10529,Nadia Tanaka,Operations,"4,226.85",19/08/2024,Y,CC-510
E10530,Nadia Rossi,Support,"8,770.19",02/09/2018,Y,CC-320
E10531,Lena Okafor,Marketing,"14,614.07",25/03/2026,N,CC-410
E10532,Lena Dubois,Support,"10,113.78",15/05/2020,Y,CC-320
E10533,Omar Petrov,Legal,"12,327.67",16/06/2022,Y,CC-120
E10534,Rafael Moreau,Legal,"10,324.15",25/10/2021,N,CC-120
E10535,Kofi Sato,People,"10,501.55",28/03/2018,Y,CC-130
E10536,Omar Larsen,Legal,"8,941.47",10/05/2019,N,CC-120
E10537,Rafael Nair,Finance & Control,"8,978.09",23/05/2019,Y,CC-110
E10538,Nadia Tanaka,Support,"13,515.97",18/10/2023,Y,CC-320
E10539,Elena Mensah,Sales,"10,422.43",24/12/2024,Y,CC-310
E10540,Omar Petrov,Legal,"7,186.67",26/07/2019,N,CC-120
E10541,Fatima Sato,Legal,"10,738.54",10/12/2020,Y,CC-120
E10542,Chen Nakamura,Engineering,"8,592.39",28/11/2023,Y,CC-220
E10543,Priya Costa,Support,"9,510.86",09/10/2021,Y,CC-320
E10544,Jonas Silva,Engineering,"13,675.66",02/03/2020,Y,CC-220
E10545,Fatima Costa,Marketing,"11,285.23",25/05/2024,Y,CC-410
E10546,Zofia Novak,Support,"6,117.70",12/05/2026,Y,CC-320
E10547,Aarav Moreau,Eng,"3,713.19",11/06/2019,Y,CC-220
E10548,Fatima Ibrahim,Marketing,"8,608.24",15/11/2025,Y,CC-410
E10549,Uma Ibrahim,Engineering,"8,356.20",10/01/2018,Y,CC-220
E10550,Tomasz Silva,Support,"9,413.25",27/06/2023,Y,CC-320
E10551,Jonas Haddad,Finance & Control,"12,552.26",09/01/2026,Y,CC-110
E10552,Kofi Kowalski,Eng,"7,283.79",17/11/2019,N,CC-220
E10553,Amara Larsen,Operations,"10,589.91",09/04/2024,Y,CC-510
E10554,Fatima Nakamura,People,"14,584.62",23/10/2025,Y,CC-130
E10555,Zofia Novak,Engineering,"7,318.92",10/06/2021,Y,CC-220
E10556,Tomasz Nair,People,"12,124.43",26/12/2019,Y,CC-130
E10557,Ines Sato,Marketing,"11,742.37",01/05/2021,N,CC-410
E10558,Nadia Novak,Legal,"2,316.96",28/02/2018,Y,CC-120
E10559,Uma Larsen,Sales,"9,403.78",11/05/2026,N,CC-310
E10560,Amara Haddad,Operations,"7,551.67",01/02/2022,Y,CC-510
E10561,Mateo Schmidt,Sales EMEA,"6,818.54",16/02/2025,Y,CC-310
E10562,Mateo Dubois,Sales EMEA,"13,157.21",17/06/2019,Y,CC-310
E10563,Ines Larsen,Marketing,"10,570.72",07/07/2026,Y,CC-410
E10564,Omar Haddad,Legal,"3,867.03",01/07/2026,Y,CC-120
E10565,Aarav Nair,Engineering,"8,099.42",02/07/2026,Y,CC-220
E10566,Mateo Petrov,People,"8,366.49",21/02/2026,N,CC-130
E10567,Ines Larsen,Legal,"13,448.05",04/04/2018,Y,CC-120
E10568,Rafael Ibrahim,People,"11,922.49",19/04/2020,Y,CC-130
E10569,Hugo Costa,Support,"11,346.91",16/08/2018,Y,CC-320
E10570,Fatima Schmidt,People,"9,836.09",03/10/2025,Y,CC-130
E10571,Omar Silva,Finance & Control,"5,262.84",07/01/2021,Y,CC-110
E10572,Amara Costa,Support,"14,225.18",08/08/2018,Y,CC-320
E10573,Viktor Nakamura,Marketing,"2,680.18",15/09/2018,Y,CC-410
E10574,Elena Haddad,Sales EMEA,"12,551.11",06/12/2019,Y,CC-310
E10575,Tomasz Costa,Finance,"3,209.48",01/02/2023,Y,CC-110
E10576,Uma Sato,Engineering,"11,207.09",22/09/2019,Y,CC-220
E10577,Omar Nair,Support,"2,458.84",27/08/2022,Y,CC-320
E10578,Elena Novak,Legal,"14,765.82",20/04/2025,N,CC-120
E10579,Nadia Schmidt,Engineering,"11,518.12",28/09/2026,N,CC-220
E10580,Nadia Tanaka,Marketing,"6,117.16",10/02/2019,Y,CC-410
E10581,Aarav Kowalski,Engineering,"2,708.75",22/04/2023,Y,CC-220
E10582,Omar Ibrahim,Legal,"14,002.26",19/09/2021,Y,CC-120
E10583,Amara Nair,Sales,"13,055.21",14/01/2019,Y,CC-310
E10584,Zofia Mensah,People,"5,476.52",05/03/2018,Y,CC-130
E10585,Aarav Petrov,Legal,"3,454.45",15/06/2022,Y,CC-120
E10586,Mateo Tanaka,Support,"2,318.85",18/10/2025,Y,CC-320
E10587,Nadia Petrov,Finance,"12,034.45",25/09/2021,Y,CC-110
E10588,Uma Haddad,Eng,"2,603.96",28/02/2023,Y,CC-220
E10589,Chen Sato,Engineering,"14,539.21",06/06/2023,Y,CC-220
E10590,Uma Silva,Legal,"14,050.37",17/11/2018,Y,CC-120
E10591,Ines Novak,Marketing,"11,976.50",01/11/2019,Y,CC-410
E10592,Elena Haddad,People,"10,031.08",06/12/2024,Y,CC-130
E10593,Jonas Petrov,Marketing,"14,474.39",03/07/2022,Y,CC-410
E10594,Kofi Rossi,Engineering,"9,820.52",23/11/2021,Y,CC-220
E10595,Chen Sato,Finance,"3,092.35",03/02/2019,Y,CC-110
E10596,Sara Moreau,Marketing,"13,962.71",15/12/2019,Y,CC-410
E10597,Lena Costa,Legal,"11,089.58",06/05/2019,Y,CC-120
E10598,Mateo Petrov,Support,"2,543.85",27/08/2019,Y,CC-320
E10599,Nadia Petrov,Marketing,"10,167.31",28/04/2019,Y,CC-410
E10600,Viktor Mensah,Marketing,"4,467.20",05/03/2019,Y,CC-410
E10601,Kofi Kowalski,Support,"2,946.16",10/07/2018,Y,CC-320
E10602,Nadia Sato,Sales,"3,925.16",26/06/2020,Y,CC-310
E10603,Hugo Moreau,Eng,"13,343.02",26/06/2023,Y,CC-220
E10604,Jonas Novak,Support,"11,934.74",28/01/2024,Y,CC-320
E10605,Aarav Okafor,Engineering,"10,664.45",27/05/2025,Y,CC-220
E10606,Sara Ibrahim,People,"3,636.28",15/01/2022,Y,CC-130
E10607,Omar Schmidt,People,"8,183.18",06/02/2025,N,CC-130
E10608,Amara Schmidt,Support,"3,021.23",12/08/2024,Y,CC-320
E10609,Uma Okafor,Engineering,"8,684.51",16/06/2021,Y,CC-220
E10610,Amara Nakamura,Finance,"5,225.83",06/02/2024,Y,CC-110
E10611,Elena Kowalski,People,"5,553.84",15/04/2023,Y,CC-130
E10612,Rafael Petrov,Engineering,"4,784.42",22/02/2020,Y,CC-220
E10613,Sara Dubois,Marketing,"4,459.05",01/02/2019,Y,CC-410
E10614,Sara Okafor,Support,"12,061.99",22/01/2026,Y,CC-320
E10615,Omar Petrov,Finance & Control,"13,149.37",12/03/2023,Y,CC-110
E10616,Jonas Nair,People,"13,784.47",03/12/2020,Y,CC-130
E10617,Rafael Rossi,Support,"5,949.39",11/05/2018,Y,CC-320
E10618,Aarav Haddad,Finance,"6,882.10",16/07/2019,Y,CC-110
E10619,Tomasz Dubois,Support,"10,120.26",07/06/2025,Y,CC-320
E10620,Lena Ibrahim,Marketing,"5,053.20",25/04/2025,Y,CC-410
E10621,Mateo Nakamura,Finance,"9,422.25",25/03/2024,Y,CC-110
E10622,Zofia Tanaka,People,"8,245.09",18/03/2018,Y,CC-130
E10623,Jonas Sato,Engineering,"5,664.02",14/05/2020,Y,CC-220
E10624,Fatima Petrov,Finance,"4,302.20",14/09/2020,Y,CC-110
E10625,Kofi Silva,Sales,"14,427.44",09/07/2025,N,CC-310
E10626,Amara Nakamura,Engineering,"14,562.64",10/02/2024,Y,CC-220
E10627,Priya Kowalski,Legal,"13,040.30",26/03/2020,Y,CC-120
E10628,Rafael Silva,People,"10,593.71",19/02/2026,Y,CC-130
E10629,Uma Novak,Legal,"3,125.36",09/09/2023,Y,CC-120
E10630,Kofi Silva,Legal,"6,849.22",17/12/2020,Y,CC-120
E10631,Amara Dubois,Support,"10,773.16",26/12/2019,N,CC-320
E10632,Mateo Haddad,People,"14,447.41",26/08/2025,N,CC-130
E10633,Ines Sato,Legal,"7,295.45",05/02/2024,N,CC-120
E10634,Nadia Costa,People,"11,989.08",05/06/2021,N,CC-130
E10635,Elena Okafor,Sales,"13,498.93",20/05/2021,Y,CC-310
E10636,Viktor Ibrahim,Operations,"9,552.39",12/08/2019,Y,CC-510
E10637,Hugo Dubois,Finance & Control,"10,828.85",25/06/2024,Y,CC-110
E10638,Lena Sato,Support,"10,291.75",23/02/2023,Y,CC-320
E10639,Lena Tanaka,Sales,"12,690.80",20/06/2021,Y,CC-310
E10640,Aarav Sato,Legal,"11,459.73",09/04/2018,Y,CC-120
E10641,Chen Silva,Finance,"4,377.11",06/03/2018,Y,CC-110
E10642,Aarav Schmidt,Engineering,"14,141.02",07/01/2021,Y,CC-220
E10643,Tomasz Larsen,Operations,"5,893.40",24/02/2023,Y,CC-510
E10644,Amara Kowalski,Marketing,"4,234.36",03/06/2022,Y,CC-410
E10645,Kofi Rossi,Operations,"6,533.99",16/12/2018,Y,CC-510
E10646,Fatima Nakamura,Legal,"5,936.70",01/01/2026,Y,CC-120
E10647,Elena Kowalski,Sales,"4,604.33",23/08/2019,Y,CC-310
E10648,Zofia Kowalski,People,"9,399.31",05/04/2025,Y,CC-130
E10649,Rafael Silva,Marketing,"8,581.72",17/02/2021,Y,CC-410
E10650,Jonas Nair,Support,"8,729.13",07/01/2018,Y,CC-320
E10651,Ines Haddad,Support,"14,803.56",22/10/2025,N,CC-320
E10652,Amara Silva,People,"12,046.08",27/03/2020,Y,CC-130
E10653,Mateo Moreau,Marketing,"2,864.07",20/07/2022,Y,CC-410
E10654,Mateo Moreau,Support,"4,090.57",21/01/2022,N,CC-320
E10655,Ines Petrov,Engineering,"12,221.73",23/01/2025,Y,CC-220
E10656,Sara Moreau,Marketing,"12,001.20",04/11/2023,Y,CC-410
E10657,Sara Kowalski,Marketing,"12,459.25",17/07/2024,Y,CC-410
E10658,Priya Larsen,People,"12,154.26",24/08/2023,N,CC-130
E10659,Rafael Kowalski,Marketing,"3,857.03",28/02/2018,N,CC-410
E10660,Chen Ibrahim,Finance,"5,998.70",03/03/2026,N,CC-110
E10661,Tomasz Kowalski,Sales EMEA,"7,203.24",04/07/2023,Y,CC-310
E10662,Lena Rossi,Eng,"11,133.02",11/01/2018,Y,CC-220
E10663,Hugo Silva,Sales,"7,113.58",26/07/2026,Y,CC-310
E10664,Elena Silva,People,"14,617.55",04/06/2023,Y,CC-130
E10665,Jonas Haddad,Marketing,"11,884.91",13/08/2024,Y,CC-410
E10666,Ines Dubois,Engineering,"13,279.03",17/12/2020,Y,CC-220
E10667,Kofi Moreau,People,"12,595.48",23/01/2021,Y,CC-130
E10668,Hugo Petrov,Support,"10,613.33",02/06/2023,Y,CC-320
E10669,Nadia Nair,Marketing,"9,931.74",02/10/2021,N,CC-410
E10670,Mateo Tanaka,Operations,"6,019.12",20/04/2023,Y,CC-510
E10671,Elena Silva,Finance & Control,"13,819.32",14/05/2024,Y,CC-110
E10672,Amara Haddad,Sales,"12,580.98",09/11/2021,Y,CC-310
E10673,Priya Mensah,Sales,"5,226.64",23/07/2023,Y,CC-310
E10674,Hugo Petrov,Sales EMEA,"13,147.56",24/06/2018,N,CC-310
E10675,Uma Ibrahim,Operations,"8,182.90",15/01/2026,Y,CC-510
E10676,Mateo Larsen,Support,"2,971.35",04/12/2021,Y,CC-320
E10677,Jonas Larsen,Eng,"10,041.21",16/01/2018,Y,CC-220
E10678,Omar Mensah,People,"14,390.65",10/08/2021,Y,CC-130
E10679,Nadia Mensah,Operations,"9,505.03",04/06/2025,Y,CC-510
E10680,Sara Ibrahim,Legal,"2,301.45",22/02/2026,Y,CC-120
E10681,Uma Larsen,Eng,"10,550.97",19/06/2021,Y,CC-220
E10682,Fatima Nakamura,Eng,"4,508.28",10/01/2024,Y,CC-220
E10683,Jonas Okafor,Support,"6,855.08",24/02/2023,Y,CC-320
E10684,Chen Nakamura,Support,"6,297.20",11/11/2024,Y,CC-320
E10685,Uma Moreau,Finance & Control,"10,726.13",05/08/2020,Y,CC-110
E10686,Hugo Haddad,Finance,"13,827.78",18/09/2024,N,CC-110
E10687,Nadia Okafor,Finance,"4,810.87",01/10/2019,N,CC-110
E10688,Rafael Rossi,Support,"3,993.43",21/09/2021,Y,CC-320
E10689,Fatima Tanaka,Marketing,"5,149.41",07/07/2018,Y,CC-410
E10690,Chen Nair,Operations,"13,738.51",06/01/2025,Y,CC-510
E10691,Kofi Silva,Sales EMEA,"5,128.57",06/09/2021,N,CC-310
E10692,Elena Ibrahim,Support,"5,646.66",27/10/2021,Y,CC-320
E10693,Sara Nair,People,"13,302.55",28/01/2026,Y,CC-130
E10694,Fatima Petrov,People,"4,351.59",07/07/2026,N,CC-130
E10695,Jonas Novak,Support,"4,218.54",14/07/2023,Y,CC-320
E10696,Lena Haddad,Support,"7,866.26",05/05/2024,Y,CC-320
E10697,Tomasz Mensah,Sales,"7,508.29",27/02/2023,Y,CC-310
E10698,Kofi Dubois,Support,"8,203.57",17/08/2025,Y,CC-320
E10699,Chen Larsen,Legal,"14,556.53",13/04/2020,Y,CC-120
E10700,Nadia Costa,Sales EMEA,"8,119.69",27/06/2024,Y,CC-310
E10701,Sara Larsen,Legal,"14,409.28",20/01/2018,N,CC-120
E10702,Fatima Larsen,Legal,"12,298.74",19/01/2026,Y,CC-120
E10703,Hugo Sato,Legal,"10,385.85",10/06/2021,Y,CC-120
E10704,Mateo Dubois,People,"8,509.81",12/10/2018,Y,CC-130
E10705,Uma Sato,Operations,"10,350.54",16/06/2018,Y,CC-510
E10706,Zofia Tanaka,Finance,"6,903.32",13/07/2022,Y,CC-110
E10707,Kofi Petrov,Marketing,"12,689.18",06/01/2026,N,CC-410
E10708,Chen Novak,Support,"2,913.09",26/01/2024,N,CC-320
E10709,Jonas Okafor,Legal,"5,535.01",24/04/2022,N,CC-120
E10710,Uma Sato,Engineering,"12,066.26",05/03/2019,Y,CC-220
E10711,Sara Costa,Legal,"3,345.35",28/01/2021,Y,CC-120
E10712,Fatima Mensah,Finance,"3,229.08",06/10/2020,Y,CC-110
E10713,Hugo Schmidt,People,"4,228.83",06/06/2018,Y,CC-130
E10714,Ines Larsen,Engineering,"14,710.68",14/11/2023,Y,CC-220
E10715,Rafael Silva,People,"14,654.24",22/05/2024,Y,CC-130
E10716,Hugo Rossi,Operations,"10,182.00",21/03/2020,Y,CC-510
E10717,Rafael Sato,Finance,"8,032.63",01/01/2026,Y,CC-110
E10718,Omar Moreau,Sales EMEA,"13,176.28",26/11/2023,Y,CC-310
E10719,Hugo Costa,Sales EMEA,"11,011.36",01/08/2020,Y,CC-310
E10720,Nadia Nakamura,Support,"9,461.57",24/01/2026,Y,CC-320
E10721,Viktor Haddad,Operations,"13,633.33",07/08/2023,Y,CC-510
E10722,Zofia Nair,Operations,"6,233.45",25/11/2021,Y,CC-510
E10723,Viktor Sato,People,"14,364.87",28/03/2023,N,CC-130
E10724,Amara Rossi,Legal,"11,914.29",19/08/2019,Y,CC-120
E10725,Tomasz Nakamura,Finance,"3,269.62",25/10/2022,Y,CC-110
E10726,Elena Nakamura,People,"13,473.66",26/05/2024,Y,CC-130
E10727,Nadia Schmidt,Finance,"8,486.18",24/11/2025,Y,CC-110
E10728,Kofi Tanaka,Operations,"4,789.04",17/11/2019,N,CC-510
E10729,Viktor Tanaka,People,"10,400.60",11/07/2026,Y,CC-130
E10730,Amara Rossi,Marketing,"2,836.75",28/02/2025,Y,CC-410
E10731,Omar Silva,Marketing,"12,605.55",02/06/2020,Y,CC-410
E10732,Chen Okafor,Support,"8,110.27",16/02/2018,N,CC-320
E10733,Lena Petrov,Sales,"14,425.45",21/12/2019,Y,CC-310
E10734,Hugo Moreau,Marketing,"6,465.27",06/11/2019,N,CC-410
E10735,Jonas Tanaka,Marketing,"13,858.78",08/08/2021,N,CC-410
E10736,Omar Sato,People,"4,873.07",14/02/2022,N,CC-130
E10737,Amara Costa,Support,"10,522.63",16/11/2023,Y,CC-320
E10738,Hugo Moreau,Engineering,"9,360.64",13/05/2021,N,CC-220
E10739,Sara Dubois,Marketing,"9,376.11",04/08/2020,Y,CC-410
E10740,Mateo Schmidt,Operations,"7,021.61",04/03/2023,N,CC-510
E10741,Viktor Mensah,Operations,"7,090.02",18/08/2020,Y,CC-510
E10742,Ines Ibrahim,Engineering,"14,425.34",15/06/2018,Y,CC-220
E10743,Ines Sato,Sales,"6,773.23",20/08/2023,Y,CC-310
E10744,Jonas Kowalski,Legal,"2,276.26",18/12/2022,Y,CC-120
E10745,Elena Silva,Engineering,"10,928.75",04/09/2026,N,CC-220
E10746,Amara Nakamura,Engineering,"14,583.10",11/05/2018,N,CC-220
E10747,Priya Larsen,Sales,"2,317.67",07/09/2018,N,CC-310
E10748,Ines Schmidt,Marketing,"9,661.62",24/02/2021,Y,CC-410
E10749,Omar Costa,Finance & Control,"3,013.22",27/11/2023,Y,CC-110
E10750,Kofi Moreau,Sales,"7,638.86",28/02/2024,Y,CC-310
E10751,Priya Sato,Legal,"4,217.23",24/01/2018,Y,CC-120
E10752,Nadia Tanaka,Sales,"4,235.80",05/06/2020,Y,CC-310
E10753,Lena Moreau,Eng,"9,316.58",14/03/2019,Y,CC-220
E10754,Amara Silva,Legal,"3,952.31",25/12/2018,Y,CC-120
E10755,Chen Dubois,Legal,"7,658.63",16/04/2023,Y,CC-120
E10756,Amara Ibrahim,Support,"14,000.36",20/11/2021,N,CC-320
E10757,Kofi Kowalski,Operations,"11,830.09",11/02/2021,Y,CC-510
E10758,Chen Moreau,People,"5,285.44",05/05/2024,Y,CC-130
E10759,Elena Moreau,Legal,"14,061.03",19/06/2024,Y,CC-120
E10760,Hugo Okafor,Marketing,"8,653.45",11/12/2019,Y,CC-410
E10761,Tomasz Costa,Sales,"5,232.50",07/04/2026,Y,CC-310
E10762,Jonas Ibrahim,Finance,"11,151.89",22/02/2025,Y,CC-110
E10763,Chen Sato,Marketing,"14,901.14",11/07/2021,Y,CC-410
E10764,Amara Costa,Legal,"10,982.52",14/04/2023,Y,CC-120
E10765,Amara Sato,Support,"14,859.49",21/02/2019,Y,CC-320
E10766,Kofi Novak,Engineering,"10,743.85",16/08/2026,Y,CC-220
E10767,Chen Dubois,Sales,"3,962.86",16/05/2025,Y,CC-310
E10768,Hugo Okafor,Engineering,"3,616.20",11/12/2018,Y,CC-220
E10769,Kofi Larsen,Sales,"11,072.94",12/10/2021,Y,CC-310
E10770,Rafael Ibrahim,Sales EMEA,"2,196.18",03/03/2022,Y,CC-310
E10771,Fatima Tanaka,Eng,"3,628.08",13/04/2024,Y,CC-220
E10772,Fatima Okafor,Operations,"3,230.39",10/01/2021,N,CC-510
E10773,Uma Ibrahim,Support,"6,142.17",07/12/2023,Y,CC-320
E10774,Nadia Larsen,Support,"10,098.54",22/03/2023,Y,CC-320
E10775,Priya Nakamura,Sales EMEA,"2,709.49",10/01/2026,Y,CC-310
E10776,Tomasz Dubois,Support,"11,187.08",28/06/2025,Y,CC-320
E10777,Lena Mensah,Legal,"12,799.15",02/09/2024,Y,CC-120
E10778,Ines Ibrahim,Operations,"11,249.69",15/06/2025,Y,CC-510
E10779,Ines Silva,Legal,"10,548.40",22/12/2023,Y,CC-120
E10780,Aarav Tanaka,Finance,"6,534.85",14/12/2023,Y,CC-110
E10781,Jonas Petrov,Operations,"8,208.71",24/05/2026,Y,CC-510
E10782,Elena Larsen,Support,"5,612.29",16/08/2020,Y,CC-320
E10783,Priya Ibrahim,Marketing,"7,554.36",11/06/2020,Y,CC-410
E10784,Hugo Larsen,Marketing,"2,928.35",22/12/2020,N,CC-410
E10785,Hugo Okafor,Legal,"7,627.82",05/01/2023,Y,CC-120
E10786,Elena Schmidt,Marketing,"7,789.18",13/09/2023,N,CC-410
E10787,Omar Costa,Sales EMEA,"7,016.20",01/01/2022,Y,CC-310
E10788,Mateo Rossi,Finance,"10,163.18",07/06/2019,Y,CC-110
E10789,Elena Novak,Support,"5,143.76",19/05/2021,Y,CC-320
E10790,Amara Petrov,Engineering,"8,693.72",04/02/2023,Y,CC-220
E10791,Priya Larsen,Finance,"13,726.57",04/05/2025,Y,CC-110
E10792,Priya Silva,Operations,"9,684.33",13/04/2024,Y,CC-510
E10793,Lena Tanaka,People,"12,108.27",16/09/2026,Y,CC-130
E10794,Omar Ibrahim,Support,"9,835.46",06/01/2018,Y,CC-320
E10795,Omar Haddad,Engineering,"14,709.59",25/09/2025,Y,CC-220
E10796,Lena Ibrahim,Support,"11,043.20",03/02/2025,Y,CC-320
E10797,Nadia Nair,Legal,"7,414.68",15/03/2019,Y,CC-120
E10798,Nadia Haddad,Eng,"8,701.01",16/09/2023,Y,CC-220
E10799,Ines Silva,Legal,"6,740.25",11/09/2022,Y,CC-120
E10800,Lena Kowalski,Operations,"12,970.29",12/05/2026,Y,CC-510
E10801,Fatima Petrov,Engineering,"6,494.51",14/06/2026,Y,CC-220
E10802,Omar Nair,Sales EMEA,"14,960.21",07/04/2023,Y,CC-310
E10803,Omar Tanaka,Support,"4,360.72",23/06/2025,Y,CC-320
E10804,Amara Nair,Legal,"4,880.81",11/12/2023,Y,CC-120
E10805,Uma Dubois,Support,"9,098.41",03/08/2018,Y,CC-320
E10806,Tomasz Rossi,Sales EMEA,"10,600.58",28/05/2020,Y,CC-310
E10807,Fatima Dubois,Engineering,"3,878.90",10/09/2026,Y,CC-220
E10808,Zofia Silva,People,"11,682.48",11/09/2021,Y,CC-130
E10809,Rafael Sato,Sales,"12,698.26",21/08/2023,Y,CC-310
E10810,Zofia Okafor,Sales,"5,582.97",28/10/2019,Y,CC-310
E10811,Aarav Silva,People,"3,233.83",27/01/2026,Y,CC-130
E10812,Hugo Novak,Operations,"13,678.55",11/04/2026,Y,CC-510
E10813,Nadia Kowalski,Eng,"2,438.27",24/06/2020,N,CC-220
E10814,Lena Tanaka,Marketing,"13,954.97",03/12/2020,N,CC-410
E10815,Kofi Sato,Finance,"12,467.89",24/10/2025,Y,CC-110
E10816,Uma Dubois,Sales,"7,049.20",18/02/2022,Y,CC-310
E10817,Jonas Tanaka,Marketing,"11,706.46",27/04/2025,Y,CC-410
E10818,Lena Costa,Finance,"5,024.89",07/12/2020,N,CC-110
E10819,Tomasz Larsen,People,"2,490.91",25/08/2023,Y,CC-130
E10820,Ines Haddad,Operations,"8,656.62",22/07/2023,N,CC-510
E10821,Fatima Nakamura,Sales EMEA,"8,162.36",17/09/2020,Y,CC-310
E10822,Jonas Larsen,Engineering,"5,574.43",12/11/2021,Y,CC-220
E10823,Omar Novak,Operations,"7,761.50",01/05/2025,N,CC-510
E10824,Fatima Sato,Sales,"11,139.81",06/05/2022,Y,CC-310
E10825,Priya Ibrahim,Legal,"12,855.80",23/11/2019,N,CC-120
E10826,Fatima Nakamura,Sales,"8,687.66",05/02/2021,Y,CC-310
E10827,Kofi Rossi,Engineering,"4,497.37",19/07/2024,Y,CC-220
E10828,Viktor Sato,Support,"7,790.98",17/08/2020,Y,CC-320
E10829,Ines Ibrahim,Finance,"13,562.73",21/01/2019,Y,CC-110
E10830,Ines Mensah,Support,"14,203.80",06/07/2026,Y,CC-320
E10831,Sara Kowalski,Sales EMEA,"11,019.01",05/02/2023,Y,CC-310
E10832,Viktor Okafor,Support,"5,337.11",03/01/2019,Y,CC-320
E10833,Sara Haddad,Marketing,"2,152.33",15/05/2019,Y,CC-410
E10834,Priya Schmidt,Support,"13,226.88",04/12/2021,Y,CC-320
E10835,Sara Nair,Support,"4,831.63",02/08/2019,Y,CC-320
E10836,Uma Costa,Support,"6,158.99",03/07/2024,Y,CC-320
E10837,Priya Moreau,People,"5,671.96",27/08/2026,Y,CC-130
E10838,Amara Sato,Support,"8,069.15",19/04/2024,N,CC-320
E10839,Elena Kowalski,Operations,"13,686.67",14/09/2026,N,CC-510
E10840,Sara Haddad,Support,"8,179.95",05/05/2018,N,CC-320
E10841,Ines Rossi,Legal,"10,576.09",22/12/2024,Y,CC-120
E10842,Mateo Moreau,Support,"6,470.14",05/08/2024,Y,CC-320
E10843,Amara Mensah,Marketing,"12,356.30",23/05/2019,Y,CC-410
E10844,Chen Mensah,Finance & Control,"12,147.79",12/02/2019,Y,CC-110
E10845,Tomasz Nakamura,Engineering,"3,661.27",15/11/2024,Y,CC-220
E10846,Elena Nakamura,Support,"7,026.30",07/07/2025,Y,CC-320
E10847,Tomasz Sato,Marketing,"12,851.32",19/07/2024,Y,CC-410
E10848,Ines Rossi,People,"7,150.60",20/05/2025,Y,CC-130
E10849,Tomasz Haddad,Legal,"4,057.53",09/10/2020,N,CC-120
E10850,Uma Nair,Legal,"3,198.64",20/02/2021,Y,CC-120
E10851,Rafael Kowalski,Eng,"14,006.63",04/10/2022,Y,CC-220
E10852,Omar Larsen,Sales,"12,394.22",03/01/2026,Y,CC-310
E10853,Jonas Kowalski,Eng,"9,241.88",20/09/2020,Y,CC-220
E10854,Priya Ibrahim,Marketing,"9,668.05",11/05/2020,Y,CC-410
E10855,Elena Sato,Legal,"6,067.16",02/10/2018,N,CC-120
E10856,Chen Novak,Marketing,"10,843.97",10/07/2019,Y,CC-410
E10857,Lena Ibrahim,Operations,"5,987.10",09/01/2024,Y,CC-510
E10858,Elena Moreau,People,"6,517.57",12/02/2026,Y,CC-130
E10859,Lena Mensah,Operations,"5,324.58",17/09/2026,Y,CC-510
E10860,Rafael Tanaka,Support,"3,880.92",18/07/2021,Y,CC-320
E10861,Chen Tanaka,Sales,"6,773.45",23/01/2026,Y,CC-310
E10862,Rafael Haddad,Eng,"5,904.69",26/07/2021,Y,CC-220
E10863,Tomasz Nakamura,Finance & Control,"13,645.78",13/11/2025,Y,CC-110
E10864,Nadia Sato,Marketing,"7,312.13",19/04/2024,Y,CC-410
E10865,Omar Rossi,Operations,"14,884.59",15/04/2024,Y,CC-510
E10866,Chen Sato,Sales,"12,842.32",26/04/2019,Y,CC-310
E10867,Mateo Mensah,Operations,"14,773.21",27/08/2025,Y,CC-510
E10868,Hugo Kowalski,Sales EMEA,"13,596.23",17/03/2026,Y,CC-310
E10869,Tomasz Rossi,Sales,"11,349.66",08/02/2023,N,CC-310
E10870,Lena Kowalski,Marketing,"4,792.34",01/05/2023,N,CC-410
E10871,Rafael Nair,People,"13,203.39",13/07/2021,Y,CC-130
E10872,Omar Tanaka,Support,"2,461.66",04/04/2019,Y,CC-320
E10873,Tomasz Kowalski,Support,"7,903.06",07/10/2024,N,CC-320
E10874,Amara Schmidt,Finance & Control,"10,215.83",19/10/2023,Y,CC-110
E10875,Fatima Costa,Sales,"13,633.57",15/09/2025,Y,CC-310
E10876,Ines Kowalski,Operations,"9,837.56",07/03/2024,Y,CC-510
E10877,Tomasz Larsen,Eng,"2,639.41",09/01/2023,Y,CC-220
E10878,Kofi Nakamura,People,"7,916.77",15/11/2022,Y,CC-130
E10879,Zofia Haddad,Engineering,"5,334.76",22/02/2023,Y,CC-220
E10880,Fatima Novak,People,"10,713.44",07/04/2020,Y,CC-130
E10881,Amara Haddad,Finance & Control,"4,388.67",03/08/2025,Y,CC-110
E10882,Sara Nakamura,Engineering,"7,457.00",28/01/2018,Y,CC-220
E10883,Priya Silva,Operations,"6,061.09",16/10/2018,Y,CC-510
E10884,Tomasz Nair,Operations,"2,628.51",26/11/2018,Y,CC-510
E10885,Mateo Nair,Finance,"3,353.11",02/04/2021,N,CC-110
E10886,Sara Larsen,Engineering,"9,666.71",19/12/2025,Y,CC-220
E10887,Kofi Nakamura,Engineering,"8,561.02",17/11/2024,Y,CC-220
E10888,Omar Schmidt,People,"11,535.13",26/02/2025,Y,CC-130
E10889,Zofia Dubois,Marketing,"2,737.17",14/02/2018,Y,CC-410
E10890,Aarav Dubois,Support,"6,658.05",15/11/2022,Y,CC-320
E10891,Zofia Okafor,Operations,"6,087.74",08/11/2022,N,CC-510
E10892,Aarav Nakamura,People,"13,474.55",21/10/2024,Y,CC-130
E10893,Sara Mensah,Finance,"11,194.51",22/10/2020,Y,CC-110
E10894,Amara Silva,Finance & Control,"13,829.92",06/12/2023,Y,CC-110
E10895,Omar Silva,Operations,"10,034.58",05/12/2021,N,CC-510
E10896,Rafael Moreau,Legal,"14,360.93",05/04/2019,Y,CC-120
E10897,Lena Larsen,Finance,"8,922.63",26/09/2020,Y,CC-110
E10898,Aarav Costa,Engineering,"6,337.86",03/03/2019,Y,CC-220
E10899,Uma Okafor,Engineering,"13,096.86",15/05/2020,Y,CC-220
E10900,Elena Novak,Sales,"12,547.06",08/08/2020,N,CC-310
E10901,Elena Haddad,People,"10,280.81",27/05/2018,Y,CC-130
E10902,Hugo Petrov,Legal,"10,927.34",28/03/2023,Y,CC-120
E10903,Kofi Sato,Sales EMEA,"3,886.42",28/05/2025,Y,CC-310
E10904,Aarav Schmidt,Support,"12,136.94",25/04/2020,Y,CC-320
E10905,Lena Ibrahim,Sales,"7,830.25",03/02/2023,Y,CC-310
E10906,Ines Kowalski,Finance,"3,321.59",22/03/2020,Y,CC-110
E10907,Rafael Okafor,Legal,"10,179.94",04/04/2020,Y,CC-120
E10908,Jonas Nakamura,Operations,"12,213.66",18/04/2023,Y,CC-510
E10909,Chen Mensah,Legal,"5,770.54",24/07/2020,Y,CC-120
E10910,Rafael Mensah,Support,"13,235.36",21/06/2024,Y,CC-320
E10911,Zofia Kowalski,Eng,"7,919.00",19/07/2022,Y,CC-220
E10912,Sara Tanaka,Legal,"3,473.00",17/05/2024,Y,CC-120
E10913,Priya Novak,Finance & Control,"8,323.62",13/09/2020,Y,CC-110
E10914,Elena Sato,Engineering,"13,995.00",22/07/2023,Y,CC-220
E10915,Fatima Mensah,Operations,"7,872.24",15/09/2024,Y,CC-510
E10916,Zofia Rossi,Sales,"13,967.55",21/10/2025,Y,CC-310
E10917,Aarav Tanaka,People,"6,951.25",27/07/2018,N,CC-130
E10918,Rafael Nakamura,Support,"11,104.46",22/01/2024,Y,CC-320
E10919,Jonas Mensah,Legal,"4,838.81",12/11/2019,Y,CC-120
E10920,Priya Larsen,Legal,"3,528.35",03/11/2025,Y,CC-120
E10921,Rafael Nakamura,Operations,"9,467.96",21/10/2019,Y,CC-510
E10922,Priya Petrov,Marketing,"7,096.14",16/09/2026,Y,CC-410
E10923,Viktor Moreau,Support,"10,637.70",27/08/2018,Y,CC-320
E10924,Chen Novak,Support,"8,544.12",10/05/2023,Y,CC-320
E10925,Uma Kowalski,Finance,"11,541.08",06/07/2026,Y,CC-110
E10926,Fatima Moreau,Marketing,"6,787.65",05/07/2019,Y,CC-410
E10927,Elena Okafor,Engineering,"8,399.39",02/04/2024,N,CC-220
E10928,Kofi Larsen,People,"14,781.80",09/11/2024,Y,CC-130
E10929,Rafael Larsen,Sales,"9,794.63",21/03/2020,Y,CC-310
E10930,Ines Mensah,Operations,"10,774.04",18/02/2026,Y,CC-510
E10931,Mateo Costa,Support,"10,097.58",11/09/2019,Y,CC-320
E10932,Priya Larsen,Marketing,"8,554.05",19/12/2025,Y,CC-410
E10933,Nadia Sato,People,"9,501.95",27/04/2022,Y,CC-130
E10934,Aarav Nair,Legal,"10,237.75",21/02/2024,Y,CC-120
E10935,Uma Novak,People,"14,757.38",16/07/2021,Y,CC-130
E10936,Sara Nair,Marketing,"5,898.02",23/06/2021,Y,CC-410
E10937,Zofia Novak,Marketing,"9,015.81",20/12/2025,Y,CC-410
E10938,Omar Petrov,Finance,"3,380.80",12/05/2021,N,CC-110
E10939,Fatima Haddad,Legal,"11,537.14",04/10/2021,Y,CC-120
E10940,Lena Tanaka,Legal,"5,614.72",15/02/2020,N,CC-120
E10941,Uma Petrov,Marketing,"10,596.60",24/12/2022,Y,CC-410
E10942,Mateo Novak,Legal,"5,523.79",11/04/2023,Y,CC-120
E10943,Aarav Moreau,Marketing,"3,872.46",12/05/2022,Y,CC-410
E10944,Elena Moreau,Sales,"7,631.14",03/06/2023,Y,CC-310
E10945,Lena Larsen,Finance & Control,"6,557.39",20/08/2025,Y,CC-110
E10946,Sara Dubois,Operations,"13,853.44",08/03/2026,N,CC-510
E10947,Jonas Silva,Finance,"4,678.14",17/04/2019,Y,CC-110
E10948,Nadia Dubois,Operations,"10,685.52",07/08/2026,Y,CC-510
E10949,Tomasz Dubois,Support,"2,729.07",11/07/2021,Y,CC-320
E10950,Elena Dubois,Sales,"8,733.37",06/06/2022,N,CC-310
E10951,Zofia Rossi,Legal,"3,773.88",07/09/2019,Y,CC-120
E10952,Chen Dubois,Operations,"12,224.96",07/08/2023,N,CC-510
E10953,Sara Dubois,Support,"4,703.39",17/01/2023,N,CC-320
E10954,Rafael Silva,Eng,"6,473.92",05/12/2019,Y,CC-220
E10955,Nadia Kowalski,Legal,"3,487.68",18/06/2026,Y,CC-120
E10956,Sara Tanaka,Operations,"6,013.79",18/08/2024,Y,CC-510
E10957,Hugo Kowalski,Support,"13,173.79",22/08/2021,Y,CC-320
E10958,Chen Kowalski,Finance & Control,"9,924.05",01/12/2021,Y,CC-110
E10959,Zofia Tanaka,Marketing,"13,903.11",14/08/2025,N,CC-410
E10960,Amara Tanaka,Sales,"8,166.42",07/09/2022,Y,CC-310
E10961,Fatima Nair,Marketing,"3,832.93",14/04/2021,Y,CC-410
E10962,Priya Okafor,Engineering,"8,527.30",19/07/2018,Y,CC-220
E10963,Fatima Dubois,People,"4,394.61",25/07/2018,Y,CC-130
E10964,Priya Tanaka,Marketing,"3,240.61",04/09/2020,Y,CC-410
E10965,Elena Moreau,Sales EMEA,"14,837.68",07/10/2023,Y,CC-310
E10966,Jonas Petrov,Support,"3,740.56",14/06/2019,Y,CC-320
E10967,Sara Novak,Legal,"6,019.81",24/08/2019,Y,CC-120
E10968,Zofia Ibrahim,People,"4,425.91",12/09/2020,Y,CC-130
E10969,Elena Novak,People,"3,518.04",24/06/2021,Y,CC-130
E10970,Tomasz Moreau,Sales,"13,966.84",21/11/2023,Y,CC-310
E10971,Aarav Dubois,Legal,"9,496.24",05/10/2022,Y,CC-120
E10972,Priya Silva,Operations,"8,787.20",05/02/2024,Y,CC-510
E10973,Zofia Kowalski,People,"2,473.06",24/05/2023,Y,CC-130
E10974,Hugo Schmidt,Operations,"2,623.48",19/08/2025,Y,CC-510
E10975,Lena Ibrahim,Operations,"13,822.71",08/12/2018,Y,CC-510
E10976,Kofi Dubois,People,"7,121.04",08/08/2021,Y,CC-130
E10977,Nadia Ibrahim,Sales EMEA,"14,570.92",14/02/2023,Y,CC-310
E10978,Rafael Dubois,Sales,"3,428.96",19/12/2019,Y,CC-310
E10979,Tomasz Schmidt,Support,"7,788.99",07/04/2024,Y,CC-320
E10980,Rafael Haddad,Operations,"14,554.50",24/02/2023,N,CC-510
E10981,Aarav Schmidt,Marketing,"7,415.78",20/10/2023,Y,CC-410
E10982,Amara Ibrahim,Eng,"6,281.75",07/06/2026,Y,CC-220
E10983,Zofia Rossi,Marketing,"5,417.33",19/09/2022,Y,CC-410
E10984,Fatima Mensah,Marketing,"11,146.35",07/12/2025,N,CC-410
E10985,Ines Ibrahim,Sales,"13,394.36",24/10/2020,Y,CC-310
E10986,Omar Dubois,Legal,"4,135.68",12/05/2024,N,CC-120
E10987,Kofi Haddad,Operations,"10,899.46",13/11/2024,N,CC-510
E10988,Nadia Ibrahim,Support,"3,912.62",21/03/2020,Y,CC-320
E10989,Aarav Nakamura,Sales EMEA,"3,033.77",09/05/2026,Y,CC-310
E10990,Uma Dubois,Operations,"9,825.30",10/05/2019,Y,CC-510
E10991,Amara Schmidt,Finance,"2,443.15",19/11/2023,Y,CC-110
E10992,Viktor Nakamura,Support,"5,256.68",18/02/2026,Y,CC-320
E10993,Amara Mensah,Marketing,"14,866.00",25/08/2023,Y,CC-410
E10994,Lena Schmidt,Support,"14,363.78",28/09/2023,N,CC-320
E10995,Kofi Tanaka,Engineering,"5,153.44",25/05/2023,Y,CC-220
E10996,Viktor Haddad,Legal,"6,375.86",09/06/2024,Y,CC-120
E10997,Tomasz Moreau,Marketing,"4,454.59",28/11/2020,N,CC-410
E10998,Aarav Silva,Operations,"8,742.14",16/03/2026,Y,CC-510
E10999,Rafael Haddad,Finance,"6,842.65",03/10/2024,Y,CC-110
E11000,Aarav Okafor,Sales,"3,802.82",10/03/2023,Y,CC-310
E11001,Hugo Nakamura,Sales EMEA,"9,110.59",10/09/2019,Y,CC-310
E11002,Hugo Ibrahim,Legal,"4,464.24",10/08/2020,Y,CC-120
E11003,Uma Silva,Legal,"7,019.23",26/06/2026,Y,CC-120
E11004,Rafael Schmidt,Engineering,"9,429.86",20/10/2023,Y,CC-220
E11005,Priya Nair,Engineering,"3,444.47",23/06/2023,N,CC-220
E11006,Mateo Okafor,Sales,"11,750.31",09/05/2024,Y,CC-310
E11007,Mateo Rossi,People,"7,999.41",26/06/2023,Y,CC-130
E11008,Tomasz Schmidt,Operations,"13,593.65",12/06/2022,Y,CC-510
E11009,Nadia Sato,Operations,"7,915.91",05/07/2026,N,CC-510
E11010,Chen Novak,Legal,"2,653.05",26/11/2022,N,CC-120
E11011,Uma Haddad,Legal,"13,870.55",18/09/2022,Y,CC-120
E11012,Fatima Ibrahim,Finance,"14,090.59",02/02/2021,Y,CC-110
E11013,Omar Sato,Sales,"4,154.78",17/03/2021,N,CC-310
E11014,Kofi Nair,Support,"10,879.63",10/08/2024,Y,CC-320
E11015,Nadia Nakamura,Sales,"10,934.04",15/01/2025,Y,CC-310
E11016,Aarav Dubois,Sales,"2,264.94",16/06/2026,Y,CC-310
E11017,Viktor Nair,People,"2,731.19",04/06/2024,Y,CC-130
E11018,Omar Petrov,Support,"5,500.00",15/10/2019,Y,CC-320
E11019,Uma Ibrahim,Marketing,"8,819.60",18/09/2025,Y,CC-410
E11020,Chen Nakamura,Engineering,"8,689.48",23/07/2021,Y,CC-220
E11021,Ines Silva,Support,"5,232.73",11/11/2024,Y,CC-320
E11022,Amara Nair,Legal,"6,006.54",22/05/2022,Y,CC-120
E11023,Lena Haddad,People,"7,978.89",28/10/2024,Y,CC-130
E11024,Rafael Petrov,Sales,"10,313.95",17/02/2018,N,CC-310
E11025,Jonas Tanaka,Operations,"11,613.66",20/03/2025,Y,CC-510
E11026,Nadia Larsen,Legal,"9,818.12",04/10/2018,N,CC-120
E11027,Mateo Mensah,Sales,"4,406.01",01/06/2023,Y,CC-310
E11028,Uma Petrov,Support,"14,302.81",04/08/2019,Y,CC-320
E11029,Uma Tanaka,Operations,"5,402.10",01/07/2021,Y,CC-510
E11030,Uma Larsen,Engineering,"9,560.07",23/05/2026,N,CC-220
E11031,Nadia Nakamura,Finance & Control,"14,263.22",09/01/2022,Y,CC-110
E11032,Amara Silva,People,"3,369.61",11/10/2018,Y,CC-130
E11033,Elena Rossi,Engineering,"11,671.56",26/06/2022,Y,CC-220
E11034,Jonas Haddad,Marketing,"14,148.62",11/08/2025,N,CC-410
E11035,Kofi Nakamura,Support,"3,239.46",01/11/2025,Y,CC-320
E11036,Rafael Petrov,Sales,"7,388.31",28/03/2018,Y,CC-310
E11037,Aarav Kowalski,Sales EMEA,"3,843.51",15/04/2024,Y,CC-310
E11038,Aarav Nair,Operations,"6,255.40",02/12/2020,Y,CC-510
E11039,Viktor Schmidt,People,"4,835.96",03/04/2021,Y,CC-130
E11040,Jonas Silva,Eng,"7,784.86",04/02/2021,Y,CC-220
E11041,Hugo Costa,People,"11,134.69",11/08/2023,Y,CC-130
E11042,Uma Schmidt,Engineering,"7,961.02",16/03/2025,Y,CC-220
E11043,Nadia Rossi,Engineering,"10,000.20",25/11/2021,Y,CC-220
E11044,Fatima Nakamura,People,"4,537.60",15/07/2025,Y,CC-130
E11045,Uma Haddad,Operations,"6,928.68",20/10/2019,Y,CC-510
E11046,Rafael Costa,People,"7,751.63",21/04/2021,Y,CC-130
E11047,Jonas Larsen,Operations,"2,987.18",10/04/2020,Y,CC-510
E11048,Rafael Ibrahim,Finance & Control,"7,322.99",19/12/2020,Y,CC-110
E11049,Aarav Moreau,Sales,"4,745.24",28/04/2024,Y,CC-310
E11050,Nadia Novak,Marketing,"4,739.87",01/04/2023,N,CC-410
E11051,Tomasz Okafor,Finance & Control,"10,695.12",01/12/2023,Y,CC-110
E11052,Omar Moreau,Legal,"11,722.53",12/01/2019,N,CC-120
E11053,Zofia Ibrahim,Sales,"9,692.40",06/11/2018,Y,CC-310
E11054,Viktor Tanaka,People,"2,403.88",11/06/2025,N,CC-130
E11055,Chen Ibrahim,Finance,"8,876.31",28/02/2018,Y,CC-110
E11056,Elena Tanaka,Finance,"7,152.59",27/02/2025,Y,CC-110
E11057,Omar Silva,Engineering,"10,954.92",20/04/2026,Y,CC-220
E11058,Viktor Haddad,Finance & Control,"3,203.21",25/07/2026,Y,CC-110
E11059,Mateo Costa,Finance & Control,"6,586.53",22/06/2020,Y,CC-110
E11060,Lena Moreau,Finance,"11,993.10",11/04/2025,N,CC-110
E11061,Rafael Silva,Marketing,"2,676.76",11/12/2021,Y,CC-410
E11062,Viktor Costa,Engineering,"3,321.05",04/07/2021,Y,CC-220
E11063,Amara Kowalski,Finance,"4,791.95",24/08/2019,Y,CC-110
E11064,Zofia Nakamura,Legal,"5,217.48",12/04/2026,Y,CC-120
E11065,Rafael Haddad,People,"5,539.44",17/11/2023,Y,CC-130
E11066,Uma Silva,People,"6,019.19",19/04/2022,Y,CC-130
E11067,Aarav Sato,Sales,"3,093.19",08/06/2026,Y,CC-310
E11068,Hugo Dubois,Sales,"2,228.49",09/01/2020,Y,CC-310
E11069,Aarav Tanaka,Support,"13,136.58",05/08/2021,Y,CC-320
E11070,Mateo Rossi,Finance & Control,"8,632.17",10/06/2023,Y,CC-110
E11071,Aarav Silva,Engineering,"13,704.41",15/11/2025,Y,CC-220
E11072,Elena Moreau,People,"9,350.84",04/03/2025,Y,CC-130
E11073,Uma Novak,Legal,"8,955.92",22/10/2020,Y,CC-120
E11074,Elena Haddad,People,"6,592.45",07/02/2022,Y,CC-130
E11075,Ines Tanaka,Legal,"9,516.59",22/05/2024,Y,CC-120
E11076,Priya Schmidt,Legal,"12,370.87",06/07/2022,Y,CC-120
E11077,Fatima Moreau,Support,"8,483.02",06/03/2022,Y,CC-320
E11078,Omar Kowalski,People,"6,643.76",11/03/2020,Y,CC-130
E11079,Chen Moreau,Finance,"2,491.66",04/04/2019,Y,CC-110
E11080,Nadia Silva,Legal,"8,945.51",11/02/2019,Y,CC-120
E11081,Priya Sato,Sales EMEA,"12,023.48",18/10/2024,N,CC-310
E11082,Ines Novak,Sales EMEA,"9,443.83",15/05/2018,N,CC-310
E11083,Jonas Kowalski,People,"12,237.31",14/08/2024,Y,CC-130
E11084,Kofi Dubois,Finance,"7,885.74",12/07/2022,Y,CC-110
E11085,Uma Mensah,Marketing,"3,500.14",16/03/2025,Y,CC-410
E11086,Rafael Larsen,People,"8,566.10",17/08/2020,Y,CC-130
E11087,Aarav Sato,Engineering,"14,596.89",10/08/2020,Y,CC-220
E11088,Priya Dubois,Finance,"4,063.51",07/06/2023,N,CC-110
E11089,Mateo Costa,Sales EMEA,"14,539.78",15/07/2021,Y,CC-310
E11090,Viktor Silva,Operations,"11,003.62",24/01/2026,N,CC-510
E11091,Lena Larsen,Legal,"10,399.47",10/02/2026,Y,CC-120
E11092,Ines Tanaka,Support,"5,006.59",09/06/2026,Y,CC-320
E11093,Ines Dubois,Eng,"14,858.94",17/02/2026,Y,CC-220
E11094,Elena Schmidt,Operations,"8,465.00",08/02/2022,Y,CC-510
E11095,Kofi Rossi,People,"3,771.52",27/06/2025,Y,CC-130
E11096,Sara Rossi,Support,"8,312.23",15/10/2021,Y,CC-320
E11097,Jonas Moreau,Marketing,"13,194.86",10/05/2024,Y,CC-410
E11098,Hugo Silva,Sales,"10,055.51",19/05/2018,N,CC-310
E11099,Aarav Rossi,Support,"11,362.69",18/08/2020,Y,CC-320
E11100,Mateo Ibrahim,Eng,"5,105.51",09/01/2022,Y,CC-220
E11101,Elena Rossi,Support,"8,644.07",07/12/2022,N,CC-320
E11102,Elena Petrov,People,"6,304.98",13/03/2025,Y,CC-130
E11103,Kofi Costa,Finance,"12,059.32",16/03/2020,Y,CC-110
E11104,Hugo Silva,Engineering,"5,069.66",02/07/2019,Y,CC-220
E11105,Tomasz Larsen,Eng,"11,345.95",02/07/2019,Y,CC-220
E11106,Tomasz Schmidt,People,"9,589.52",15/09/2020,Y,CC-130
E11107,Chen Schmidt,Legal,"3,511.60",02/06/2019,Y,CC-120
E11108,Mateo Larsen,Engineering,"10,184.35",26/01/2026,Y,CC-220
E11109,Zofia Dubois,Engineering,"4,956.96",23/04/2025,Y,CC-220
E11110,Aarav Nair,Engineering,"14,629.94",09/10/2020,Y,CC-220
E11111,Elena Petrov,Support,"9,363.84",20/02/2021,Y,CC-320
E11112,Ines Nakamura,Finance,"3,611.57",08/10/2020,Y,CC-110
E11113,Elena Mensah,Marketing,"11,543.59",13/02/2018,Y,CC-410
E11114,Amara Silva,Engineering,"9,275.27",28/08/2023,Y,CC-220
E11115,Viktor Costa,Legal,"4,474.43",19/08/2024,Y,CC-120
E11116,Fatima Nair,Marketing,"6,180.03",20/01/2025,Y,CC-410
E11117,Chen Mensah,Engineering,"5,449.50",17/11/2025,Y,CC-220
E11118,Sara Silva,Operations,"6,377.15",05/07/2021,Y,CC-510
E11119,Lena Kowalski,Finance,"2,484.64",22/04/2023,Y,CC-110
E11120,Lena Haddad,Legal,"6,832.87",26/05/2025,Y,CC-120
E11121,Elena Schmidt,Support,"8,771.79",28/10/2025,Y,CC-320
E11122,Uma Nakamura,People,"2,378.18",12/08/2025,Y,CC-130
E11123,Sara Costa,Finance & Control,"6,277.44",07/01/2025,Y,CC-110
E11124,Uma Dubois,Operations,"14,044.99",25/09/2018,Y,CC-510
E11125,Nadia Costa,Engineering,"10,520.68",17/01/2024,Y,CC-220
E11126,Tomasz Nair,Sales,"2,716.90",04/08/2024,Y,CC-310
E11127,Hugo Novak,Eng,"5,596.85",26/09/2019,Y,CC-220
E11128,Viktor Larsen,Finance & Control,"3,671.68",18/03/2020,Y,CC-110
E11129,Zofia Petrov,Sales,"11,812.52",05/02/2025,N,CC-310
E11130,Ines Rossi,Engineering,"3,119.25",28/11/2018,Y,CC-220
E11131,Sara Kowalski,Operations,"11,183.43",06/06/2024,Y,CC-510
E11132,Sara Sato,Operations,"5,429.12",10/03/2026,N,CC-510
E11133,Kofi Nakamura,Marketing,"11,320.03",08/10/2025,Y,CC-410
E11134,Nadia Costa,Engineering,"11,934.06",16/08/2022,N,CC-220
E11135,Lena Schmidt,Engineering,"3,368.37",05/11/2022,N,CC-220
E11136,Zofia Nakamura,People,"12,427.42",07/01/2023,Y,CC-130
E11137,Sara Rossi,Marketing,"5,905.57",04/02/2020,Y,CC-410
E11138,Sara Rossi,Legal,"14,311.86",21/08/2026,Y,CC-120
E11139,Amara Tanaka,Engineering,"10,538.18",06/07/2023,Y,CC-220
E11140,Rafael Schmidt,Sales EMEA,"9,911.54",24/05/2021,Y,CC-310
E11141,Jonas Tanaka,Finance & Control,"7,419.09",12/09/2022,Y,CC-110
E11142,Priya Sato,People,"3,045.62",12/08/2022,Y,CC-130
E11143,Amara Dubois,Marketing,"12,938.42",26/09/2020,Y,CC-410
E11144,Zofia Petrov,Marketing,"9,896.45",07/01/2023,Y,CC-410
E11145,Chen Sato,Engineering,"14,427.98",25/05/2023,Y,CC-220
E11146,Zofia Silva,Eng,"10,894.91",23/01/2022,Y,CC-220
E11147,Lena Larsen,Operations,"13,635.51",11/07/2024,Y,CC-510
E11148,Sara Kowalski,Support,"13,679.35",12/02/2026,Y,CC-320
E11149,Viktor Novak,Finance,"6,273.47",17/04/2018,Y,CC-110
E11150,Nadia Rossi,Operations,"11,345.25",18/03/2020,Y,CC-510
E11151,Mateo Kowalski,Operations,"8,326.15",24/03/2026,Y,CC-510
E11152,Uma Okafor,Finance & Control,"2,941.12",11/08/2022,Y,CC-110
E11153,Omar Larsen,Engineering,"8,987.25",21/06/2020,N,CC-220
E11154,Uma Tanaka,People,"14,947.41",07/08/2026,Y,CC-130
E11155,Omar Nakamura,Finance,"2,950.87",05/02/2026,N,CC-110
E11156,Uma Rossi,Marketing,"8,596.71",04/11/2018,Y,CC-410
E11157,Priya Petrov,Legal,"12,433.55",28/12/2024,Y,CC-120
E11158,Fatima Sato,Operations,"4,630.87",12/04/2026,Y,CC-510
E11159,Lena Nakamura,Support,"6,206.04",18/03/2023,Y,CC-320
E11160,Mateo Mensah,Support,"8,007.84",18/07/2025,Y,CC-320
E11161,Chen Mensah,Engineering,"8,330.72",12/07/2024,Y,CC-220
E11162,Mateo Silva,Support,"12,410.11",27/11/2020,Y,CC-320
E11163,Viktor Tanaka,Engineering,"12,546.61",22/12/2020,Y,CC-220
E11164,Chen Larsen,People,"14,288.26",12/08/2026,Y,CC-130
E11165,Omar Kowalski,Operations,"6,140.17",17/02/2019,N,CC-510
E11166,Fatima Kowalski,Support,"14,418.24",28/04/2018,Y,CC-320
E11167,Aarav Rossi,Support,"14,671.08",28/07/2020,Y,CC-320
E11168,Mateo Nakamura,Sales EMEA,"7,600.31",05/10/2022,Y,CC-310
E11169,Ines Schmidt,Marketing,"13,316.83",19/05/2025,Y,CC-410
E11170,Kofi Okafor,Engineering,"4,831.57",21/10/2022,Y,CC-220
E11171,Chen Rossi,People,"14,132.79",25/01/2023,Y,CC-130
E11172,Hugo Moreau,Marketing,"4,637.96",02/07/2021,Y,CC-410
E11173,Tomasz Kowalski,People,"6,750.77",17/01/2020,Y,CC-130
E11174,Uma Okafor,Legal,"11,028.98",18/12/2024,Y,CC-120
E11175,Lena Haddad,Legal,"14,083.27",02/01/2023,Y,CC-120
E11176,Amara Rossi,Sales EMEA,"14,840.68",17/09/2021,Y,CC-310
E11177,Jonas Schmidt,Legal,"8,848.87",01/03/2018,Y,CC-120
E11178,Ines Dubois,Eng,"5,057.28",13/01/2025,Y,CC-220
E11179,Amara Ibrahim,Sales EMEA,"7,157.91",16/04/2025,Y,CC-310
E11180,Lena Ibrahim,Finance,"7,246.78",17/10/2024,Y,CC-110
E11181,Kofi Dubois,Finance & Control,"14,554.86",05/04/2026,Y,CC-110
E11182,Sara Ibrahim,Legal,"5,891.15",14/11/2018,Y,CC-120
E11183,Amara Nair,Support,"8,112.36",04/04/2026,Y,CC-320
E11184,Amara Silva,Engineering,"3,869.38",25/02/2020,Y,CC-220
E11185,Aarav Sato,Operations,"14,320.24",17/10/2024,Y,CC-510
E11186,Hugo Nakamura,Sales,"11,002.77",04/08/2024,Y,CC-310
E11187,Chen Sato,People,"6,684.64",04/11/2025,Y,CC-130
E11188,Zofia Haddad,Operations,"11,762.22",26/09/2026,Y,CC-510
E11189,Hugo Novak,Operations,"10,050.13",24/08/2020,Y,CC-510
E11190,Sara Costa,Finance & Control,"7,533.84",08/05/2024,N,CC-110
E11191,Sara Larsen,People,"12,044.78",07/12/2024,N,CC-130
E11192,Lena Haddad,Support,"14,084.67",03/09/2022,Y,CC-320
E11193,Tomasz Rossi,Finance & Control,"10,690.01",17/02/2020,Y,CC-110
E11194,Rafael Sato,Support,"12,864.79",04/04/2022,Y,CC-320
E11195,Zofia Kowalski,People,"6,120.26",24/01/2026,N,CC-130
E11196,Tomasz Haddad,Legal,"4,530.17",23/10/2020,Y,CC-120
E11197,Tomasz Nakamura,Finance,"5,778.98",15/02/2020,Y,CC-110
E11198,Aarav Moreau,Marketing,"3,028.16",26/09/2026,Y,CC-410
E11199,Tomasz Rossi,Sales,"8,277.75",26/02/2025,Y,CC-310
E11200,Nadia Sato,Finance,"12,490.58",05/12/2023,Y,CC-110
E11201,Amara Haddad,Support,"11,800.13",01/12/2018,Y,CC-320
E11202,Mateo Kowalski,People,"3,816.23",15/06/2021,Y,CC-130
E11203,Chen Haddad,People,"13,919.66",08/09/2025,Y,CC-130
E11204,Hugo Novak,Operations,"3,733.10",24/03/2026,Y,CC-510
E11205,Chen Larsen,Operations,"3,271.90",28/06/2018,Y,CC-510
E11206,Jonas Costa,Marketing,"4,054.19",10/11/2023,Y,CC-410
E11207,Uma Tanaka,Engineering,"6,395.99",16/03/2018,Y,CC-220
E11208,Tomasz Rossi,Marketing,"13,832.26",23/02/2026,Y,CC-410
E11209,Jonas Ibrahim,Operations,"11,738.21",01/03/2021,Y,CC-510
E11210,Uma Nair,Engineering,"11,171.54",16/05/2022,Y,CC-220
E11211,Uma Ibrahim,Engineering,"4,333.17",16/09/2022,N,CC-220
E11212,Elena Costa,Finance,"3,052.61",27/05/2022,Y,CC-110
E11213,Ines Ibrahim,Legal,"13,721.34",26/09/2018,N,CC-120
E11214,Hugo Moreau,Legal,"10,035.42",17/10/2023,Y,CC-120
E11215,Sara Haddad,Operations,"11,097.56",23/05/2021,Y,CC-510
E11216,Tomasz Nair,People,"5,948.28",14/11/2020,Y,CC-130
E11217,Chen Mensah,Marketing,"8,125.36",05/01/2025,Y,CC-410
E11218,Kofi Moreau,Legal,"6,919.39",15/03/2024,Y,CC-120
E11219,Aarav Schmidt,Engineering,"2,211.09",09/06/2026,Y,CC-220
E11220,Uma Novak,Operations,"12,856.54",03/04/2019,Y,CC-510
E11221,Viktor Silva,Operations,"5,074.12",28/02/2018,Y,CC-510
E11222,Hugo Rossi,Eng,"5,238.78",16/10/2025,Y,CC-220
E11223,Elena Ibrahim,Sales,"5,564.77",24/01/2026,Y,CC-310
E11224,Viktor Okafor,Legal,"8,715.32",20/09/2023,Y,CC-120
E11225,Priya Petrov,Engineering,"4,485.16",24/11/2022,Y,CC-220
E11226,Zofia Larsen,Operations,"10,783.95",03/05/2019,Y,CC-510
E11227,Zofia Costa,Operations,"8,012.97",18/10/2022,Y,CC-510
E11228,Lena Tanaka,Sales,"10,316.29",18/05/2025,Y,CC-310
E11229,Nadia Nair,Operations,"14,884.06",10/03/2021,Y,CC-510
E11230,Tomasz Nair,Marketing,"12,932.38",19/04/2021,Y,CC-410
E11231,Tomasz Petrov,Engineering,"3,911.17",23/02/2020,Y,CC-220
E11232,Sara Silva,Marketing,"3,565.18",13/10/2018,Y,CC-410
E11233,Nadia Silva,Sales EMEA,"13,892.96",25/02/2018,Y,CC-310
E11234,Fatima Mensah,People,"5,119.59",16/07/2019,N,CC-130
E11235,Zofia Haddad,Finance,"6,477.82",20/11/2024,Y,CC-110
E11236,Viktor Dubois,Marketing,"5,713.12",17/04/2026,Y,CC-410
E11237,Omar Moreau,Sales,"4,833.45",17/01/2025,Y,CC-310
E11238,Tomasz Ibrahim,Finance,"8,903.77",26/08/2018,Y,CC-110
E11239,Kofi Nakamura,Operations,"5,823.31",07/02/2024,Y,CC-510
E11240,Jonas Mensah,Operations,"9,016.35",17/08/2022,N,CC-510
E11241,Lena Costa,Engineering,"12,461.74",11/11/2020,Y,CC-220
E11242,Priya Ibrahim,Operations,"6,797.14",25/10/2025,Y,CC-510
E11243,Nadia Haddad,Operations,"3,928.25",02/09/2024,Y,CC-510
E11244,Sara Dubois,Sales,"11,204.49",22/03/2023,Y,CC-310
E11245,Aarav Petrov,Marketing,"2,456.22",27/06/2021,Y,CC-410
E11246,Jonas Costa,Sales,"2,171.31",21/05/2022,Y,CC-310
E11247,Chen Mensah,Legal,"10,276.56",24/01/2021,Y,CC-120
E11248,Hugo Haddad,Support,"5,245.46",02/04/2019,Y,CC-320
E11249,Ines Haddad,Finance & Control,"13,954.89",26/04/2019,Y,CC-110
E11250,Hugo Rossi,Engineering,"7,041.71",26/02/2020,Y,CC-220
E11251,Lena Petrov,Finance,"2,518.96",18/09/2018,Y,CC-110
E11252,Omar Tanaka,Support,"12,496.62",23/04/2026,Y,CC-320
E11253,Amara Ibrahim,Marketing,"4,185.85",18/03/2020,Y,CC-410
E11254,Kofi Okafor,People,"10,361.88",23/04/2018,Y,CC-130
E11255,Nadia Moreau,Sales,"10,502.49",21/10/2020,Y,CC-310
E11256,Amara Novak,People,"7,460.09",11/08/2025,Y,CC-130
E11257,Lena Novak,People,"5,162.85",17/04/2018,Y,CC-130
E11258,Elena Costa,People,"4,304.78",23/04/2026,Y,CC-130
E11259,Elena Nair,Sales EMEA,"7,342.04",10/06/2019,Y,CC-310
E11260,Fatima Rossi,Support,"14,109.50",09/03/2026,Y,CC-320
E11261,Lena Costa,Engineering,"5,978.16",02/08/2022,Y,CC-220
E11262,Chen Mensah,Legal,"11,425.28",03/09/2023,N,CC-120
E11263,Viktor Schmidt,Operations,"8,909.71",26/09/2019,Y,CC-510
E11264,Fatima Larsen,Sales EMEA,"14,379.08",14/07/2021,Y,CC-310
E11265,Priya Okafor,Finance & Control,"3,634.20",26/02/2018,Y,CC-110
E11266,Tomasz Petrov,Support,"2,540.89",04/10/2022,Y,CC-320
E11267,Amara Kowalski,People,"11,309.36",26/07/2021,N,CC-130
E11268,Hugo Kowalski,Engineering,"9,712.14",18/10/2018,N,CC-220
E11269,Jonas Sato,Operations,"14,123.83",09/02/2024,Y,CC-510
E11270,Priya Mensah,Legal,"2,865.53",13/05/2025,Y,CC-120
E11271,Elena Costa,Marketing,"12,572.15",24/03/2024,Y,CC-410
E11272,Ines Silva,Support,"2,351.98",07/12/2018,N,CC-320
E11273,Elena Nair,Eng,"3,427.82",12/06/2022,N,CC-220
E11274,Rafael Nair,Finance,"4,571.18",21/10/2019,Y,CC-110
E11275,Aarav Kowalski,Finance,"8,713.54",20/03/2023,N,CC-110
E11276,Viktor Larsen,Support,"5,396.68",27/03/2024,Y,CC-320
E11277,Rafael Schmidt,Support,"3,107.55",09/07/2025,Y,CC-320
E11278,Uma Dubois,People,"8,341.21",01/06/2025,Y,CC-130
E11279,Amara Costa,Operations,"5,509.71",24/04/2022,Y,CC-510
E11280,Priya Moreau,Sales,"8,900.09",19/06/2026,Y,CC-310
E11281,Priya Petrov,Finance,"9,191.71",05/06/2025,Y,CC-110
E11282,Hugo Costa,Sales EMEA,"13,100.43",12/02/2018,Y,CC-310
E11283,Viktor Novak,Support,"10,321.71",26/04/2022,Y,CC-320
E11284,Priya Petrov,Finance & Control,"11,143.14",14/08/2019,Y,CC-110
E11285,Mateo Haddad,Support,"12,343.72",16/04/2023,Y,CC-320
E11286,Jonas Nair,People,"3,589.40",21/07/2019,N,CC-130
E11287,Sara Kowalski,Engineering,"11,089.93",12/09/2024,Y,CC-220
E11288,Amara Nakamura,Support,"5,654.06",12/10/2020,Y,CC-320
E11289,Mateo Petrov,Operations,"2,358.73",08/05/2020,Y,CC-510
E11290,Ines Silva,Finance & Control,"11,912.51",14/02/2023,Y,CC-110
E11291,Jonas Nakamura,Sales EMEA,"3,356.04",05/08/2019,Y,CC-310
E11292,Fatima Ibrahim,Support,"11,077.55",07/01/2025,Y,CC-320
E11293,Tomasz Novak,Finance & Control,"6,187.56",22/10/2025,N,CC-110
E11294,Sara Schmidt,Sales EMEA,"10,077.17",06/01/2018,Y,CC-310
E11295,Kofi Novak,People,"14,710.78",26/11/2018,N,CC-130
E11296,Kofi Petrov,Engineering,"9,045.94",23/02/2023,N,CC-220
E11297,Amara Larsen,Support,"4,096.52",19/04/2026,N,CC-320
E11298,Elena Nair,Engineering,"5,549.47",09/08/2025,Y,CC-220
E11299,Uma Nakamura,Marketing,"7,940.07",14/10/2023,Y,CC-410
E11300,Omar Mensah,Support,"4,733.46",06/01/2023,Y,CC-320
E11301,Rafael Kowalski,Operations,"10,477.41",24/06/2020,Y,CC-510
E11302,Fatima Nakamura,Marketing,"10,504.22",22/08/2020,Y,CC-410
E11303,Lena Schmidt,Finance,"11,888.51",18/09/2026,Y,CC-110
E11304,Rafael Nair,Sales,"3,808.45",01/07/2019,Y,CC-310
E11305,Hugo Silva,People,"2,196.04",02/09/2022,Y,CC-130
E11306,Uma Moreau,Operations,"9,057.90",27/07/2019,Y,CC-510
E11307,Priya Schmidt,Sales,"12,700.19",11/11/2020,Y,CC-310
E11308,Omar Okafor,Support,"12,190.37",02/12/2024,Y,CC-320
E11309,Mateo Petrov,Legal,"5,999.30",23/12/2018,N,CC-120
E11310,Tomasz Dubois,Legal,"12,909.34",09/03/2023,Y,CC-120
E11311,Zofia Dubois,Sales,"6,551.86",08/07/2024,Y,CC-310
E11312,Aarav Tanaka,Legal,"10,318.47",27/07/2020,Y,CC-120
E11313,Rafael Petrov,Finance,"3,037.93",23/10/2021,Y,CC-110
E11314,Jonas Dubois,Sales,"5,623.21",19/03/2020,Y,CC-310
E11315,Fatima Tanaka,Eng,"7,505.03",23/09/2023,Y,CC-220
E11316,Nadia Nair,Support,"8,453.30",20/07/2022,Y,CC-320
E11317,Viktor Ibrahim,People,"14,887.56",04/08/2020,Y,CC-130
E11318,Mateo Okafor,Marketing,"5,620.16",20/11/2021,Y,CC-410
E11319,Viktor Okafor,Operations,"9,710.04",06/02/2022,N,CC-510
E11320,Jonas Costa,Sales,"8,605.49",27/06/2020,Y,CC-310
E11321,Aarav Nair,Engineering,"7,743.51",16/02/2026,Y,CC-220
E11322,Nadia Ibrahim,Engineering,"7,545.40",21/04/2024,N,CC-220
E11323,Fatima Nair,Marketing,"3,829.19",06/10/2025,Y,CC-410
E11324,Zofia Mensah,Finance,"3,529.98",10/02/2018,Y,CC-110
E11325,Aarav Mensah,Engineering,"14,958.84",20/06/2023,Y,CC-220
E11326,Omar Larsen,Support,"4,703.14",23/04/2023,Y,CC-320
E11327,Lena Rossi,People,"4,854.22",04/08/2025,Y,CC-130
E11328,Nadia Larsen,Sales,"13,942.82",24/12/2024,Y,CC-310
E11329,Aarav Petrov,Marketing,"6,708.33",01/03/2024,Y,CC-410
E11330,Rafael Mensah,Finance,"11,211.74",26/05/2018,Y,CC-110
E11331,Chen Rossi,People,"11,884.36",06/08/2023,Y,CC-130
E11332,Sara Dubois,People,"6,445.49",25/06/2025,Y,CC-130
E11333,Elena Costa,Operations,"13,171.27",20/01/2024,Y,CC-510
E11334,Tomasz Kowalski,Support,"14,949.85",24/05/2026,Y,CC-320
E11335,Priya Schmidt,Support,"13,116.16",05/08/2018,Y,CC-320
E11336,Sara Ibrahim,Operations,"12,363.79",26/10/2021,Y,CC-510
E11337,Jonas Haddad,Support,"12,045.44",13/11/2025,Y,CC-320
E11338,Zofia Novak,Operations,"12,890.03",28/05/2023,Y,CC-510
E11339,Jonas Nair,Marketing,"13,728.46",17/05/2019,Y,CC-410
E11340,Omar Dubois,Legal,"7,159.61",24/11/2021,N,CC-120
E11341,Priya Mensah,Operations,"13,975.32",05/06/2021,Y,CC-510
E11342,Chen Sato,Marketing,"14,155.60",05/03/2018,N,CC-410
E11343,Jonas Tanaka,Engineering,"13,081.91",21/08/2024,Y,CC-220
E11344,Nadia Tanaka,Sales,"2,766.58",02/01/2020,Y,CC-310
E11345,Nadia Novak,Legal,"4,668.55",19/10/2022,Y,CC-120
E11346,Uma Nakamura,Finance,"8,914.13",14/07/2026,Y,CC-110
E11347,Jonas Nakamura,Sales EMEA,"2,273.31",20/06/2024,Y,CC-310
E11348,Ines Mensah,Support,"5,374.17",02/08/2020,Y,CC-320
E11349,Mateo Moreau,Sales,"7,953.44",03/05/2022,Y,CC-310
E11350,Uma Rossi,Marketing,"2,711.94",19/06/2023,Y,CC-410
E11351,Amara Petrov,Operations,"2,990.66",05/03/2019,Y,CC-510
E11352,Priya Okafor,Engineering,"13,311.55",02/07/2020,N,CC-220
E11353,Mateo Moreau,People,"14,858.56",27/10/2025,Y,CC-130
E11354,Uma Larsen,Operations,"6,463.29",28/10/2024,Y,CC-510
E11355,Nadia Novak,People,"4,980.59",04/02/2021,Y,CC-130
E11356,Zofia Dubois,Support,"5,221.88",21/02/2021,Y,CC-320
E11357,Jonas Sato,Marketing,"14,073.76",28/08/2021,N,CC-410
E11358,Rafael Novak,People,"10,128.86",16/07/2022,Y,CC-130
E11359,Ines Mensah,People,"9,581.08",07/09/2024,Y,CC-130
E11360,Sara Tanaka,People,"5,369.06",20/07/2026,Y,CC-130
E11361,Nadia Kowalski,Engineering,"3,657.95",04/08/2021,N,CC-220
E11362,Priya Schmidt,Operations,"4,720.44",28/08/2025,Y,CC-510
E11363,Elena Tanaka,People,"8,627.24",18/12/2025,Y,CC-130
E11364,Ines Ibrahim,Sales EMEA,"3,308.35",04/04/2018,Y,CC-310
E11365,Ines Okafor,Engineering,"6,425.04",06/12/2019,Y,CC-220
E11366,Aarav Schmidt,Sales EMEA,"13,136.40",18/04/2024,Y,CC-310
E11367,Tomasz Nair,Marketing,"6,837.86",27/08/2023,Y,CC-410
E11368,Hugo Ibrahim,Sales,"3,629.54",17/07/2020,N,CC-310
E11369,Chen Kowalski,Sales,"10,488.98",25/10/2023,Y,CC-310
E11370,Uma Schmidt,Operations,"13,043.67",14/10/2020,Y,CC-510
E11371,Omar Okafor,Marketing,"3,426.48",09/03/2025,Y,CC-410
E11372,Lena Novak,Operations,"10,588.52",08/03/2020,Y,CC-510
E11373,Elena Larsen,Marketing,"5,882.66",05/09/2024,Y,CC-410
E11374,Zofia Okafor,Marketing,"3,113.15",26/05/2026,Y,CC-410
E11375,Nadia Nakamura,Eng,"14,768.87",18/05/2018,Y,CC-220
E11376,Uma Schmidt,People,"10,675.11",01/07/2019,Y,CC-130
E11377,Ines Schmidt,Legal,"3,132.13",18/03/2024,Y,CC-120
E11378,Priya Novak,Legal,"2,416.90",14/07/2023,N,CC-120
E11379,Zofia Petrov,Finance,"2,440.48",22/06/2026,Y,CC-110
E11380,Fatima Tanaka,Sales EMEA,"8,932.23",23/11/2018,Y,CC-310
E11381,Hugo Kowalski,Marketing,"13,691.34",20/06/2019,Y,CC-410
E11382,Tomasz Ibrahim,Finance & Control,"6,048.71",28/10/2025,Y,CC-110
E11383,Uma Sato,Finance,"13,981.30",02/04/2022,Y,CC-110
E11384,Nadia Haddad,Legal,"2,314.32",13/03/2019,Y,CC-120
E11385,Tomasz Sato,Engineering,"14,794.78",20/08/2019,N,CC-220
E11386,Elena Larsen,Support,"11,828.46",15/12/2018,Y,CC-320
E11387,Lena Dubois,Legal,"11,087.88",03/03/2020,Y,CC-120
E11388,Fatima Larsen,Engineering,"4,287.04",15/12/2024,N,CC-220
E11389,Uma Schmidt,Operations,"11,473.00",07/08/2026,Y,CC-510
E11390,Tomasz Novak,Support,"11,932.62",17/03/2019,Y,CC-320
E11391,Sara Costa,Support,"12,542.27",13/10/2020,N,CC-320
E11392,Sara Moreau,Legal,"14,840.01",04/10/2018,Y,CC-120
E11393,Lena Costa,People,"8,474.19",14/12/2025,Y,CC-130
E11394,Ines Petrov,Sales,"3,133.70",11/06/2024,Y,CC-310
E11395,Ines Petrov,Finance & Control,"9,719.57",23/09/2026,Y,CC-110
E11396,Amara Okafor,Marketing,"7,367.77",18/07/2020,Y,CC-410
E11397,Aarav Petrov,Eng,"6,818.66",24/02/2022,Y,CC-220
E11398,Elena Haddad,People,"12,350.17",09/12/2023,Y,CC-130
E11399,Aarav Larsen,People,"3,708.79",27/10/2023,N,CC-130
E11400,Priya Ibrahim,Legal,"13,238.37",25/06/2024,Y,CC-120
E11401,Zofia Okafor,Support,"11,562.84",05/12/2020,Y,CC-320
E11402,Mateo Kowalski,Operations,"5,476.36",11/12/2022,Y,CC-510
E11403,Hugo Novak,Legal,"8,832.14",05/03/2024,N,CC-120
E11404,Aarav Okafor,People,"7,319.90",26/05/2020,Y,CC-130
E11405,Mateo Nair,Sales,"9,258.69",12/08/2019,Y,CC-310
E11406,Nadia Dubois,Engineering,"14,529.38",07/07/2020,Y,CC-220
E11407,Kofi Petrov,Marketing,"3,421.34",20/07/2025,Y,CC-410
E11408,Omar Costa,People,"7,830.46",23/07/2018,Y,CC-130
E11409,Mateo Mensah,Support,"3,996.49",03/01/2019,Y,CC-320
E11410,Jonas Nakamura,Support,"9,968.23",02/01/2021,Y,CC-320
E11411,Kofi Ibrahim,Legal,"4,366.68",19/04/2022,Y,CC-120
E11412,Nadia Ibrahim,Support,"11,905.69",09/11/2022,Y,CC-320
E11413,Amara Haddad,Operations,"13,883.50",02/03/2026,Y,CC-510
E11414,Uma Okafor,Operations,"3,681.83",23/08/2024,N,CC-510
E11415,Jonas Schmidt,Support,"7,403.66",21/05/2019,Y,CC-320
E11416,Mateo Novak,Eng,"13,509.15",20/01/2023,Y,CC-220
E11417,Rafael Petrov,Support,"13,867.45",06/07/2023,Y,CC-320
E11418,Rafael Schmidt,Operations,"8,245.74",03/09/2025,Y,CC-510
E11419,Kofi Moreau,Legal,"11,288.97",14/07/2020,Y,CC-120
E11420,Hugo Tanaka,People,"8,424.23",15/06/2019,N,CC-130
E11421,Omar Ibrahim,Marketing,"13,462.41",26/01/2021,N,CC-410
E11422,Aarav Mensah,Legal,"9,299.68",15/09/2026,Y,CC-120
E11423,Elena Tanaka,Legal,"11,727.25",28/03/2020,Y,CC-120
E11424,Chen Nair,Legal,"3,514.41",08/08/2020,Y,CC-120
E11425,Sara Larsen,Engineering,"3,468.41",03/06/2018,Y,CC-220
E11426,Nadia Kowalski,People,"6,971.05",24/09/2022,Y,CC-130
E11427,Chen Novak,Operations,"4,962.93",10/05/2025,Y,CC-510
E11428,Elena Okafor,Sales,"10,945.63",04/12/2024,Y,CC-310
E11429,Amara Moreau,Operations,"6,585.87",18/05/2023,Y,CC-510
E11430,Jonas Ibrahim,Operations,"4,316.84",17/06/2023,Y,CC-510
E11431,Hugo Nakamura,People,"5,610.08",25/11/2023,Y,CC-130
E11432,Omar Petrov,Support,"9,219.54",27/10/2020,Y,CC-320
E11433,Omar Rossi,Sales EMEA,"3,208.30",21/10/2021,Y,CC-310
E11434,Priya Silva,Operations,"6,885.06",17/05/2018,Y,CC-510
E11435,Amara Costa,Operations,"14,407.30",14/12/2019,Y,CC-510
E11436,Tomasz Mensah,Finance,"6,879.13",07/10/2024,Y,CC-110
E11437,Fatima Nair,People,"7,285.20",09/07/2025,Y,CC-130
E11438,Zofia Costa,Legal,"2,179.13",05/05/2023,Y,CC-120
E11439,Rafael Mensah,Finance,"14,053.22",23/08/2025,Y,CC-110
E11440,Mateo Dubois,Finance,"9,505.58",08/08/2018,Y,CC-110
E11441,Jonas Nakamura,Engineering,"14,944.44",24/11/2022,Y,CC-220
E11442,Ines Nair,Marketing,"5,683.19",24/04/2022,Y,CC-410
E11443,Viktor Okafor,People,"10,261.90",20/01/2020,Y,CC-130
E11444,Uma Kowalski,Operations,"6,339.08",25/02/2019,Y,CC-510
E11445,Chen Ibrahim,Finance,"2,283.21",13/11/2020,Y,CC-110
E11446,Tomasz Ibrahim,Legal,"6,389.85",01/03/2025,Y,CC-120
E11447,Zofia Okafor,Marketing,"11,424.77",04/03/2020,Y,CC-410
E11448,Mateo Haddad,Legal,"4,295.19",04/12/2018,Y,CC-120
E11449,Elena Ibrahim,Eng,"11,324.64",05/08/2024,Y,CC-220
E11450,Jonas Rossi,Marketing,"3,739.01",19/06/2023,Y,CC-410
E11451,Elena Novak,Engineering,"3,872.85",02/08/2021,Y,CC-220
E11452,Kofi Sato,Legal,"14,112.11",27/03/2019,Y,CC-120
E11453,Lena Okafor,People,"11,176.26",22/04/2026,Y,CC-130
E11454,Rafael Larsen,Legal,"2,726.31",26/02/2026,N,CC-120
E11455,Priya Moreau,Sales,"10,456.35",06/09/2022,Y,CC-310
E11456,Kofi Nakamura,Support,"4,818.83",14/05/2024,Y,CC-320
E11457,Kofi Moreau,Legal,"6,746.82",08/05/2021,Y,CC-120
E11458,Hugo Ibrahim,Finance,"10,715.53",17/05/2023,Y,CC-110
E11459,Jonas Tanaka,Legal,"5,218.54",13/09/2026,Y,CC-120
E11460,Hugo Sato,People,"13,646.09",21/06/2023,N,CC-130
E11461,Jonas Rossi,Legal,"8,790.40",25/05/2024,N,CC-120
E11462,Elena Mensah,Finance & Control,"10,468.90",11/08/2022,Y,CC-110
E11463,Mateo Sato,Legal,"11,400.17",19/07/2023,Y,CC-120
E11464,Fatima Petrov,Operations,"7,838.94",23/04/2024,Y,CC-510
E11465,Sara Novak,Finance,"3,003.02",05/09/2025,Y,CC-110
E11466,Rafael Moreau,Legal,"14,556.26",28/01/2026,Y,CC-120
E11467,Tomasz Nakamura,Operations,"12,021.05",15/06/2024,Y,CC-510
E11468,Nadia Moreau,Operations,"11,672.25",16/01/2026,N,CC-510
E11469,Rafael Sato,Eng,"11,460.09",22/07/2021,N,CC-220
E11470,Kofi Mensah,Marketing,"9,790.83",25/04/2021,Y,CC-410
E11471,Tomasz Silva,Marketing,"6,092.11",18/04/2018,Y,CC-410
E11472,Priya Kowalski,Sales,"5,117.26",21/03/2026,Y,CC-310
E11473,Nadia Haddad,Sales,"7,626.44",08/05/2019,Y,CC-310
E11474,Jonas Rossi,Finance,"14,619.21",18/11/2021,Y,CC-110
E11475,Ines Silva,Support,"10,034.59",13/08/2026,Y,CC-320
E11476,Mateo Nakamura,Engineering,"14,040.20",17/04/2026,Y,CC-220
E11477,Jonas Haddad,People,"7,821.93",10/09/2021,Y,CC-130
E11478,Zofia Novak,Legal,"14,806.90",13/07/2018,Y,CC-120
E11479,Ines Rossi,Finance & Control,"3,457.59",11/08/2025,Y,CC-110
E11480,Nadia Costa,Support,"3,953.74",14/07/2022,Y,CC-320
E11481,Jonas Novak,Finance,"5,047.59",13/07/2022,Y,CC-110
E11482,Nadia Silva,Finance,"4,971.80",20/09/2026,Y,CC-110
E11483,Hugo Haddad,Sales,"11,915.79",14/03/2018,N,CC-310
E11484,Zofia Rossi,Operations,"11,083.56",12/04/2018,Y,CC-510
E11485,Kofi Nakamura,Sales,"3,686.69",14/06/2018,Y,CC-310
E11486,Fatima Larsen,Support,"5,306.80",28/01/2020,Y,CC-320
E11487,Hugo Sato,Legal,"7,562.40",14/01/2020,Y,CC-120
E11488,Ines Mensah,Marketing,"13,707.83",27/05/2020,Y,CC-410
E11489,Hugo Mensah,Marketing,"5,290.29",01/07/2020,Y,CC-410
E11490,Ines Nakamura,Marketing,"12,407.75",09/02/2026,Y,CC-410
E11491,Priya Rossi,People,"9,472.40",10/06/2025,Y,CC-130
E11492,Uma Costa,Marketing,"8,065.93",21/12/2019,Y,CC-410
E11493,Zofia Silva,People,"14,401.29",02/06/2019,Y,CC-130
E11494,Amara Schmidt,Legal,"7,464.45",05/09/2019,Y,CC-120
E11495,Lena Petrov,Legal,"3,631.08",28/10/2025,Y,CC-120
E11496,Uma Mensah,Legal,"12,170.88",20/05/2024,Y,CC-120
E11497,Tomasz Larsen,Operations,"11,016.42",19/10/2024,Y,CC-510
E11498,Jonas Moreau,Finance,"7,687.69",20/07/2026,Y,CC-110
E11499,Mateo Rossi,Operations,"8,833.60",25/10/2020,N,CC-510
E11500,Priya Rossi,Support,"9,777.40",22/01/2024,Y,CC-320
E11501,Amara Larsen,Operations,"10,430.62",19/04/2020,Y,CC-510
E11502,Viktor Larsen,Marketing,"14,011.37",16/05/2023,Y,CC-410
E11503,Ines Ibrahim,Finance,"6,834.25",04/01/2022,Y,CC-110
E11504,Uma Okafor,Finance & Control,"3,599.67",11/06/2026,Y,CC-110
E11505,Jonas Nakamura,People,"12,835.21",10/02/2026,N,CC-130
E11506,Aarav Okafor,People,"11,409.77",12/02/2025,Y,CC-130
E11507,Fatima Novak,Legal,"8,051.81",26/05/2019,Y,CC-120
E11508,Rafael Tanaka,Sales EMEA,"6,913.70",19/06/2024,N,CC-310
E11509,Chen Nakamura,Marketing,"6,255.60",18/03/2022,Y,CC-410
E11510,Aarav Tanaka,People,"8,833.36",22/05/2025,N,CC-130
E11511,Elena Petrov,Sales,"3,456.33",23/05/2022,Y,CC-310
E11512,Ines Larsen,Finance,"12,472.09",20/06/2024,Y,CC-110
E11513,Uma Nakamura,Finance,"4,617.45",11/03/2018,N,CC-110
E11514,Ines Dubois,People,"14,626.91",27/08/2026,Y,CC-130
E11515,Chen Sato,Support,"7,459.09",26/06/2025,Y,CC-320
E11516,Rafael Sato,Support,"14,862.79",11/06/2021,Y,CC-320
E11517,Elena Moreau,Support,"9,843.05",27/12/2024,Y,CC-320
E11518,Fatima Nakamura,Operations,"12,438.94",11/07/2026,Y,CC-510
E11519,Ines Costa,Engineering,"11,337.82",12/11/2024,Y,CC-220
E11520,Chen Sato,Finance,"4,333.53",10/02/2026,Y,CC-110
E11521,Uma Nakamura,People,"8,903.14",18/06/2019,Y,CC-130
E11522,Sara Moreau,Operations,"3,377.43",23/09/2018,Y,CC-510
E11523,Lena Okafor,Finance,"9,148.89",03/02/2019,Y,CC-110
E11524,Tomasz Ibrahim,Marketing,"10,152.34",14/04/2019,N,CC-410
E11525,Zofia Schmidt,Marketing,"3,931.87",13/11/2022,Y,CC-410
E11526,Amara Ibrahim,Engineering,"11,825.36",22/06/2021,N,CC-220
E11527,Lena Nakamura,Operations,"10,877.84",26/07/2018,Y,CC-510
E11528,Chen Silva,Support,"6,350.93",17/06/2025,Y,CC-320
E11529,Elena Silva,Marketing,"6,571.11",26/03/2020,Y,CC-410
E11530,Chen Haddad,Finance,"11,429.70",27/09/2024,Y,CC-110
E11531,Viktor Nair,Marketing,"5,838.37",14/09/2018,Y,CC-410
E11532,Sara Nakamura,Support,"6,384.88",21/12/2023,Y,CC-320
E11533,Chen Dubois,Operations,"8,339.07",16/09/2026,N,CC-510
E11534,Nadia Dubois,Support,"9,259.25",10/05/2021,Y,CC-320
E11535,Hugo Nakamura,Sales,"5,434.75",16/07/2024,Y,CC-310
E11536,Ines Silva,Finance,"2,640.54",16/02/2019,Y,CC-110
E11537,Aarav Kowalski,Finance,"3,916.07",26/07/2026,Y,CC-110
E11538,Viktor Ibrahim,Marketing,"6,491.87",17/12/2023,Y,CC-410
E11539,Chen Petrov,Marketing,"5,024.36",14/06/2024,Y,CC-410
E11540,Kofi Costa,Sales EMEA,"2,452.60",07/04/2024,Y,CC-310
E11541,Chen Costa,Marketing,"12,617.57",16/04/2026,Y,CC-410
E11542,Tomasz Costa,Marketing,"4,454.40",08/03/2018,Y,CC-410
E11543,Amara Haddad,Marketing,"5,159.81",23/09/2026,Y,CC-410
E11544,Chen Haddad,Operations,"10,708.62",10/06/2021,Y,CC-510
E11545,Elena Silva,Eng,"14,313.59",13/01/2020,N,CC-220
E11546,Omar Larsen,Legal,"14,591.01",17/06/2021,N,CC-120
E11547,Tomasz Nakamura,Engineering,"13,938.38",26/09/2025,Y,CC-220
E11548,Hugo Novak,Marketing,"12,109.39",03/06/2026,Y,CC-410
E11549,Mateo Moreau,Sales,"11,594.92",22/09/2022,Y,CC-310
E11550,Tomasz Rossi,Operations,"5,254.66",12/09/2025,Y,CC-510
E11551,Hugo Silva,Legal,"13,370.72",26/04/2022,Y,CC-120
E11552,Ines Novak,People,"13,155.36",04/09/2020,Y,CC-130
E11553,Viktor Nair,Support,"7,333.83",21/08/2021,Y,CC-320
E11554,Viktor Haddad,Operations,"4,988.08",02/05/2025,Y,CC-510
E11555,Tomasz Rossi,People,"11,023.09",26/07/2022,Y,CC-130
E11556,Rafael Schmidt,Engineering,"11,771.89",11/04/2018,Y,CC-220
E11557,Kofi Larsen,Marketing,"7,609.76",26/07/2024,Y,CC-410
E11558,Lena Mensah,People,"11,068.30",15/02/2026,Y,CC-130
E11559,Lena Moreau,Eng,"14,533.64",22/03/2022,Y,CC-220
E11560,Jonas Nair,Marketing,"7,005.06",09/07/2024,N,CC-410
E11561,Aarav Costa,Sales EMEA,"2,736.23",16/07/2023,N,CC-310
E11562,Elena Petrov,Legal,"9,738.44",08/05/2018,Y,CC-120
E11563,Rafael Larsen,Support,"13,775.43",20/09/2026,Y,CC-320
E11564,Priya Rossi,Engineering,"4,570.94",15/11/2019,Y,CC-220
E11565,Sara Silva,Legal,"9,811.74",13/11/2021,Y,CC-120
E11566,Ines Mensah,Sales,"6,155.55",04/08/2021,Y,CC-310
E11567,Omar Costa,Legal,"10,610.79",14/05/2025,Y,CC-120
E11568,Jonas Silva,Sales,"8,078.46",08/07/2025,Y,CC-310
E11569,Elena Haddad,Operations,"5,479.77",03/08/2019,Y,CC-510
E11570,Omar Kowalski,People,"4,867.18",20/06/2024,Y,CC-130
E11571,Priya Ibrahim,Operations,"7,591.93",22/10/2020,Y,CC-510
E11572,Nadia Ibrahim,People,"9,990.29",13/11/2023,Y,CC-130
E11573,Sara Costa,Marketing,"9,420.42",03/01/2019,Y,CC-410
E11574,Sara Dubois,Legal,"12,167.02",07/09/2026,Y,CC-120
E11575,Nadia Costa,People,"6,548.62",08/07/2026,Y,CC-130
E11576,Kofi Costa,Legal,"8,047.48",05/01/2023,Y,CC-120
E11577,Mateo Costa,Marketing,"6,561.59",11/05/2026,Y,CC-410
E11578,Uma Haddad,Legal,"11,196.99",02/11/2019,Y,CC-120
E11579,Tomasz Novak,People,"11,697.26",26/05/2019,Y,CC-130
E11580,Elena Costa,Engineering,"8,102.12",11/03/2021,Y,CC-220
E11581,Nadia Tanaka,Support,"6,051.97",10/05/2023,Y,CC-320
E11582,Zofia Haddad,People,"6,377.82",27/01/2026,Y,CC-130
E11583,Omar Rossi,Finance & Control,"12,879.77",12/01/2018,Y,CC-110
E11584,Chen Schmidt,People,"14,849.56",22/03/2018,Y,CC-130
E11585,Jonas Okafor,Support,"9,548.88",17/07/2025,Y,CC-320
E11586,Kofi Rossi,Marketing,"5,910.74",20/04/2022,N,CC-410
E11587,Lena Sato,Finance & Control,"10,637.77",28/07/2025,Y,CC-110
E11588,Amara Moreau,Sales EMEA,"5,807.93",06/03/2024,Y,CC-310
E11589,Viktor Tanaka,Marketing,"5,817.65",17/05/2019,Y,CC-410
E11590,Priya Schmidt,Finance,"12,451.04",28/10/2021,Y,CC-110
E11591,Ines Moreau,People,"2,216.13",21/05/2026,Y,CC-130
E11592,Elena Ibrahim,Legal,"6,658.69",10/10/2019,N,CC-120
E11593,Tomasz Costa,Operations,"3,759.51",15/01/2024,Y,CC-510
E11594,Lena Silva,People,"10,524.02",28/08/2019,Y,CC-130
E11595,Omar Okafor,Finance,"9,790.99",24/02/2021,Y,CC-110
E11596,Viktor Nakamura,Sales EMEA,"3,291.56",17/10/2024,N,CC-310
E11597,Viktor Rossi,Sales EMEA,"7,400.05",17/12/2023,Y,CC-310
E11598,Elena Schmidt,Marketing,"6,563.25",22/02/2018,N,CC-410
E11599,Chen Costa,Eng,"4,958.88",20/08/2022,Y,CC-220
E11600,Kofi Haddad,Legal,"11,840.57",02/11/2021,Y,CC-120
E11601,Jonas Silva,Marketing,"12,493.61",03/08/2020,Y,CC-410
E11602,Aarav Rossi,Sales,"6,525.55",21/06/2020,Y,CC-310
E11603,Priya Silva,Support,"5,037.68",14/03/2022,Y,CC-320
E11604,Zofia Silva,Support,"7,628.79",22/10/2024,Y,CC-320
E11605,Tomasz Moreau,Support,"3,238.26",09/05/2021,Y,CC-320
E11606,Aarav Schmidt,Finance,"3,922.78",07/12/2020,Y,CC-110
E11607,Hugo Nair,Operations,"6,804.28",23/10/2025,Y,CC-510
E11608,Fatima Moreau,Sales EMEA,"5,903.51",18/05/2019,Y,CC-310
E11609,Uma Mensah,People,"3,863.96",24/08/2026,Y,CC-130
E11610,Rafael Ibrahim,Marketing,"12,817.67",18/06/2019,Y,CC-410
E11611,Aarav Kowalski,Legal,"8,436.11",13/08/2021,Y,CC-120
E11612,Jonas Nakamura,Sales,"11,141.59",09/01/2020,N,CC-310
E11613,Zofia Rossi,Operations,"4,340.64",09/06/2018,Y,CC-510
E11614,Mateo Novak,Legal,"8,023.53",17/02/2025,Y,CC-120
E11615,Nadia Ibrahim,Marketing,"3,534.99",12/03/2026,Y,CC-410
E11616,Aarav Moreau,Legal,"12,935.51",19/02/2021,Y,CC-120
E11617,Chen Rossi,Finance,"6,111.84",14/02/2025,Y,CC-110
E11618,Elena Novak,Sales,"4,940.50",06/11/2022,Y,CC-310
E11619,Viktor Kowalski,Operations,"3,506.15",12/04/2025,Y,CC-510
E11620,Fatima Dubois,Operations,"4,503.72",16/02/2019,Y,CC-510
E11621,Amara Okafor,People,"14,305.70",09/02/2023,Y,CC-130
E11622,Ines Schmidt,People,"12,505.35",05/03/2024,Y,CC-130
E11623,Hugo Nair,Eng,"9,079.58",17/06/2026,Y,CC-220
E11624,Fatima Haddad,Finance,"10,091.78",01/11/2024,Y,CC-110
E11625,Amara Schmidt,Finance,"13,844.00",03/10/2022,Y,CC-110
E11626,Ines Ibrahim,Support,"12,943.40",25/01/2024,Y,CC-320
E11627,Ines Ibrahim,People,"5,224.99",04/04/2019,Y,CC-130
E11628,Priya Nakamura,Sales,"7,453.34",19/10/2021,Y,CC-310
E11629,Omar Ibrahim,Finance,"13,592.26",19/02/2024,N,CC-110
E11630,Aarav Silva,Sales,"9,510.79",17/07/2022,Y,CC-310
E11631,Zofia Haddad,Support,"11,837.57",15/10/2018,Y,CC-320
E11632,Omar Moreau,Operations,"14,593.72",08/08/2022,Y,CC-510
E11633,Uma Rossi,Marketing,"4,461.08",21/11/2024,N,CC-410
E11634,Amara Sato,Support,"11,921.64",11/12/2019,N,CC-320
E11635,Nadia Mensah,Finance & Control,"5,222.22",27/01/2023,N,CC-110
E11636,Ines Petrov,Operations,"3,758.12",19/07/2025,N,CC-510
E11637,Chen Silva,Marketing,"14,153.69",11/07/2021,Y,CC-410
E11638,Viktor Tanaka,Finance,"8,759.39",15/04/2018,Y,CC-110
E11639,Aarav Larsen,Sales,"3,072.54",21/01/2021,Y,CC-310
E11640,Amara Haddad,Sales EMEA,"11,742.54",09/05/2021,Y,CC-310
E11641,Nadia Haddad,People,"9,910.57",05/05/2022,N,CC-130
E11642,Zofia Haddad,Marketing,"3,253.82",09/09/2026,Y,CC-410
E11643,Uma Tanaka,Finance,"11,438.47",23/06/2018,Y,CC-110
E11644,Aarav Nakamura,Legal,"12,536.88",25/08/2022,Y,CC-120
E11645,Amara Okafor,Sales EMEA,"6,413.48",20/02/2025,N,CC-310
E11646,Ines Nakamura,People,"2,326.44",07/01/2018,Y,CC-130
E11647,Fatima Sato,People,"2,876.40",18/10/2020,N,CC-130
E11648,Sara Rossi,Operations,"13,556.04",03/06/2021,Y,CC-510
E11649,Aarav Rossi,Marketing,"12,081.36",20/05/2020,Y,CC-410
E11650,Hugo Novak,Engineering,"5,149.91",16/12/2020,Y,CC-220
E11651,Zofia Tanaka,Operations,"4,874.42",15/10/2023,Y,CC-510
E11652,Zofia Costa,Finance,"12,193.00",05/04/2018,Y,CC-110
E11653,Chen Mensah,Sales,"6,311.91",20/11/2019,Y,CC-310
E11654,Omar Mensah,Legal,"12,776.87",09/09/2019,Y,CC-120
E11655,Viktor Nair,Support,"8,226.31",09/04/2022,Y,CC-320
E11656,Aarav Dubois,Finance,"9,483.63",12/11/2021,N,CC-110
E11657,Aarav Okafor,Support,"6,956.90",12/01/2019,Y,CC-320
E11658,Chen Petrov,Finance & Control,"4,075.78",04/09/2021,N,CC-110
E11659,Hugo Silva,Operations,"5,568.58",16/01/2021,Y,CC-510
E11660,Elena Nakamura,Sales EMEA,"12,543.70",05/05/2025,Y,CC-310
E11661,Amara Mensah,Marketing,"5,886.21",16/06/2026,Y,CC-410
E11662,Zofia Sato,Support,"13,462.15",12/06/2026,Y,CC-320
E11663,Jonas Schmidt,Legal,"9,273.13",26/03/2025,Y,CC-120
E11664,Jonas Schmidt,Legal,"8,851.17",05/03/2026,Y,CC-120
E11665,Priya Moreau,Legal,"12,676.37",10/08/2018,Y,CC-120
E11666,Ines Larsen,Support,"10,172.40",10/05/2022,Y,CC-320
E11667,Aarav Haddad,Support,"8,587.76",27/02/2020,Y,CC-320
E11668,Amara Rossi,Finance & Control,"5,531.31",06/08/2020,Y,CC-110
E11669,Aarav Tanaka,Operations,"5,343.45",04/04/2022,Y,CC-510
E11670,Aarav Rossi,People,"4,492.29",12/02/2019,N,CC-130
E11671,Ines Tanaka,Marketing,"3,908.99",18/04/2021,Y,CC-410
E11672,Jonas Ibrahim,Sales,"4,477.74",13/12/2022,N,CC-310
E11673,Uma Schmidt,Finance,"10,287.55",23/03/2023,Y,CC-110
E11674,Elena Novak,Eng,"13,877.30",18/09/2026,N,CC-220
E11675,Hugo Costa,Legal,"7,833.52",01/05/2024,Y,CC-120
E11676,Aarav Silva,People,"6,045.82",13/05/2018,Y,CC-130
E11677,Chen Rossi,Finance & Control,"13,123.64",14/07/2024,N,CC-110
E11678,Kofi Rossi,Engineering,"11,265.32",08/07/2026,Y,CC-220
E11679,Lena Dubois,Operations,"12,848.89",03/06/2018,Y,CC-510
E11680,Fatima Haddad,Support,"4,355.54",10/04/2024,Y,CC-320
E11681,Rafael Okafor,Operations,"6,234.45",04/07/2026,Y,CC-510
E11682,Rafael Dubois,People,"9,911.40",02/11/2025,Y,CC-130
E11683,Lena Rossi,People,"11,887.94",18/06/2023,Y,CC-130
E11684,Uma Haddad,Finance & Control,"13,724.75",03/10/2020,Y,CC-110
E11685,Nadia Tanaka,People,"7,973.09",25/07/2023,Y,CC-130
E11686,Aarav Moreau,Finance & Control,"9,410.91",04/03/2020,Y,CC-110
E11687,Uma Petrov,Finance,"14,393.11",23/03/2018,Y,CC-110
E11688,Fatima Moreau,Marketing,"4,767.06",13/02/2018,Y,CC-410
E11689,Uma Novak,Support,"14,520.94",23/04/2021,Y,CC-320
E11690,Uma Rossi,Support,"5,223.49",14/04/2021,Y,CC-320
E11691,Fatima Silva,People,"5,566.91",14/11/2025,Y,CC-130
E11692,Mateo Kowalski,People,"2,212.22",22/01/2023,Y,CC-130
E11693,Ines Mensah,Legal,"9,118.14",19/08/2022,Y,CC-120
E11694,Hugo Haddad,Sales EMEA,"8,851.55",14/06/2018,Y,CC-310
E11695,Hugo Novak,Engineering,"8,698.67",23/10/2019,Y,CC-220
E11696,Mateo Novak,Marketing,"2,695.41",23/08/2022,Y,CC-410
E11697,Chen Novak,Sales,"9,829.77",09/05/2022,Y,CC-310
E11698,Jonas Haddad,Support,"4,339.00",26/08/2018,Y,CC-320
E11699,Priya Kowalski,Legal,"13,222.75",21/05/2025,Y,CC-120
E11700,Amara Costa,Finance & Control,"4,807.68",18/12/2021,Y,CC-110
E11701,Omar Tanaka,Sales,"9,830.78",08/04/2020,N,CC-310
E11702,Rafael Haddad,People,"13,669.20",12/08/2023,Y,CC-130
E11703,Hugo Ibrahim,Support,"11,473.66",07/09/2026,N,CC-320
E11704,Lena Ibrahim,Legal,"11,026.35",15/06/2023,Y,CC-120
E11705,Nadia Sato,Support,"7,126.05",13/05/2024,Y,CC-320
E11706,Uma Nair,Marketing,"3,541.60",05/12/2022,Y,CC-410
E11707,Jonas Kowalski,Legal,"9,661.71",20/06/2022,Y,CC-120
E11708,Nadia Mensah,Support,"11,509.38",22/05/2025,Y,CC-320
E11709,Jonas Mensah,Marketing,"14,831.37",01/09/2026,N,CC-410
E11710,Lena Schmidt,Sales,"4,577.78",13/05/2020,N,CC-310
E11711,Viktor Rossi,Legal,"12,926.33",09/10/2025,Y,CC-120
E11712,Kofi Costa,Operations,"14,268.84",04/03/2026,Y,CC-510
E11713,Lena Silva,Finance,"11,152.49",24/05/2018,Y,CC-110
E11714,Viktor Tanaka,Marketing,"13,658.55",13/07/2020,N,CC-410
E11715,Omar Sato,Sales EMEA,"12,177.46",26/12/2025,Y,CC-310
E11716,Elena Sato,Operations,"4,917.44",10/04/2019,Y,CC-510
E11717,Hugo Schmidt,Operations,"4,692.33",03/12/2022,Y,CC-510
E11718,Mateo Petrov,Support,"14,231.60",15/02/2022,N,CC-320
E11719,Nadia Haddad,Operations,"5,823.15",03/10/2025,Y,CC-510
E11720,Rafael Novak,Sales,"4,390.83",27/02/2026,Y,CC-310
E11721,Jonas Sato,Finance,"6,128.25",26/09/2019,Y,CC-110
E11722,Fatima Dubois,Engineering,"9,224.42",20/02/2021,Y,CC-220
E11723,Priya Moreau,Sales EMEA,"6,474.71",06/12/2020,Y,CC-310
E11724,Viktor Nair,Marketing,"6,701.63",03/05/2026,Y,CC-410
E11725,Mateo Ibrahim,Support,"11,921.82",11/03/2020,N,CC-320
E11726,Elena Larsen,Support,"2,608.88",12/12/2019,N,CC-320
E11727,Ines Schmidt,Support,"6,242.20",01/09/2020,N,CC-320
E11728,Priya Novak,Support,"6,141.03",04/10/2018,Y,CC-320
E11729,Uma Novak,Operations,"4,617.20",17/06/2025,N,CC-510
E11730,Elena Schmidt,Sales,"3,580.12",08/09/2020,Y,CC-310
E11731,Ines Nakamura,Sales,"9,572.40",14/08/2024,N,CC-310
E11732,Aarav Costa,Marketing,"11,622.10",10/04/2022,Y,CC-410
E11733,Aarav Nakamura,Support,"11,235.61",18/08/2019,N,CC-320
E11734,Uma Haddad,People,"7,290.29",14/07/2024,N,CC-130
E11735,Rafael Larsen,Support,"10,060.37",05/05/2024,Y,CC-320
E11736,Rafael Ibrahim,Finance & Control,"4,861.57",06/09/2018,Y,CC-110
E11737,Lena Okafor,Finance & Control,"12,726.17",03/11/2025,Y,CC-110
E11738,Zofia Rossi,Support,"4,642.79",09/03/2019,Y,CC-320
E11739,Nadia Costa,Support,"10,651.65",08/08/2018,Y,CC-320
E11740,Sara Okafor,Support,"6,735.38",18/05/2025,N,CC-320
E11741,Sara Okafor,Finance,"10,281.79",03/03/2026,N,CC-110
E11742,Priya Schmidt,Marketing,"5,641.49",15/08/2021,Y,CC-410
E11743,Viktor Mensah,Finance,"10,022.43",07/10/2024,Y,CC-110
E11744,Mateo Ibrahim,Support,"10,455.34",20/04/2018,Y,CC-320
E11745,Priya Petrov,Operations,"10,923.19",06/06/2025,Y,CC-510
E11746,Omar Moreau,Engineering,"5,334.27",21/11/2022,Y,CC-220
E11747,Nadia Schmidt,Finance,"14,977.74",04/08/2023,Y,CC-110
E11748,Fatima Tanaka,Legal,"10,080.37",09/09/2020,Y,CC-120
E11749,Mateo Okafor,Eng,"4,732.25",16/06/2024,Y,CC-220
E11750,Chen Novak,Operations,"5,405.85",11/03/2023,Y,CC-510
E11751,Omar Ibrahim,Support,"14,278.87",22/07/2023,Y,CC-320
E11752,Amara Costa,Operations,"13,577.21",02/08/2021,Y,CC-510
E11753,Rafael Costa,Support,"12,926.30",28/10/2021,Y,CC-320
E11754,Uma Nakamura,Marketing,"12,069.70",09/06/2020,Y,CC-410
E11755,Rafael Haddad,Marketing,"4,205.57",17/01/2019,Y,CC-410
E11756,Hugo Rossi,People,"3,070.09",24/05/2026,Y,CC-130
E11757,Omar Schmidt,Support,"3,895.55",24/01/2020,Y,CC-320
E11758,Uma Larsen,Finance,"14,906.86",23/08/2021,Y,CC-110
E11759,Sara Larsen,Engineering,"10,473.87",17/04/2019,Y,CC-220
E11760,Priya Silva,Operations,"4,355.41",21/09/2023,Y,CC-510
E11761,Jonas Moreau,People,"8,300.13",01/07/2026,N,CC-130
E11762,Ines Tanaka,People,"8,838.37",04/11/2018,Y,CC-130
E11763,Mateo Costa,Engineering,"9,802.50",05/08/2024,Y,CC-220
E11764,Elena Novak,Operations,"3,812.69",14/03/2024,N,CC-510
E11765,Uma Costa,Finance,"6,575.39",21/05/2022,Y,CC-110
E11766,Uma Silva,Marketing,"11,520.79",18/12/2021,Y,CC-410
E11767,Rafael Petrov,Marketing,"4,609.82",19/04/2026,Y,CC-410
E11768,Zofia Schmidt,Finance,"6,222.65",04/10/2022,Y,CC-110
E11769,Lena Petrov,Engineering,"10,781.98",15/09/2020,Y,CC-220
E11770,Aarav Sato,Support,"2,654.29",16/05/2022,N,CC-320
E11771,Zofia Kowalski,Support,"13,697.21",01/04/2026,Y,CC-320
E11772,Nadia Dubois,Marketing,"8,077.53",20/07/2026,Y,CC-410
E11773,Jonas Novak,People,"8,955.66",03/09/2026,Y,CC-130
E11774,Aarav Rossi,Sales,"3,105.46",02/11/2023,Y,CC-310
E11775,Nadia Kowalski,Finance & Control,"2,624.18",05/05/2021,Y,CC-110
E11776,Rafael Petrov,Finance,"12,536.62",01/08/2023,Y,CC-110
E11777,Chen Okafor,Legal,"3,785.40",16/09/2024,Y,CC-120
E11778,Zofia Ibrahim,Operations,"10,322.49",23/09/2021,Y,CC-510
E11779,Chen Okafor,Finance & Control,"11,844.07",03/09/2020,Y,CC-110
E11780,Fatima Costa,Support,"11,951.20",17/04/2026,N,CC-320
E11781,Aarav Nakamura,Operations,"3,336.90",26/05/2026,Y,CC-510
E11782,Viktor Nair,People,"13,523.84",26/09/2024,Y,CC-130
E11783,Sara Nair,People,"5,694.97",10/04/2023,Y,CC-130
E11784,Elena Silva,People,"11,620.94",11/09/2022,Y,CC-130
E11785,Priya Mensah,Eng,"12,865.12",14/03/2026,Y,CC-220
E11786,Viktor Nakamura,Engineering,"10,062.22",17/08/2021,Y,CC-220
E11787,Nadia Haddad,Legal,"13,386.86",05/02/2025,Y,CC-120
E11788,Rafael Costa,Marketing,"5,879.27",21/10/2025,Y,CC-410
E11789,Nadia Sato,Operations,"10,323.84",22/02/2021,Y,CC-510
E11790,Nadia Moreau,Engineering,"10,227.23",22/11/2018,Y,CC-220
E11791,Tomasz Rossi,Marketing,"8,431.60",15/01/2023,Y,CC-410
E11792,Tomasz Schmidt,Engineering,"7,447.89",11/09/2022,Y,CC-220
E11793,Tomasz Rossi,Marketing,"8,438.66",28/08/2021,Y,CC-410
E11794,Fatima Nakamura,Sales EMEA,"11,578.14",12/12/2022,Y,CC-310
E11795,Lena Schmidt,Operations,"13,301.21",18/01/2026,Y,CC-510
E11796,Priya Ibrahim,Finance,"12,138.44",24/08/2022,Y,CC-110
E11797,Mateo Rossi,Sales,"6,772.09",09/04/2021,Y,CC-310
E11798,Lena Okafor,Operations,"12,794.79",23/01/2019,Y,CC-510
E11799,Hugo Petrov,Support,"8,285.29",02/09/2026,Y,CC-320
E11800,Elena Haddad,Sales,"14,302.98",19/05/2021,Y,CC-310
E11801,Nadia Costa,Eng,"3,098.47",03/09/2023,Y,CC-220
E11802,Hugo Moreau,Sales,"13,367.29",15/08/2023,N,CC-310
E11803,Priya Ibrahim,Support,"9,712.87",10/08/2024,Y,CC-320
E11804,Aarav Kowalski,Support,"7,093.37",24/11/2022,Y,CC-320
E11805,Mateo Haddad,Sales,"2,341.54",27/04/2021,Y,CC-310
E11806,Zofia Schmidt,Support,"12,937.56",28/03/2019,Y,CC-320
E11807,Tomasz Okafor,Operations,"3,735.16",13/06/2020,Y,CC-510
E11808,Uma Mensah,Sales,"13,839.21",24/04/2019,Y,CC-310
E11809,Uma Dubois,Engineering,"9,176.78",14/06/2026,N,CC-220
E11810,Lena Nakamura,Eng,"6,851.02",25/12/2022,Y,CC-220
E11811,Uma Costa,Marketing,"8,705.32",16/12/2019,Y,CC-410
E11812,Uma Sato,Operations,"7,821.10",17/07/2023,Y,CC-510
E11813,Fatima Sato,Operations,"4,904.95",24/01/2018,Y,CC-510
E11814,Fatima Silva,Support,"11,001.00",11/01/2020,Y,CC-320
E11815,Elena Tanaka,Finance & Control,"14,230.75",27/03/2023,N,CC-110
E11816,Sara Okafor,Legal,"8,506.84",11/08/2022,N,CC-120
E11817,Amara Moreau,Support,"14,094.13",24/01/2019,Y,CC-320
E11818,Rafael Okafor,Legal,"10,222.03",19/04/2021,Y,CC-120
E11819,Mateo Petrov,Legal,"14,893.27",06/09/2019,Y,CC-120
E11820,Ines Schmidt,Operations,"2,454.57",28/07/2019,Y,CC-510
E11821,Tomasz Moreau,Legal,"4,104.28",23/04/2024,Y,CC-120
E11822,Rafael Moreau,Finance & Control,"4,409.79",02/07/2020,Y,CC-110
E11823,Priya Silva,Engineering,"11,623.62",18/08/2020,Y,CC-220
E11824,Hugo Rossi,Sales,"7,567.19",15/08/2018,Y,CC-310
E11825,Nadia Sato,Support,"8,534.68",27/01/2025,Y,CC-320
E11826,Amara Costa,People,"11,309.39",11/05/2025,N,CC-130
E11827,Mateo Haddad,Engineering,"11,412.64",06/06/2026,Y,CC-220
E11828,Elena Sato,Eng,"3,291.72",12/12/2021,Y,CC-220
E11829,Omar Larsen,Support,"14,185.76",05/12/2023,Y,CC-320
E11830,Kofi Rossi,Operations,"11,317.66",12/08/2020,Y,CC-510
E11831,Hugo Rossi,Operations,"12,605.34",25/09/2026,N,CC-510
E11832,Omar Moreau,Finance,"7,618.17",08/12/2021,Y,CC-110
E11833,Sara Costa,Support,"6,299.51",23/05/2020,Y,CC-320
E11834,Tomasz Tanaka,Marketing,"10,458.49",28/01/2023,Y,CC-410
E11835,Uma Nakamura,Support,"8,147.02",27/01/2019,Y,CC-320
E11836,Omar Nair,Support,"6,372.46",09/11/2022,Y,CC-320
E11837,Ines Schmidt,Engineering,"6,511.43",07/11/2018,N,CC-220
E11838,Fatima Sato,Operations,"14,254.72",12/09/2020,Y,CC-510
E11839,Uma Nakamura,Support,"13,980.97",20/02/2021,Y,CC-320
E11840,Lena Rossi,Marketing,"12,653.73",22/09/2020,Y,CC-410
E11841,Omar Dubois,Marketing,"2,820.62",22/03/2021,Y,CC-410
E11842,Viktor Costa,Marketing,"11,274.77",02/07/2018,Y,CC-410
E11843,Priya Nair,Marketing,"4,226.30",09/05/2026,Y,CC-410
E11844,Lena Larsen,People,"11,988.20",19/12/2025,N,CC-130
E11845,Ines Dubois,Engineering,"12,707.58",19/09/2020,Y,CC-220
E11846,Kofi Nakamura,People,"9,620.97",02/05/2019,Y,CC-130
E11847,Ines Silva,Engineering,"6,801.77",15/02/2019,N,CC-220
E11848,Viktor Dubois,Engineering,"11,659.79",04/04/2020,Y,CC-220
E11849,Zofia Mensah,People,"11,954.44",11/01/2026,Y,CC-130
E11850,Jonas Moreau,Eng,"12,078.57",13/02/2018,Y,CC-220
E11851,Tomasz Larsen,Sales EMEA,"11,483.78",02/06/2024,N,CC-310
E11852,Zofia Novak,Support,"13,860.38",08/03/2021,Y,CC-320
E11853,Fatima Moreau,Engineering,"11,490.56",04/01/2019,Y,CC-220
E11854,Aarav Nair,Finance & Control,"2,316.38",05/11/2018,Y,CC-110
E11855,Mateo Novak,Sales,"12,742.16",04/01/2024,Y,CC-310
E11856,Amara Rossi,Support,"11,315.47",18/03/2023,Y,CC-320
E11857,Aarav Sato,Engineering,"12,178.30",24/03/2025,Y,CC-220
E11858,Chen Mensah,Operations,"13,927.85",25/07/2024,Y,CC-510
E11859,Viktor Dubois,Legal,"4,299.01",23/07/2018,N,CC-120
E11860,Fatima Rossi,Finance,"10,916.84",02/08/2025,Y,CC-110
E11861,Viktor Mensah,Engineering,"10,794.96",26/05/2019,Y,CC-220
E11862,Hugo Nakamura,Support,"13,565.07",19/04/2026,N,CC-320
E11863,Viktor Schmidt,Legal,"2,271.15",19/03/2021,Y,CC-120
E11864,Ines Novak,Finance,"9,655.13",13/09/2025,N,CC-110
E11865,Nadia Okafor,Support,"8,444.34",02/08/2026,Y,CC-320
E11866,Omar Ibrahim,Sales,"14,027.07",06/04/2025,Y,CC-310
E11867,Nadia Petrov,Engineering,"13,615.82",20/02/2022,Y,CC-220
E11868,Rafael Rossi,Support,"7,507.37",21/01/2024,Y,CC-320
E11869,Zofia Ibrahim,Operations,"10,520.14",14/04/2020,Y,CC-510
E11870,Priya Petrov,Legal,"9,529.66",11/01/2020,Y,CC-120
E11871,Sara Nakamura,Marketing,"13,065.01",08/08/2021,Y,CC-410
E11872,Nadia Larsen,Legal,"8,388.90",28/05/2020,Y,CC-120
E11873,Jonas Okafor,People,"13,095.09",15/07/2020,Y,CC-130
E11874,Omar Novak,Marketing,"3,025.25",27/11/2025,N,CC-410
E11875,Nadia Okafor,Finance,"10,731.01",04/09/2024,Y,CC-110
E11876,Sara Nakamura,Marketing,"10,417.53",07/08/2018,Y,CC-410
E11877,Elena Silva,Finance,"5,568.12",16/07/2026,Y,CC-110
E11878,Ines Larsen,Marketing,"10,110.20",25/03/2025,Y,CC-410
E11879,Ines Sato,Marketing,"9,925.69",18/08/2022,N,CC-410
E11880,Lena Silva,Finance & Control,"10,903.59",22/07/2023,N,CC-110
E11881,Viktor Nair,Support,"12,194.90",01/05/2022,N,CC-320
E11882,Uma Nair,People,"6,826.66",07/10/2025,Y,CC-130
E11883,Zofia Ibrahim,Marketing,"12,947.20",05/04/2024,Y,CC-410
E11884,Lena Haddad,Sales,"4,689.67",06/08/2018,Y,CC-310
E11885,Fatima Schmidt,Legal,"4,033.78",18/10/2025,Y,CC-120
E11886,Jonas Schmidt,People,"8,671.71",06/11/2020,Y,CC-130
E11887,Chen Petrov,Finance,"10,755.26",08/02/2021,Y,CC-110
E11888,Ines Larsen,Engineering,"12,345.41",22/08/2020,Y,CC-220
E11889,Lena Okafor,Marketing,"10,294.47",07/04/2024,N,CC-410
E11890,Priya Costa,Finance & Control,"5,628.39",05/12/2019,Y,CC-110
E11891,Aarav Nair,Support,"10,427.37",16/12/2025,Y,CC-320
E11892,Fatima Nair,Marketing,"2,991.48",07/11/2018,Y,CC-410
E11893,Nadia Petrov,Operations,"10,216.33",13/05/2024,Y,CC-510
E11894,Ines Nair,People,"11,532.99",12/02/2026,Y,CC-130
E11895,Amara Nair,Legal,"11,009.50",13/05/2020,N,CC-120
E11896,Zofia Ibrahim,People,"10,890.59",11/11/2024,N,CC-130
E11897,Amara Haddad,Support,"7,676.14",03/08/2026,N,CC-320
E11898,Lena Kowalski,Engineering,"14,050.55",07/06/2024,N,CC-220
E11899,Jonas Petrov,Support,"5,136.89",13/04/2020,Y,CC-320
E11900,Amara Petrov,Operations,"10,336.77",09/07/2026,Y,CC-510
E11901,Sara Mensah,Operations,"12,369.06",14/05/2020,N,CC-510
E11902,Amara Costa,Support,"14,267.39",02/08/2019,Y,CC-320
E11903,Mateo Okafor,Marketing,"14,264.59",13/03/2020,Y,CC-410
E11904,Aarav Sato,Operations,"2,537.84",05/01/2026,Y,CC-510
E11905,Viktor Ibrahim,Support,"5,894.67",11/03/2019,Y,CC-320
E11906,Rafael Mensah,Finance & Control,"6,571.43",28/01/2020,Y,CC-110
E11907,Uma Kowalski,Sales,"8,254.43",21/10/2019,Y,CC-310
E11908,Amara Mensah,Legal,"11,638.83",20/05/2023,Y,CC-120
E11909,Omar Tanaka,Support,"9,657.95",01/01/2018,Y,CC-320
E11910,Hugo Kowalski,Engineering,"2,567.85",11/07/2026,Y,CC-220
E11911,Aarav Schmidt,People,"14,314.29",22/04/2021,Y,CC-130
E11912,Priya Tanaka,Operations,"6,944.56",26/05/2020,Y,CC-510
E11913,Zofia Larsen,Support,"14,873.26",16/09/2022,Y,CC-320
E11914,Tomasz Haddad,Operations,"12,775.02",17/11/2024,Y,CC-510
E11915,Ines Dubois,Finance,"13,466.39",01/12/2020,Y,CC-110
E11916,Nadia Moreau,Engineering,"7,243.52",01/06/2026,N,CC-220
E11917,Hugo Novak,Marketing,"14,206.34",16/04/2025,Y,CC-410
E11918,Mateo Ibrahim,Finance,"7,638.31",09/05/2019,Y,CC-110
E11919,Ines Dubois,Sales,"5,697.12",11/11/2022,Y,CC-310
E11920,Mateo Petrov,Finance,"3,526.42",28/09/2021,Y,CC-110
E11921,Lena Silva,Finance,"11,194.94",27/07/2021,Y,CC-110
E11922,Jonas Costa,Operations,"13,703.31",21/05/2020,Y,CC-510
E11923,Nadia Silva,People,"13,065.33",12/04/2023,Y,CC-130
E11924,Jonas Sato,Support,"10,754.92",27/02/2018,Y,CC-320
E11925,Lena Silva,Support,"14,737.07",15/02/2023,Y,CC-320
E11926,Rafael Dubois,Legal,"11,280.65",16/09/2022,Y,CC-120
E11927,Fatima Rossi,Support,"14,882.04",06/05/2022,Y,CC-320
E11928,Hugo Kowalski,Operations,"13,873.80",03/11/2018,Y,CC-510
E11929,Hugo Larsen,Legal,"4,152.08",19/12/2020,Y,CC-120
E11930,Mateo Petrov,Legal,"11,796.36",23/04/2022,Y,CC-120
E11931,Mateo Okafor,Operations,"3,687.96",07/03/2025,Y,CC-510
E11932,Jonas Costa,Engineering,"3,428.52",06/02/2026,Y,CC-220
E11933,Nadia Larsen,Support,"13,314.99",01/03/2025,Y,CC-320
E11934,Ines Moreau,Legal,"14,496.36",13/05/2025,Y,CC-120
E11935,Lena Larsen,Finance,"11,987.65",11/01/2020,Y,CC-110
E11936,Fatima Ibrahim,Eng,"6,160.07",23/01/2019,Y,CC-220
E11937,Kofi Kowalski,Marketing,"13,817.16",20/05/2022,Y,CC-410
E11938,Viktor Nakamura,Finance,"7,806.19",20/07/2025,N,CC-110
E11939,Zofia Rossi,People,"9,860.99",07/06/2022,Y,CC-130
E11940,Hugo Larsen,Finance,"6,862.63",07/04/2025,Y,CC-110
E11941,Viktor Okafor,Support,"11,725.06",01/12/2022,Y,CC-320
E11942,Mateo Rossi,Operations,"7,755.21",18/09/2018,N,CC-510
E11943,Zofia Costa,Sales,"14,036.61",17/07/2021,Y,CC-310
E11944,Chen Haddad,Legal,"6,867.68",09/02/2018,Y,CC-120
E11945,Rafael Mensah,Marketing,"6,612.09",21/02/2018,Y,CC-410
E11946,Nadia Petrov,Operations,"3,943.43",17/08/2020,N,CC-510
E11947,Fatima Larsen,Operations,"13,090.45",14/01/2024,Y,CC-510
E11948,Jonas Rossi,Operations,"8,917.46",06/01/2021,Y,CC-510
E11949,Chen Rossi,Marketing,"12,698.48",22/01/2018,Y,CC-410
E11950,Chen Larsen,Support,"12,549.06",26/11/2020,Y,CC-320
E11951,Jonas Costa,Support,"6,728.94",22/01/2025,Y,CC-320
E11952,Chen Kowalski,Eng,"12,267.60",22/09/2025,Y,CC-220
E11953,Viktor Mensah,People,"9,071.06",16/06/2021,Y,CC-130
E11954,Lena Costa,Sales,"13,825.50",19/06/2026,Y,CC-310
E11955,Chen Petrov,Engineering,"14,139.13",21/03/2020,Y,CC-220
E11956,Nadia Kowalski,Finance,"3,801.87",15/06/2025,N,CC-110
E11957,Omar Novak,Marketing,"5,171.21",21/03/2022,Y,CC-410
E11958,Fatima Kowalski,Legal,"10,055.39",25/07/2025,Y,CC-120
E11959,Omar Kowalski,Engineering,"12,936.31",02/12/2025,N,CC-220
E11960,Sara Costa,Support,"9,767.52",09/08/2020,Y,CC-320
E11961,Lena Costa,Engineering,"9,705.65",25/08/2024,Y,CC-220
E11962,Amara Mensah,Operations,"12,417.24",07/01/2018,Y,CC-510
E11963,Jonas Costa,Finance,"6,344.36",14/11/2023,Y,CC-110
E11964,Kofi Kowalski,Eng,"13,517.02",03/07/2021,Y,CC-220
E11965,Priya Costa,Support,"11,679.68",14/04/2022,Y,CC-320
E11966,Kofi Sato,Marketing,"6,445.45",24/05/2026,Y,CC-410
E11967,Amara Costa,Marketing,"7,173.55",14/07/2022,Y,CC-410
E11968,Chen Mensah,Eng,"2,620.15",01/06/2024,Y,CC-220
E11969,Jonas Mensah,Legal,"3,173.44",12/10/2018,Y,CC-120
E11970,Aarav Tanaka,People,"4,857.15",13/08/2026,Y,CC-130
E11971,Viktor Nakamura,Support,"8,669.38",03/07/2024,Y,CC-320
E11972,Mateo Haddad,Engineering,"5,927.29",26/07/2022,Y,CC-220
E11973,Nadia Tanaka,Marketing,"4,733.66",02/02/2024,N,CC-410
E11974,Kofi Mensah,Sales EMEA,"8,136.16",27/07/2025,Y,CC-310
E11975,Tomasz Dubois,Operations,"14,594.15",15/10/2021,Y,CC-510
E11976,Fatima Larsen,Legal,"13,921.68",17/08/2018,Y,CC-120
E11977,Omar Nair,Finance,"2,760.09",23/03/2024,Y,CC-110
E11978,Omar Nakamura,Sales EMEA,"5,178.89",01/04/2023,Y,CC-310
E11979,Elena Rossi,Marketing,"14,056.31",28/12/2023,N,CC-410
E11980,Lena Schmidt,Operations,"10,409.88",12/09/2024,N,CC-510
E11981,Chen Moreau,Support,"2,269.34",17/05/2023,Y,CC-320
E11982,Kofi Haddad,Finance,"14,477.57",11/09/2020,Y,CC-110
E11983,Aarav Mensah,Support,"13,535.30",09/05/2025,Y,CC-320
E11984,Fatima Novak,People,"12,471.02",05/06/2018,Y,CC-130
E11985,Elena Haddad,Marketing,"8,840.70",15/04/2019,Y,CC-410
E11986,Fatima Costa,Finance,"9,492.27",27/11/2024,Y,CC-110
E11987,Mateo Costa,Marketing,"12,249.89",05/03/2020,Y,CC-410
E11988,Jonas Sato,People,"11,281.49",21/01/2019,Y,CC-130
E11989,Jonas Kowalski,Engineering,"7,277.79",05/11/2020,N,CC-220
E11990,Chen Ibrahim,Engineering,"3,998.45",18/05/2026,Y,CC-220
E11991,Omar Sato,Support,"7,475.11",06/08/2024,Y,CC-320
E11992,Rafael Novak,Legal,"4,594.71",20/01/2025,Y,CC-120
E11993,Tomasz Haddad,Operations,"3,098.27",24/02/2025,N,CC-510
E11994,Viktor Schmidt,Support,"12,954.69",20/07/2022,N,CC-320
E11995,Ines Costa,Eng,"14,391.04",19/02/2026,Y,CC-220
E11996,Omar Nakamura,Finance,"14,138.55",28/01/2018,N,CC-110
E11997,Nadia Ibrahim,Legal,"5,368.84",10/05/2018,Y,CC-120
E11998,Uma Larsen,Finance,"2,476.57",09/07/2019,Y,CC-110
E11999,Priya Costa,Finance,"9,939.05",01/08/2026,Y,CC-110
E12000,Aarav Silva,Operations,"14,644.40",03/01/2021,Y,CC-510
E12001,Omar Silva,Support,"10,954.38",16/09/2026,Y,CC-320
E12002,Aarav Costa,Marketing,"9,492.79",12/08/2021,Y,CC-410
E12003,Chen Rossi,Eng,"6,729.44",13/02/2024,Y,CC-220
E12004,Omar Mensah,People,"9,207.08",03/08/2021,Y,CC-130
E12005,Sara Okafor,Operations,"13,123.67",03/03/2022,N,CC-510
E12006,Aarav Haddad,People,"3,281.36",12/08/2024,Y,CC-130
E12007,Jonas Costa,Legal,"3,379.66",10/06/2026,N,CC-120
E12008,Ines Tanaka,Marketing,"12,537.31",22/04/2025,Y,CC-410
E12009,Tomasz Silva,Sales EMEA,"14,259.32",02/07/2019,Y,CC-310
E12010,Nadia Silva,Finance,"13,740.92",20/06/2022,N,CC-110
E12011,Fatima Silva,Support,"5,130.74",20/07/2026,Y,CC-320
E12012,Ines Schmidt,Sales,"10,269.41",13/04/2024,Y,CC-310
E12013,Amara Nair,Marketing,"12,319.52",01/04/2018,N,CC-410
E12014,Elena Sato,Engineering,"10,312.14",06/12/2018,Y,CC-220
E12015,Viktor Ibrahim,Legal,"9,362.15",18/04/2018,Y,CC-120
E12016,Kofi Schmidt,Support,"3,460.65",14/10/2023,Y,CC-320
E12017,Rafael Larsen,People,"6,345.55",17/05/2019,Y,CC-130
E12018,Lena Rossi,People,"3,277.34",25/04/2023,N,CC-130
E12019,Hugo Kowalski,Legal,"4,844.01",03/02/2024,Y,CC-120
E12020,Chen Haddad,Support,"8,383.40",18/06/2025,Y,CC-320
E12021,Jonas Silva,Legal,"2,940.46",07/06/2020,Y,CC-120
E12022,Amara Schmidt,Finance,"9,034.72",15/01/2023,Y,CC-110
E12023,Amara Kowalski,Marketing,"4,022.33",23/08/2025,Y,CC-410
E12024,Zofia Silva,People,"6,582.36",14/12/2022,Y,CC-130
E12025,Rafael Rossi,Finance & Control,"7,581.81",21/05/2023,N,CC-110
E12026,Elena Novak,Engineering,"8,819.34",04/07/2020,Y,CC-220
E12027,Jonas Dubois,Support,"3,571.74",19/03/2026,N,CC-320
E12028,Lena Rossi,Sales,"12,172.23",24/11/2025,Y,CC-310
E12029,Ines Novak,Marketing,"8,069.33",05/09/2025,Y,CC-410
E12030,Zofia Silva,Engineering,"10,084.01",21/10/2024,Y,CC-220
E12031,Omar Novak,Support,"14,073.19",28/05/2019,Y,CC-320
E12032,Kofi Tanaka,Finance,"8,257.31",10/05/2018,Y,CC-110
E12033,Ines Costa,People,"7,894.42",10/02/2022,N,CC-130
E12034,Fatima Dubois,Finance,"3,124.07",28/04/2019,Y,CC-110
E12035,Hugo Silva,Engineering,"10,813.17",16/05/2024,Y,CC-220
E12036,Rafael Costa,Finance,"6,837.90",01/04/2026,Y,CC-110
E12037,Ines Sato,Sales EMEA,"5,366.13",27/08/2022,Y,CC-310
E12038,Amara Okafor,People,"2,796.66",05/03/2023,Y,CC-130
E12039,Rafael Dubois,Marketing,"6,808.07",28/01/2023,Y,CC-410
E12040,Zofia Schmidt,Operations,"8,466.28",24/08/2026,N,CC-510
E12041,Omar Dubois,Engineering,"4,739.40",19/08/2026,N,CC-220
E12042,Aarav Dubois,Support,"4,567.28",21/05/2024,Y,CC-320
E12043,Amara Mensah,Operations,"3,394.16",27/09/2025,Y,CC-510
E12044,Jonas Petrov,Operations,"4,004.79",22/12/2022,Y,CC-510
E12045,Amara Tanaka,Engineering,"9,732.60",08/08/2022,N,CC-220
E12046,Jonas Okafor,Sales EMEA,"12,246.37",12/04/2019,Y,CC-310
E12047,Jonas Rossi,People,"14,176.97",09/09/2019,Y,CC-130
E12048,Omar Nakamura,Legal,"7,424.22",27/01/2022,Y,CC-120
E12049,Mateo Tanaka,Legal,"12,660.44",15/11/2020,Y,CC-120
E12050,Omar Nakamura,People,"7,526.69",26/05/2018,Y,CC-130
E12051,Chen Okafor,Finance,"11,001.86",05/05/2025,Y,CC-110
E12052,Tomasz Tanaka,Marketing,"3,525.79",05/08/2023,Y,CC-410
E12053,Rafael Nakamura,People,"5,725.64",09/01/2019,N,CC-130
E12054,Uma Nakamura,Sales EMEA,"11,323.02",19/12/2019,Y,CC-310
E12055,Aarav Costa,Operations,"14,143.91",18/07/2024,Y,CC-510
E12056,Viktor Petrov,Finance,"4,104.40",23/10/2020,Y,CC-110
E12057,Rafael Moreau,Finance,"10,115.56",14/06/2025,Y,CC-110
E12058,Amara Sato,Finance,"11,086.38",27/06/2026,Y,CC-110
E12059,Rafael Nakamura,People,"8,407.74",27/08/2026,Y,CC-130
E12060,Uma Sato,Marketing,"7,647.80",10/03/2018,N,CC-410
E12061,Tomasz Nair,Finance,"3,904.19",18/03/2022,Y,CC-110
E12062,Hugo Dubois,Engineering,"6,627.53",14/07/2023,Y,CC-220
E12063,Aarav Moreau,Finance,"10,374.67",28/02/2026,Y,CC-110
E12064,Elena Sato,Legal,"9,228.28",23/02/2025,Y,CC-120
E12065,Aarav Nair,Support,"9,145.22",16/02/2023,Y,CC-320
E12066,Viktor Moreau,Marketing,"8,914.22",13/05/2023,Y,CC-410
E12067,Viktor Dubois,Sales EMEA,"6,630.67",28/07/2023,Y,CC-310
E12068,Ines Costa,Legal,"2,644.04",19/01/2018,Y,CC-120
E12069,Ines Kowalski,Support,"12,309.95",13/11/2025,Y,CC-320
E12070,Kofi Silva,Finance,"12,054.88",21/03/2026,Y,CC-110
E12071,Omar Silva,Marketing,"8,885.45",28/05/2026,Y,CC-410
E12072,Kofi Mensah,Finance & Control,"5,625.60",12/12/2022,Y,CC-110
E12073,Mateo Costa,Support,"10,907.27",26/11/2021,Y,CC-320
E12074,Tomasz Petrov,Support,"13,189.57",07/01/2023,Y,CC-320
E12075,Aarav Silva,Legal,"6,812.87",18/12/2018,Y,CC-120
E12076,Elena Mensah,Eng,"11,114.93",01/08/2026,Y,CC-220
E12077,Hugo Novak,People,"4,858.65",09/02/2025,N,CC-130
E12078,Rafael Kowalski,Sales,"6,876.28",21/11/2021,Y,CC-310
E12079,Priya Okafor,Operations,"11,071.16",20/11/2019,Y,CC-510
E12080,Omar Sato,Legal,"14,763.67",04/07/2018,Y,CC-120
E12081,Hugo Rossi,Legal,"5,929.87",01/04/2019,Y,CC-120
E12082,Fatima Dubois,Sales,"13,377.08",01/10/2020,Y,CC-310
E12083,Jonas Costa,Engineering,"6,471.26",10/01/2019,Y,CC-220
E12084,Rafael Silva,Support,"13,709.07",13/10/2020,Y,CC-320
E12085,Aarav Larsen,Support,"6,481.11",12/08/2026,Y,CC-320
E12086,Viktor Rossi,Sales,"4,235.84",08/05/2022,Y,CC-310
E12087,Zofia Rossi,Support,"14,491.45",18/10/2019,Y,CC-320
E12088,Rafael Silva,Support,"12,847.40",03/02/2018,Y,CC-320
E12089,Fatima Larsen,Finance,"14,479.87",09/02/2026,Y,CC-110
E12090,Mateo Silva,Marketing,"6,061.74",25/03/2021,Y,CC-410
E12091,Kofi Larsen,Finance,"14,147.93",21/06/2026,Y,CC-110
E12092,Priya Okafor,Operations,"11,129.78",28/06/2021,Y,CC-510
E12093,Aarav Kowalski,Engineering,"8,192.03",20/12/2018,N,CC-220
E12094,Elena Nair,Legal,"4,159.40",16/01/2019,Y,CC-120
E12095,Priya Kowalski,Operations,"5,276.16",25/09/2018,Y,CC-510
E12096,Lena Larsen,Support,"11,915.39",16/10/2019,N,CC-320
E12097,Ines Mensah,Engineering,"13,120.70",21/06/2022,N,CC-220
E12098,Jonas Costa,Marketing,"3,745.60",17/01/2019,Y,CC-410
E12099,Amara Rossi,Support,"8,684.45",18/09/2020,Y,CC-320
E12100,Ines Novak,People,"11,429.25",09/04/2022,Y,CC-130
E12101,Amara Rossi,People,"2,405.63",23/08/2026,Y,CC-130
E12102,Sara Moreau,Operations,"12,914.13",10/03/2021,N,CC-510
E12103,Zofia Okafor,Marketing,"7,508.78",24/05/2023,Y,CC-410
E12104,Ines Haddad,Finance,"7,908.41",11/04/2019,N,CC-110
E12105,Priya Novak,Sales EMEA,"14,027.20",16/06/2020,N,CC-310
E12106,Zofia Costa,Support,"6,536.75",09/02/2022,Y,CC-320
E12107,Ines Petrov,Operations,"10,741.93",04/06/2024,Y,CC-510
E12108,Ines Larsen,Support,"14,973.93",23/08/2020,Y,CC-320
E12109,Mateo Novak,Operations,"13,755.81",22/06/2024,Y,CC-510
E12110,Rafael Ibrahim,Engineering,"3,567.23",04/06/2019,Y,CC-220
E12111,Amara Tanaka,Support,"3,964.09",01/11/2025,Y,CC-320
E12112,Lena Ibrahim,Support,"6,258.85",17/02/2020,Y,CC-320
E12113,Sara Sato,Operations,"4,656.34",27/09/2023,Y,CC-510
E12114,Zofia Nair,Support,"9,863.35",04/06/2019,N,CC-320
E12115,Elena Tanaka,Legal,"6,373.03",26/03/2020,Y,CC-120
E12116,Rafael Haddad,Finance,"4,589.90",18/08/2025,Y,CC-110
E12117,Ines Nair,Finance,"7,700.11",06/03/2022,Y,CC-110
E12118,Zofia Larsen,Marketing,"8,449.22",21/05/2024,Y,CC-410
E12119,Rafael Kowalski,Finance,"6,075.40",19/03/2023,Y,CC-110
E12120,Chen Petrov,Sales EMEA,"4,135.52",01/05/2024,Y,CC-310
E12121,Chen Petrov,Engineering,"12,032.86",28/12/2023,Y,CC-220
E12122,Kofi Larsen,Engineering,"7,772.62",19/01/2021,Y,CC-220
E12123,Aarav Costa,Engineering,"8,346.71",05/09/2021,Y,CC-220
E12124,Tomasz Silva,Finance & Control,"2,678.08",18/07/2021,Y,CC-110
E12125,Ines Moreau,Operations,"6,735.91",17/04/2021,Y,CC-510
E12126,Sara Ibrahim,Legal,"5,119.39",16/06/2024,Y,CC-120
E12127,Uma Okafor,Marketing,"5,322.84",18/07/2022,Y,CC-410
E12128,Tomasz Larsen,Support,"12,847.98",13/02/2024,Y,CC-320
E12129,Ines Okafor,Finance,"13,679.42",01/05/2023,Y,CC-110
E12130,Zofia Silva,Legal,"11,243.51",12/01/2020,Y,CC-120
E12131,Zofia Nair,Marketing,"6,513.73",20/07/2019,Y,CC-410
E12132,Tomasz Petrov,Engineering,"10,601.56",15/12/2020,Y,CC-220
E12133,Mateo Okafor,Sales EMEA,"3,568.16",06/04/2024,Y,CC-310
E12134,Ines Rossi,Sales,"14,482.61",02/05/2025,Y,CC-310
E12135,Fatima Schmidt,Sales,"6,572.66",26/01/2020,N,CC-310
E12136,Amara Okafor,Sales,"11,277.44",13/07/2023,Y,CC-310
E12137,Viktor Nakamura,Engineering,"8,565.48",19/06/2019,Y,CC-220
E12138,Chen Silva,Marketing,"9,654.82",25/09/2022,Y,CC-410
E12139,Uma Haddad,Sales EMEA,"8,568.77",17/06/2021,Y,CC-310
E12140,Tomasz Dubois,Sales EMEA,"4,342.68",06/06/2024,Y,CC-310
E12141,Jonas Nakamura,Sales,"8,579.83",13/01/2020,N,CC-310
E12142,Kofi Moreau,Marketing,"2,175.34",15/10/2022,Y,CC-410
E12143,Aarav Nair,Legal,"2,679.24",03/05/2022,Y,CC-120
E12144,Uma Silva,Sales EMEA,"3,448.01",13/12/2024,Y,CC-310
E12145,Zofia Rossi,Legal,"6,978.79",12/01/2018,Y,CC-120
E12146,Aarav Novak,Finance & Control,"3,503.96",12/07/2018,Y,CC-110
E12147,Chen Novak,Marketing,"14,658.21",06/07/2022,Y,CC-410
E12148,Fatima Ibrahim,People,"7,332.62",05/07/2019,Y,CC-130
E12149,Chen Tanaka,Operations,"4,255.18",28/04/2019,Y,CC-510
E12150,Sara Nair,Operations,"11,445.81",06/07/2024,Y,CC-510
E12151,Fatima Okafor,Operations,"4,091.94",15/06/2020,Y,CC-510
E12152,Tomasz Larsen,Sales,"7,496.64",15/04/2023,N,CC-310
E12153,Mateo Mensah,Support,"9,926.17",24/06/2023,N,CC-320
E12154,Nadia Moreau,Marketing,"6,276.96",28/10/2023,Y,CC-410
E12155,Uma Dubois,Operations,"9,711.27",05/03/2020,Y,CC-510
E12156,Amara Silva,Marketing,"5,783.73",07/05/2024,Y,CC-410
E12157,Sara Petrov,Sales,"3,986.21",05/10/2025,Y,CC-310
E12158,Nadia Tanaka,Finance,"7,722.11",12/07/2024,Y,CC-110
E12159,Jonas Dubois,Legal,"9,006.20",24/11/2020,Y,CC-120
E12160,Tomasz Novak,Support,"9,446.51",24/06/2021,Y,CC-320
E12161,Zofia Moreau,People,"9,366.11",26/09/2025,Y,CC-130
E12162,Rafael Sato,Operations,"8,611.60",19/09/2023,Y,CC-510
E12163,Viktor Moreau,Eng,"12,979.58",28/04/2025,Y,CC-220
E12164,Lena Okafor,Operations,"8,271.13",17/07/2023,Y,CC-510
E12165,Kofi Schmidt,Finance & Control,"14,796.79",26/09/2026,N,CC-110
E12166,Ines Schmidt,Operations,"8,820.38",22/05/2026,N,CC-510
E12167,Nadia Ibrahim,Engineering,"9,357.59",02/06/2023,Y,CC-220
E12168,Zofia Haddad,Legal,"5,653.62",14/03/2023,Y,CC-120
E12169,Tomasz Petrov,Marketing,"6,871.22",09/03/2023,Y,CC-410
E12170,Sara Sato,Operations,"6,622.81",07/09/2022,Y,CC-510
E12171,Amara Haddad,Sales,"5,304.64",25/12/2022,Y,CC-310
E12172,Fatima Haddad,Operations,"9,158.62",19/03/2020,N,CC-510
E12173,Omar Ibrahim,Marketing,"11,258.95",14/03/2025,Y,CC-410
E12174,Uma Silva,Marketing,"5,634.29",15/07/2026,Y,CC-410
E12175,Sara Ibrahim,Finance,"7,017.86",09/08/2021,Y,CC-110
E12176,Elena Mensah,Engineering,"5,574.66",20/12/2025,Y,CC-220
E12177,Ines Mensah,Marketing,"13,572.39",25/03/2018,Y,CC-410
E12178,Lena Schmidt,Operations,"3,379.58",22/02/2022,Y,CC-510
E12179,Nadia Larsen,Engineering,"14,719.06",01/07/2024,Y,CC-220
E12180,Omar Kowalski,Support,"8,873.14",11/07/2023,Y,CC-320
E12181,Chen Schmidt,Finance & Control,"10,043.68",23/03/2026,Y,CC-110
E12182,Amara Silva,Legal,"7,482.45",28/04/2018,Y,CC-120
E12183,Sara Novak,Legal,"2,590.24",05/06/2022,Y,CC-120
E12184,Sara Schmidt,Support,"13,978.63",21/07/2026,N,CC-320
E12185,Zofia Larsen,Legal,"7,871.85",26/07/2022,N,CC-120
E12186,Chen Nair,Engineering,"10,405.12",03/10/2024,Y,CC-220
E12187,Chen Dubois,Engineering,"6,479.78",08/06/2025,Y,CC-220
E12188,Viktor Nair,Finance & Control,"8,627.60",01/01/2018,Y,CC-110
E12189,Viktor Petrov,Finance & Control,"4,157.04",09/11/2023,Y,CC-110
E12190,Kofi Petrov,Finance,"8,348.82",18/07/2026,Y,CC-110
E12191,Chen Kowalski,Legal,"4,561.19",26/08/2025,Y,CC-120
E12192,Priya Sato,Finance & Control,"5,316.78",05/07/2026,Y,CC-110
E12193,Priya Haddad,Finance,"4,193.37",02/03/2021,Y,CC-110
E12194,Kofi Petrov,Operations,"12,554.39",26/03/2025,Y,CC-510
E12195,Rafael Sato,Marketing,"14,083.97",12/09/2022,Y,CC-410
E12196,Priya Schmidt,Marketing,"14,674.51",07/05/2018,Y,CC-410
E12197,Viktor Moreau,Sales EMEA,"10,582.82",11/06/2020,Y,CC-310
E12198,Tomasz Kowalski,Legal,"5,300.16",25/03/2022,Y,CC-120
E12199,Tomasz Nair,Engineering,"13,987.03",08/09/2019,Y,CC-220
E12200,Priya Silva,Sales EMEA,"14,718.18",27/08/2024,Y,CC-310
E12201,Amara Haddad,People,"4,927.79",23/08/2023,Y,CC-130
E12202,Amara Dubois,Marketing,"6,515.25",11/03/2021,Y,CC-410
E12203,Chen Sato,Engineering,"14,739.46",23/08/2020,Y,CC-220
E12204,Mateo Larsen,Marketing,"4,448.11",07/11/2019,Y,CC-410
E12205,Amara Haddad,People,"7,916.96",12/07/2026,Y,CC-130
E12206,Jonas Tanaka,Sales,"10,406.00",16/05/2022,Y,CC-310
E12207,Elena Mensah,Marketing,"13,282.52",02/07/2024,Y,CC-410
E12208,Elena Rossi,Operations,"4,458.85",14/02/2024,Y,CC-510
E12209,Priya Ibrahim,Legal,"9,159.93",11/04/2022,Y,CC-120
E12210,Tomasz Haddad,Operations,"2,163.62",01/10/2025,Y,CC-510
E12211,Lena Haddad,Operations,"12,229.76",19/07/2021,Y,CC-510
E12212,Fatima Kowalski,Finance & Control,"12,610.10",01/10/2020,N,CC-110
E12213,Elena Rossi,People,"6,007.36",23/11/2023,Y,CC-130
E12214,Hugo Larsen,Finance,"14,516.01",18/07/2021,Y,CC-110
E12215,Lena Silva,Operations,"8,711.46",19/12/2018,Y,CC-510
E12216,Uma Petrov,Operations,"6,904.44",06/09/2026,N,CC-510
E12217,Zofia Ibrahim,Legal,"8,705.47",01/04/2026,Y,CC-120
E12218,Fatima Mensah,Finance,"8,694.23",07/04/2018,Y,CC-110
E12219,Jonas Ibrahim,Operations,"2,948.80",14/08/2019,Y,CC-510
E12220,Fatima Mensah,People,"7,654.92",02/01/2024,Y,CC-130
E12221,Uma Silva,Marketing,"7,176.44",09/02/2025,Y,CC-410
E12222,Priya Ibrahim,Sales,"2,658.56",18/05/2023,Y,CC-310
E12223,Tomasz Larsen,Legal,"12,605.82",20/03/2026,Y,CC-120
E12224,Nadia Mensah,Finance,"14,044.54",13/09/2024,N,CC-110
E12225,Mateo Novak,Marketing,"7,191.17",22/02/2018,Y,CC-410
E12226,Omar Rossi,People,"4,596.27",06/04/2022,Y,CC-130
E12227,Omar Kowalski,Support,"13,736.09",12/01/2018,Y,CC-320
E12228,Aarav Okafor,Engineering,"14,270.21",01/08/2025,Y,CC-220
E12229,Fatima Nakamura,Marketing,"2,417.53",14/10/2024,Y,CC-410
E12230,Omar Ibrahim,Marketing,"6,287.43",07/04/2025,N,CC-410
E12231,Sara Moreau,Legal,"5,544.87",18/05/2018,Y,CC-120
E12232,Sara Novak,Legal,"11,879.59",10/01/2025,Y,CC-120
E12233,Fatima Sato,People,"4,955.92",05/06/2019,Y,CC-130
E12234,Fatima Haddad,Finance,"11,812.29",26/10/2019,N,CC-110
E12235,Zofia Haddad,Operations,"7,496.06",04/04/2021,Y,CC-510
E12236,Kofi Haddad,People,"2,402.32",22/06/2020,N,CC-130
E12237,Omar Tanaka,Engineering,"11,427.17",08/02/2021,Y,CC-220
E12238,Amara Moreau,Operations,"3,768.43",22/05/2022,Y,CC-510
E12239,Fatima Kowalski,Engineering,"8,565.22",17/02/2023,N,CC-220
E12240,Hugo Silva,Sales,"7,718.28",27/01/2025,Y,CC-310
E12241,Omar Petrov,Engineering,"9,232.53",13/04/2019,Y,CC-220
E12242,Jonas Okafor,Marketing,"8,534.94",19/12/2025,N,CC-410
E12243,Chen Dubois,Sales,"14,112.53",10/11/2019,Y,CC-310
E12244,Aarav Sato,Sales EMEA,"12,830.39",08/03/2022,Y,CC-310
E12245,Ines Nair,Sales,"4,386.45",26/06/2024,Y,CC-310
E12246,Tomasz Novak,Operations,"8,326.08",19/10/2024,Y,CC-510
E12247,Lena Schmidt,Finance,"14,201.69",15/01/2026,Y,CC-110
E12248,Hugo Haddad,People,"3,644.56",08/11/2018,N,CC-130
E12249,Tomasz Novak,Operations,"8,991.06",11/07/2026,Y,CC-510
E12250,Amara Kowalski,Engineering,"7,259.73",21/08/2019,Y,CC-220
E12251,Zofia Haddad,Finance,"8,756.63",09/08/2026,Y,CC-110
E12252,Fatima Petrov,People,"5,371.54",07/04/2020,Y,CC-130
E12253,Sara Rossi,Sales,"11,661.53",06/09/2018,Y,CC-310
E12254,Mateo Haddad,Marketing,"7,552.76",27/10/2018,Y,CC-410
E12255,Tomasz Kowalski,Operations,"14,337.03",13/05/2019,Y,CC-510
E12256,Zofia Ibrahim,Legal,"12,226.48",14/10/2024,Y,CC-120
E12257,Uma Schmidt,Legal,"11,122.02",19/06/2023,Y,CC-120
E12258,Tomasz Okafor,Sales,"9,719.84",22/05/2018,Y,CC-310
E12259,Sara Petrov,Operations,"2,213.74",12/10/2022,Y,CC-510
E12260,Omar Nair,Support,"8,963.36",21/12/2019,N,CC-320
E12261,Uma Rossi,Operations,"3,374.67",15/09/2020,Y,CC-510
E12262,Priya Larsen,Marketing,"11,931.74",23/09/2020,Y,CC-410
E12263,Uma Nakamura,Legal,"4,643.39",14/01/2025,Y,CC-120
E12264,Mateo Moreau,Legal,"8,923.05",04/09/2022,Y,CC-120
E12265,Zofia Mensah,Marketing,"8,509.44",18/11/2019,Y,CC-410
E12266,Ines Tanaka,Support,"4,152.41",21/10/2020,Y,CC-320
E12267,Uma Larsen,Support,"5,508.97",21/06/2019,Y,CC-320
E12268,Jonas Rossi,Sales,"8,510.78",16/11/2018,N,CC-310
E12269,Elena Sato,People,"7,569.82",16/04/2021,Y,CC-130
E12270,Viktor Novak,Legal,"11,209.03",04/07/2020,N,CC-120
E12271,Kofi Nair,Support,"12,633.61",06/08/2025,N,CC-320
E12272,Uma Nair,People,"12,082.01",19/03/2021,Y,CC-130
E12273,Sara Dubois,Support,"13,970.57",13/06/2023,Y,CC-320
E12274,Zofia Rossi,People,"2,814.43",24/08/2022,Y,CC-130
E12275,Uma Haddad,People,"14,806.70",18/05/2023,Y,CC-130
E12276,Hugo Nakamura,People,"5,119.37",21/04/2022,N,CC-130
E12277,Aarav Okafor,People,"8,257.21",02/12/2022,Y,CC-130
E12278,Lena Mensah,Engineering,"7,559.08",10/07/2018,Y,CC-220
E12279,Amara Dubois,Legal,"13,469.28",07/04/2021,Y,CC-120
E12280,Ines Nair,Operations,"4,388.97",05/02/2018,Y,CC-510
E12281,Lena Schmidt,Finance,"12,951.03",25/03/2025,Y,CC-110
E12282,Fatima Ibrahim,Support,"11,546.26",04/06/2026,Y,CC-320
E12283,Aarav Dubois,Marketing,"12,106.51",13/07/2019,Y,CC-410
E12284,Amara Moreau,Finance,"6,345.92",10/11/2020,Y,CC-110
E12285,Nadia Larsen,Eng,"4,152.83",01/05/2024,Y,CC-220
E12286,Aarav Novak,Legal,"13,210.06",27/06/2026,Y,CC-120
E12287,Priya Petrov,Sales EMEA,"14,912.63",06/01/2019,Y,CC-310
E12288,Elena Moreau,People,"3,099.21",08/08/2022,Y,CC-130
E12289,Lena Sato,Legal,"8,950.63",05/11/2024,N,CC-120
E12290,Mateo Nair,Operations,"5,723.25",16/04/2024,Y,CC-510
E12291,Rafael Moreau,Engineering,"11,990.49",17/12/2021,Y,CC-220
E12292,Priya Kowalski,Legal,"10,114.62",27/04/2022,Y,CC-120
E12293,Jonas Tanaka,Legal,"14,678.59",27/03/2021,Y,CC-120
E12294,Mateo Nakamura,Finance,"3,054.79",24/12/2018,Y,CC-110
E12295,Priya Nakamura,Support,"5,982.09",27/02/2021,Y,CC-320
E12296,Viktor Novak,Finance & Control,"3,866.29",18/03/2023,Y,CC-110
E12297,Amara Petrov,Sales,"9,523.70",22/09/2023,Y,CC-310
E12298,Chen Larsen,Support,"14,893.19",28/06/2022,Y,CC-320
E12299,Elena Novak,Support,"14,275.10",11/11/2024,Y,CC-320
E12300,Amara Kowalski,Marketing,"13,764.59",27/02/2022,Y,CC-410
E12301,Ines Haddad,Operations,"3,718.55",04/09/2025,Y,CC-510
E12302,Chen Haddad,Sales EMEA,"8,456.13",20/01/2023,Y,CC-310
E12303,Uma Costa,Finance,"13,087.86",14/01/2024,Y,CC-110
E12304,Amara Dubois,Engineering,"10,269.90",17/10/2022,Y,CC-220
E12305,Ines Rossi,Sales,"7,353.87",14/01/2019,Y,CC-310
E12306,Amara Sato,Engineering,"12,372.42",24/08/2024,Y,CC-220
E12307,Ines Ibrahim,Operations,"14,748.68",07/12/2021,N,CC-510
E12308,Elena Nair,Operations,"4,311.01",05/09/2024,Y,CC-510
E12309,Priya Rossi,Support,"5,711.83",05/06/2023,Y,CC-320
E12310,Ines Nakamura,Operations,"2,297.99",20/01/2023,Y,CC-510
E12311,Uma Tanaka,Sales EMEA,"2,221.37",07/06/2026,Y,CC-310
E12312,Mateo Schmidt,Sales,"5,577.56",03/12/2021,Y,CC-310
E12313,Viktor Dubois,Marketing,"14,263.20",05/06/2026,Y,CC-410
E12314,Priya Mensah,Operations,"14,318.38",20/03/2020,Y,CC-510
E12315,Viktor Okafor,People,"4,421.70",16/09/2019,Y,CC-130
E12316,Ines Haddad,Sales,"4,371.97",25/08/2018,Y,CC-310
E12317,Sara Schmidt,Operations,"14,852.08",06/06/2023,Y,CC-510
E12318,Mateo Ibrahim,Finance & Control,"10,116.32",23/10/2022,Y,CC-110
E12319,Lena Silva,People,"8,051.53",26/03/2022,Y,CC-130
E12320,Rafael Ibrahim,Sales,"5,783.96",09/08/2018,Y,CC-310
E12321,Priya Haddad,Support,"7,898.10",03/06/2026,Y,CC-320
E12322,Ines Mensah,People,"12,204.25",24/08/2022,Y,CC-130
E12323,Uma Okafor,Marketing,"6,413.29",01/02/2021,Y,CC-410
E12324,Viktor Nakamura,Operations,"14,846.54",25/09/2022,N,CC-510
E12325,Lena Novak,Legal,"13,966.50",21/10/2018,Y,CC-120
E12326,Ines Schmidt,Legal,"14,360.83",28/07/2025,Y,CC-120
E12327,Jonas Ibrahim,People,"12,878.36",22/05/2024,Y,CC-130
E12328,Aarav Nair,Engineering,"8,705.53",15/10/2019,Y,CC-220
E12329,Lena Dubois,Sales,"10,861.20",03/09/2018,Y,CC-310
E12330,Fatima Mensah,Operations,"7,326.03",05/03/2025,Y,CC-510
E12331,Rafael Dubois,Sales,"2,498.74",27/01/2018,Y,CC-310
E12332,Omar Mensah,People,"11,005.13",03/10/2022,Y,CC-130
E12333,Jonas Rossi,People,"8,789.17",22/11/2019,N,CC-130
E12334,Aarav Haddad,Engineering,"11,152.19",26/02/2021,N,CC-220
E12335,Nadia Ibrahim,Sales EMEA,"3,057.25",16/01/2026,Y,CC-310
E12336,Sara Novak,Marketing,"5,107.24",23/05/2022,N,CC-410
E12337,Omar Schmidt,Marketing,"8,642.50",28/02/2022,Y,CC-410
E12338,Uma Dubois,Operations,"7,549.03",02/05/2026,Y,CC-510
E12339,Kofi Schmidt,Marketing,"6,443.00",24/07/2024,N,CC-410
E12340,Amara Nakamura,Engineering,"11,918.53",19/12/2020,Y,CC-220
E12341,Hugo Moreau,Sales EMEA,"8,986.67",18/06/2023,Y,CC-310
E12342,Mateo Haddad,Finance,"5,696.49",13/09/2021,Y,CC-110
E12343,Mateo Nair,Legal,"9,294.21",11/05/2018,Y,CC-120
E12344,Rafael Larsen,Engineering,"14,979.57",24/07/2024,Y,CC-220
E12345,Uma Kowalski,Support,"6,683.51",27/05/2023,Y,CC-320
E12346,Nadia Dubois,Marketing,"3,358.35",07/11/2021,Y,CC-410
E12347,Elena Rossi,Finance,"5,673.63",16/05/2018,Y,CC-110
E12348,Ines Costa,People,"5,077.63",03/06/2026,N,CC-130
E12349,Nadia Rossi,Engineering,"2,579.02",10/07/2026,Y,CC-220
E12350,Sara Ibrahim,Marketing,"9,625.67",10/03/2024,Y,CC-410
E12351,Uma Kowalski,Operations,"9,005.37",11/11/2021,N,CC-510
E12352,Jonas Ibrahim,Operations,"8,907.80",08/03/2026,Y,CC-510
E12353,Lena Tanaka,Support,"14,274.41",13/07/2018,Y,CC-320
E12354,Elena Mensah,Support,"7,978.29",21/05/2026,Y,CC-320
E12355,Jonas Moreau,Operations,"3,444.30",11/09/2026,Y,CC-510
E12356,Chen Moreau,People,"4,004.55",25/04/2020,Y,CC-130
E12357,Ines Okafor,Legal,"11,811.61",10/05/2021,Y,CC-120
E12358,Kofi Larsen,Marketing,"9,705.81",11/03/2023,N,CC-410
E12359,Nadia Larsen,Legal,"9,732.97",26/01/2020,Y,CC-120
E12360,Sara Costa,Sales EMEA,"4,873.48",11/03/2021,Y,CC-310
E12361,Sara Sato,Sales,"7,279.44",25/08/2025,Y,CC-310
E12362,Mateo Moreau,Operations,"9,616.42",02/01/2019,Y,CC-510
E12363,Rafael Silva,Engineering,"2,985.02",16/04/2018,Y,CC-220
E12364,Hugo Sato,Marketing,"6,458.05",15/09/2019,Y,CC-410
E12365,Jonas Tanaka,Legal,"11,264.70",21/04/2023,Y,CC-120
E12366,Hugo Tanaka,Eng,"9,594.24",23/05/2019,Y,CC-220
E12367,Kofi Haddad,Legal,"6,137.64",02/12/2024,N,CC-120
E12368,Ines Petrov,People,"11,748.81",23/02/2020,Y,CC-130
E12369,Fatima Silva,Operations,"8,784.11",12/02/2023,Y,CC-510
E12370,Amara Okafor,Support,"11,691.25",22/04/2022,Y,CC-320
E12371,Aarav Nakamura,Support,"10,341.42",27/08/2022,N,CC-320
E12372,Mateo Kowalski,People,"8,042.35",08/04/2018,Y,CC-130
E12373,Elena Petrov,Legal,"5,350.96",20/05/2019,Y,CC-120
E12374,Fatima Mensah,Engineering,"9,915.75",26/07/2026,N,CC-220
E12375,Rafael Ibrahim,Marketing,"2,707.33",18/06/2026,Y,CC-410
E12376,Ines Moreau,Support,"14,819.74",05/01/2020,Y,CC-320
E12377,Uma Petrov,People,"8,553.97",08/10/2019,Y,CC-130
E12378,Omar Novak,Legal,"14,095.50",04/05/2026,Y,CC-120
E12379,Sara Haddad,Sales,"8,392.73",24/03/2021,Y,CC-310
E12380,Rafael Mensah,Sales,"8,385.68",06/09/2018,Y,CC-310
E12381,Elena Okafor,Marketing,"8,520.53",23/02/2026,Y,CC-410
E12382,Lena Tanaka,Sales,"8,998.69",14/11/2022,Y,CC-310
E12383,Chen Costa,Operations,"11,954.60",25/01/2022,Y,CC-510
E12384,Zofia Okafor,Finance,"8,844.46",28/09/2025,Y,CC-110
E12385,Uma Dubois,Legal,"11,356.58",26/02/2026,N,CC-120
E12386,Hugo Petrov,Marketing,"13,541.14",22/11/2018,Y,CC-410
E12387,Omar Silva,Support,"5,883.93",01/02/2026,Y,CC-320
E12388,Hugo Kowalski,Marketing,"10,807.87",15/01/2021,Y,CC-410
E12389,Ines Larsen,Legal,"13,736.68",14/06/2018,Y,CC-120
E12390,Hugo Okafor,Legal,"7,936.52",03/04/2025,Y,CC-120
E12391,Chen Nair,Marketing,"7,074.52",20/05/2023,Y,CC-410
E12392,Chen Ibrahim,Operations,"2,469.88",22/08/2024,Y,CC-510
E12393,Viktor Nair,People,"10,960.39",28/07/2018,N,CC-130
E12394,Amara Tanaka,Operations,"2,408.20",08/05/2026,Y,CC-510
E12395,Hugo Rossi,Operations,"3,412.42",28/01/2019,Y,CC-510
E12396,Aarav Ibrahim,Eng,"9,511.54",23/06/2020,Y,CC-220
E12397,Elena Schmidt,Finance,"11,421.49",11/01/2023,Y,CC-110
E12398,Tomasz Dubois,Legal,"13,794.72",13/08/2026,Y,CC-120
E12399,Rafael Nair,Finance & Control,"3,742.55",21/05/2019,Y,CC-110
E12400,Fatima Novak,Sales EMEA,"7,497.70",19/02/2020,Y,CC-310
E12401,Elena Kowalski,Marketing,"14,771.24",19/08/2025,N,CC-410
E12402,Fatima Okafor,Sales EMEA,"5,020.02",06/02/2018,Y,CC-310
E12403,Jonas Petrov,Support,"8,568.25",24/07/2021,N,CC-320
E12404,Jonas Haddad,Legal,"4,338.72",05/04/2020,Y,CC-120
E12405,Chen Moreau,Operations,"10,091.41",06/03/2019,Y,CC-510
E12406,Jonas Mensah,Support,"11,033.93",24/04/2021,Y,CC-320
E12407,Jonas Silva,Support,"8,900.03",24/09/2025,Y,CC-320
E12408,Hugo Novak,Finance & Control,"4,869.10",13/09/2024,Y,CC-110
E12409,Elena Dubois,Marketing,"7,245.97",26/10/2022,N,CC-410
E12410,Nadia Kowalski,Marketing,"2,937.68",27/09/2023,N,CC-410
E12411,Jonas Larsen,Support,"5,954.58",11/10/2023,Y,CC-320
E12412,Lena Silva,Legal,"14,094.90",19/04/2020,Y,CC-120
E12413,Tomasz Dubois,Engineering,"3,122.14",27/12/2019,Y,CC-220
E12414,Uma Petrov,Legal,"10,727.52",08/10/2024,Y,CC-120
E12415,Uma Tanaka,Operations,"4,475.92",15/06/2026,Y,CC-510
E12416,Zofia Mensah,Marketing,"11,797.89",28/05/2020,Y,CC-410
E12417,Lena Novak,Support,"12,071.24",07/11/2022,N,CC-320
E12418,Omar Ibrahim,Engineering,"5,885.65",24/01/2022,Y,CC-220
E12419,Aarav Larsen,Marketing,"5,238.99",25/07/2024,Y,CC-410
E12420,Lena Silva,Legal,"12,020.81",08/11/2019,Y,CC-120
E12421,Sara Haddad,Finance & Control,"9,279.40",17/03/2023,N,CC-110
E12422,Ines Okafor,Legal,"9,128.23",14/01/2024,Y,CC-120
E12423,Nadia Tanaka,Engineering,"10,540.05",26/04/2023,Y,CC-220
E12424,Uma Novak,Sales,"7,259.47",25/12/2024,Y,CC-310
E12425,Elena Nakamura,Legal,"4,325.81",12/04/2019,Y,CC-120
E12426,Priya Larsen,Finance,"2,554.95",13/03/2020,Y,CC-110
E12427,Viktor Nair,Marketing,"4,231.78",08/11/2025,Y,CC-410
E12428,Tomasz Costa,Operations,"7,944.28",11/04/2021,Y,CC-510
E12429,Zofia Schmidt,Marketing,"11,312.15",06/07/2021,Y,CC-410
E12430,Kofi Haddad,Sales,"5,645.36",19/12/2024,Y,CC-310
E12431,Elena Novak,Support,"8,462.45",17/05/2021,Y,CC-320
E12432,Viktor Mensah,Sales,"7,817.75",04/01/2026,Y,CC-310
E12433,Priya Larsen,Sales,"8,491.78",08/11/2025,Y,CC-310
E12434,Elena Larsen,Finance & Control,"12,320.08",03/08/2025,Y,CC-110
E12435,Priya Okafor,People,"5,848.46",01/08/2024,Y,CC-130
E12436,Hugo Sato,Eng,"5,596.61",22/07/2021,Y,CC-220
E12437,Ines Costa,Marketing,"2,264.63",05/11/2019,Y,CC-410
E12438,Mateo Costa,Engineering,"14,243.64",28/07/2026,N,CC-220
E12439,Viktor Silva,Sales,"2,319.41",17/09/2022,Y,CC-310
E12440,Mateo Larsen,Legal,"3,157.87",06/09/2025,Y,CC-120
E12441,Rafael Rossi,Legal,"12,763.96",08/12/2024,Y,CC-120
E12442,Zofia Nakamura,Support,"4,267.50",14/05/2019,Y,CC-320
E12443,Priya Silva,Engineering,"9,215.78",22/10/2022,Y,CC-220
E12444,Nadia Dubois,People,"8,550.29",15/01/2023,Y,CC-130
E12445,Kofi Ibrahim,People,"9,343.92",06/06/2024,Y,CC-130
E12446,Amara Petrov,Marketing,"6,088.52",12/03/2026,Y,CC-410
E12447,Kofi Schmidt,Support,"6,993.50",12/06/2021,Y,CC-320
E12448,Omar Mensah,Marketing,"13,551.01",04/06/2022,Y,CC-410
E12449,Hugo Silva,Eng,"13,390.32",11/03/2021,Y,CC-220
E12450,Rafael Larsen,Finance,"5,332.91",07/09/2018,Y,CC-110
E12451,Jonas Kowalski,Engineering,"10,615.93",18/09/2019,Y,CC-220
E12452,Hugo Moreau,People,"4,932.76",19/02/2022,Y,CC-130
E12453,Fatima Rossi,Sales,"5,029.90",26/06/2023,Y,CC-310
E12454,Jonas Costa,Marketing,"14,569.18",09/12/2021,Y,CC-410
E12455,Rafael Nakamura,Engineering,"13,668.17",18/09/2021,Y,CC-220
E12456,Fatima Mensah,Sales EMEA,"10,640.66",12/01/2023,Y,CC-310
E12457,Zofia Petrov,Marketing,"3,799.30",20/01/2026,Y,CC-410
E12458,Ines Novak,Sales EMEA,"13,323.00",24/03/2018,Y,CC-310
E12459,Hugo Haddad,Legal,"11,092.22",26/02/2021,Y,CC-120
E12460,Kofi Dubois,Operations,"7,355.87",26/04/2022,Y,CC-510
E12461,Viktor Nakamura,Legal,"4,689.51",16/07/2020,Y,CC-120
E12462,Kofi Mensah,People,"7,450.14",11/03/2025,Y,CC-130
E12463,Elena Costa,Legal,"6,231.00",01/10/2022,Y,CC-120
E12464,Omar Haddad,Engineering,"3,785.59",18/10/2023,Y,CC-220
E12465,Jonas Dubois,Legal,"4,304.61",18/04/2025,Y,CC-120
E12466,Priya Novak,Support,"14,112.06",06/04/2026,Y,CC-320
E12467,Nadia Mensah,Marketing,"2,867.19",18/08/2018,Y,CC-410
E12468,Tomasz Sato,Finance & Control,"11,621.00",01/12/2022,Y,CC-110
E12469,Mateo Rossi,Engineering,"4,836.95",06/08/2026,Y,CC-220
E12470,Jonas Kowalski,Marketing,"5,428.47",27/05/2021,Y,CC-410
E12471,Lena Larsen,People,"12,400.10",09/08/2024,Y,CC-130
E12472,Zofia Larsen,People,"14,708.31",10/05/2018,Y,CC-130
E12473,Priya Larsen,Marketing,"9,807.42",07/07/2023,Y,CC-410
E12474,Priya Tanaka,Legal,"9,492.62",22/09/2021,Y,CC-120
E12475,Uma Nakamura,Marketing,"12,942.40",08/03/2026,Y,CC-410
E12476,Fatima Silva,Finance & Control,"12,083.82",02/03/2019,Y,CC-110
E12477,Tomasz Schmidt,Operations,"5,417.47",23/12/2018,Y,CC-510
E12478,Elena Nakamura,Operations,"12,509.63",08/05/2025,Y,CC-510
E12479,Zofia Okafor,Marketing,"13,077.85",08/06/2018,Y,CC-410
E12480,Omar Silva,People,"10,260.26",18/02/2026,Y,CC-130
E12481,Kofi Novak,Support,"14,478.39",10/02/2026,Y,CC-320
E12482,Mateo Mensah,Engineering,"8,956.30",16/12/2021,Y,CC-220
E12483,Sara Nair,Sales EMEA,"14,109.16",12/05/2022,N,CC-310
E12484,Nadia Schmidt,Support,"12,520.63",09/03/2019,Y,CC-320
E12485,Fatima Rossi,Support,"10,877.73",27/01/2025,Y,CC-320
E12486,Zofia Moreau,Support,"10,108.95",27/01/2021,Y,CC-320
E12487,Kofi Rossi,Support,"14,709.04",08/06/2021,Y,CC-320
E12488,Nadia Tanaka,Finance,"8,950.29",15/01/2022,Y,CC-110
E12489,Rafael Nakamura,Marketing,"9,481.79",24/06/2023,N,CC-410
E12490,Mateo Mensah,Marketing,"4,002.62",06/09/2022,Y,CC-410
E12491,Rafael Haddad,Support,"14,949.33",13/01/2023,Y,CC-320
E12492,Ines Schmidt,People,"10,546.24",02/02/2025,N,CC-130
E12493,Lena Dubois,Marketing,"6,036.58",09/11/2023,Y,CC-410
E12494,Nadia Nair,Sales EMEA,"5,060.86",17/07/2024,N,CC-310
E12495,Mateo Kowalski,Legal,"8,309.64",22/04/2023,Y,CC-120
E12496,Priya Dubois,Support,"14,953.66",23/11/2018,N,CC-320
E12497,Hugo Dubois,Operations,"11,072.86",17/10/2022,N,CC-510
E12498,Hugo Okafor,Finance,"2,758.44",01/01/2019,Y,CC-110
E12499,Sara Rossi,Support,"12,164.44",07/03/2021,N,CC-320
E12500,Hugo Larsen,Engineering,"9,980.87",12/05/2018,Y,CC-220
E12501,Priya Mensah,Finance & Control,"5,090.36",17/04/2020,Y,CC-110
E12502,Rafael Larsen,People,"6,873.92",16/08/2026,N,CC-130
E12503,Rafael Haddad,Legal,"13,549.83",02/11/2020,Y,CC-120
E12504,Rafael Larsen,Operations,"8,821.06",18/09/2020,Y,CC-510
E12505,Priya Tanaka,People,"3,550.70",15/04/2019,Y,CC-130
E12506,Kofi Nair,Legal,"6,329.92",26/06/2021,Y,CC-120
E12507,Sara Haddad,People,"8,065.38",21/05/2018,Y,CC-130
E12508,Hugo Haddad,People,"3,876.65",08/07/2023,Y,CC-130
E12509,Priya Haddad,Finance,"13,503.06",16/08/2021,Y,CC-110
E12510,Aarav Okafor,Legal,"10,460.05",22/08/2026,N,CC-120
E12511,Sara Haddad,Operations,"14,476.60",06/04/2024,Y,CC-510
E12512,Priya Sato,Finance,"8,803.50",09/01/2025,Y,CC-110
E12513,Amara Tanaka,Sales EMEA,"13,565.31",21/07/2023,Y,CC-310
E12514,Rafael Kowalski,Support,"11,471.26",27/11/2019,Y,CC-320
E12515,Mateo Okafor,Engineering,"14,641.70",21/04/2021,Y,CC-220
E12516,Kofi Costa,Sales EMEA,"11,264.72",06/02/2019,Y,CC-310
E12517,Amara Dubois,Legal,"9,615.65",09/06/2018,Y,CC-120
E12518,Uma Okafor,Eng,"7,737.03",23/04/2026,Y,CC-220
E12519,Sara Costa,Marketing,"13,739.57",21/03/2019,Y,CC-410
E12520,Uma Sato,Marketing,"4,508.09",09/01/2025,Y,CC-410
E12521,Omar Haddad,Support,"5,412.60",02/05/2021,Y,CC-320
E12522,Omar Larsen,Support,"10,588.53",28/09/2018,N,CC-320
E12523,Jonas Schmidt,Support,"8,177.54",15/01/2026,Y,CC-320
E12524,Uma Nakamura,Legal,"13,263.34",03/12/2019,Y,CC-120
E12525,Elena Rossi,Finance,"3,215.17",17/11/2023,Y,CC-110
E12526,Fatima Costa,Sales,"7,793.84",21/09/2026,Y,CC-310
E12527,Uma Mensah,Support,"2,492.45",26/08/2022,Y,CC-320
E12528,Nadia Sato,Marketing,"13,706.38",20/01/2023,Y,CC-410
E12529,Zofia Novak,Operations,"4,440.92",20/05/2020,Y,CC-510
E12530,Priya Rossi,Engineering,"12,740.25",11/03/2021,Y,CC-220
E12531,Chen Sato,Support,"5,628.44",15/11/2024,Y,CC-320
E12532,Nadia Petrov,Eng,"13,240.64",05/03/2024,Y,CC-220
E12533,Amara Petrov,Engineering,"6,140.14",17/01/2023,N,CC-220
E12534,Fatima Larsen,Engineering,"14,808.72",11/02/2026,Y,CC-220
E12535,Kofi Moreau,Engineering,"11,095.05",15/09/2018,Y,CC-220
E12536,Elena Costa,Sales,"4,708.34",08/09/2018,Y,CC-310
E12537,Priya Larsen,Finance,"6,065.97",12/10/2021,Y,CC-110
E12538,Mateo Nair,Operations,"7,612.24",27/06/2018,N,CC-510
E12539,Mateo Costa,Support,"12,386.60",19/10/2024,Y,CC-320
E12540,Ines Tanaka,Legal,"9,169.66",14/05/2023,Y,CC-120
E12541,Sara Sato,Sales,"2,885.09",23/03/2026,Y,CC-310
E12542,Viktor Novak,People,"4,048.36",24/02/2021,Y,CC-130
E12543,Aarav Nakamura,Operations,"13,907.76",23/07/2020,N,CC-510
E12544,Sara Tanaka,Legal,"9,313.78",17/06/2025,Y,CC-120
E12545,Priya Kowalski,Operations,"6,936.56",03/08/2024,Y,CC-510
E12546,Ines Ibrahim,Finance,"10,970.75",23/03/2025,Y,CC-110
E12547,Kofi Mensah,Legal,"3,970.36",21/09/2020,Y,CC-120
E12548,Zofia Novak,Operations,"3,605.88",19/09/2023,Y,CC-510
E12549,Chen Mensah,Legal,"8,655.45",03/12/2025,Y,CC-120
E12550,Elena Novak,Legal,"10,956.86",21/10/2018,Y,CC-120
E12551,Lena Sato,Operations,"3,606.93",21/04/2026,Y,CC-510
E12552,Omar Ibrahim,People,"7,320.82",24/02/2022,Y,CC-130
E12553,Nadia Nair,Eng,"6,719.15",26/11/2020,Y,CC-220
E12554,Kofi Tanaka,Support,"3,900.32",14/10/2019,Y,CC-320
E12555,Amara Okafor,Sales EMEA,"10,780.81",25/01/2024,N,CC-310
E12556,Elena Larsen,Engineering,"8,108.03",19/03/2024,Y,CC-220
E12557,Mateo Schmidt,Sales EMEA,"3,027.23",17/10/2025,Y,CC-310
E12558,Jonas Silva,People,"5,799.40",02/09/2026,Y,CC-130
E12559,Elena Kowalski,Eng,"9,272.13",05/07/2023,N,CC-220
E12560,Omar Tanaka,Finance & Control,"2,715.49",06/03/2022,Y,CC-110
E12561,Sara Okafor,Marketing,"12,945.74",28/10/2018,Y,CC-410
E12562,Mateo Rossi,Sales EMEA,"14,298.85",27/10/2024,Y,CC-310
E12563,Ines Schmidt,Eng,"2,553.72",20/04/2020,N,CC-220
E12564,Fatima Tanaka,Operations,"10,392.41",18/06/2023,Y,CC-510
E12565,Uma Silva,Marketing,"12,079.74",10/01/2019,N,CC-410
E12566,Nadia Schmidt,Operations,"8,125.85",28/10/2025,Y,CC-510
E12567,Elena Kowalski,Operations,"3,200.62",08/11/2024,Y,CC-510
E12568,Viktor Larsen,Legal,"6,427.22",08/06/2022,N,CC-120
E12569,Tomasz Okafor,Engineering,"14,712.44",26/05/2025,Y,CC-220
E12570,Tomasz Dubois,Marketing,"8,301.71",13/01/2021,Y,CC-410
E12571,Hugo Nair,Marketing,"9,392.96",25/10/2025,Y,CC-410
E12572,Tomasz Silva,Finance & Control,"12,057.04",28/01/2023,Y,CC-110
E12573,Sara Novak,Finance,"8,004.60",20/08/2026,Y,CC-110
E12574,Zofia Okafor,Sales,"4,447.74",10/02/2021,Y,CC-310
E12575,Sara Kowalski,Marketing,"8,730.07",07/07/2019,Y,CC-410
E12576,Sara Tanaka,Support,"7,946.40",06/08/2025,Y,CC-320
E12577,Omar Novak,Sales,"11,760.46",13/08/2026,Y,CC-310
E12578,Uma Haddad,Eng,"10,853.91",25/03/2020,N,CC-220
E12579,Hugo Haddad,Engineering,"8,264.79",14/05/2022,Y,CC-220
E12580,Ines Dubois,Sales,"3,655.89",23/03/2022,Y,CC-310
E12581,Fatima Costa,Marketing,"5,929.35",21/10/2020,Y,CC-410
E12582,Aarav Rossi,Marketing,"11,389.07",01/03/2018,Y,CC-410
E12583,Priya Haddad,People,"6,839.86",16/07/2023,N,CC-130
E12584,Kofi Petrov,People,"3,127.20",27/01/2026,Y,CC-130
E12585,Jonas Dubois,Sales,"10,785.69",16/07/2026,Y,CC-310
E12586,Zofia Nakamura,Sales,"14,051.33",11/03/2019,Y,CC-310
E12587,Aarav Mensah,Legal,"6,046.83",08/03/2024,N,CC-120
E12588,Priya Mensah,Sales EMEA,"12,266.10",15/07/2022,Y,CC-310
E12589,Aarav Tanaka,Support,"8,798.10",12/04/2022,Y,CC-320
E12590,Rafael Nakamura,Marketing,"14,383.87",20/05/2019,Y,CC-410
E12591,Chen Larsen,Finance,"7,094.15",04/10/2022,Y,CC-110
E12592,Omar Sato,Operations,"5,433.40",11/07/2020,N,CC-510
E12593,Rafael Rossi,Marketing,"7,283.92",14/03/2024,Y,CC-410
E12594,Ines Tanaka,Finance & Control,"13,728.90",26/05/2020,N,CC-110
E12595,Omar Haddad,Engineering,"2,499.57",21/12/2025,N,CC-220
E12596,Elena Nakamura,Engineering,"3,307.82",06/03/2022,Y,CC-220
E12597,Ines Haddad,Operations,"13,959.05",23/04/2019,Y,CC-510
E12598,Ines Rossi,Support,"6,971.02",03/05/2024,Y,CC-320
E12599,Viktor Nakamura,People,"13,996.00",10/02/2026,Y,CC-130
E12600,Omar Novak,Marketing,"8,448.47",25/03/2024,Y,CC-410
E12601,Rafael Larsen,Legal,"4,545.36",02/03/2019,N,CC-120
E12602,Viktor Silva,Marketing,"13,255.91",09/09/2023,Y,CC-410
E12603,Tomasz Costa,Marketing,"14,655.45",16/10/2022,Y,CC-410
E12604,Fatima Schmidt,Operations,"14,775.87",19/09/2025,Y,CC-510
E12605,Viktor Ibrahim,Sales,"4,257.85",13/05/2020,Y,CC-310
E12606,Fatima Dubois,Eng,"9,980.53",05/03/2023,Y,CC-220
E12607,Viktor Costa,People,"6,660.24",12/06/2025,Y,CC-130
E12608,Nadia Schmidt,Marketing,"2,583.21",24/07/2018,Y,CC-410
E12609,Hugo Novak,Legal,"4,884.87",02/12/2018,Y,CC-120
E12610,Ines Sato,Operations,"5,481.54",25/09/2024,Y,CC-510
E12611,Nadia Petrov,Finance & Control,"3,839.19",01/12/2020,Y,CC-110
E12612,Ines Nakamura,Finance,"3,682.40",04/10/2018,Y,CC-110
E12613,Viktor Moreau,Finance & Control,"13,190.04",24/12/2022,Y,CC-110
E12614,Ines Costa,Support,"3,704.64",16/03/2021,Y,CC-320
E12615,Rafael Tanaka,Eng,"13,567.94",08/02/2026,Y,CC-220
E12616,Rafael Silva,Legal,"5,880.42",02/08/2026,Y,CC-120
E12617,Viktor Rossi,People,"4,322.54",21/08/2025,N,CC-130
E12618,Tomasz Larsen,People,"5,973.68",18/08/2018,Y,CC-130
E12619,Priya Okafor,Operations,"5,875.58",20/05/2020,Y,CC-510
E12620,Lena Petrov,Engineering,"5,261.18",15/01/2026,Y,CC-220
E12621,Tomasz Rossi,Operations,"11,432.14",09/01/2023,N,CC-510
E12622,Tomasz Costa,Support,"13,423.65",17/04/2019,Y,CC-320
E12623,Tomasz Nakamura,Sales EMEA,"6,137.00",14/11/2022,N,CC-310
E12624,Mateo Mensah,Sales,"11,297.96",03/03/2020,Y,CC-310
E12625,Fatima Ibrahim,Sales EMEA,"7,557.84",08/11/2021,Y,CC-310
E12626,Omar Ibrahim,Operations,"7,846.46",25/10/2021,Y,CC-510
E12627,Priya Schmidt,Operations,"12,549.84",22/06/2025,Y,CC-510
E12628,Aarav Rossi,Finance & Control,"6,188.97",07/06/2020,Y,CC-110
E12629,Priya Kowalski,Sales,"2,700.31",21/09/2018,Y,CC-310
E12630,Aarav Nair,Legal,"11,201.30",22/06/2026,Y,CC-120
E12631,Elena Silva,Operations,"14,925.27",21/10/2020,Y,CC-510
E12632,Lena Kowalski,Operations,"14,564.62",26/08/2019,Y,CC-510
E12633,Uma Nair,Finance,"9,201.38",04/04/2026,Y,CC-110
E12634,Zofia Schmidt,Operations,"5,167.51",16/08/2020,Y,CC-510
E12635,Fatima Novak,Support,"6,951.44",22/02/2018,Y,CC-320
E12636,Priya Tanaka,Eng,"12,681.83",03/07/2026,Y,CC-220
E12637,Aarav Nakamura,Operations,"13,717.63",11/06/2019,Y,CC-510
E12638,Zofia Larsen,Support,"7,688.24",21/02/2019,Y,CC-320
E12639,Lena Schmidt,Eng,"4,527.42",18/03/2021,N,CC-220
E12640,Viktor Schmidt,Legal,"8,262.69",26/09/2026,Y,CC-120
E12641,Sara Sato,Sales,"6,777.12",03/02/2023,N,CC-310
E12642,Rafael Schmidt,Marketing,"11,770.07",17/03/2022,Y,CC-410
E12643,Fatima Okafor,People,"11,422.90",18/12/2024,Y,CC-130
E12644,Uma Larsen,Finance,"6,385.33",24/08/2018,Y,CC-110
E12645,Fatima Costa,Finance,"12,638.90",02/06/2026,Y,CC-110
E12646,Aarav Nakamura,Operations,"14,866.66",20/02/2021,Y,CC-510
E12647,Aarav Petrov,Legal,"11,704.65",24/02/2018,Y,CC-120
E12648,Amara Larsen,Engineering,"10,360.54",15/10/2021,N,CC-220
E12649,Sara Tanaka,Sales,"2,177.56",11/11/2020,Y,CC-310
E12650,Rafael Petrov,Eng,"10,801.21",23/01/2019,Y,CC-220
E12651,Chen Rossi,Finance & Control,"10,327.48",09/04/2025,Y,CC-110
E12652,Jonas Mensah,Support,"13,379.15",13/10/2018,N,CC-320
E12653,Rafael Petrov,People,"13,062.78",09/05/2023,Y,CC-130
E12654,Amara Novak,Support,"3,871.32",24/01/2026,Y,CC-320
E12655,Lena Haddad,Finance & Control,"5,554.03",05/07/2023,Y,CC-110
E12656,Nadia Larsen,Sales,"7,233.81",28/06/2022,Y,CC-310
E12657,Zofia Ibrahim,People,"13,885.33",27/04/2025,Y,CC-130
E12658,Sara Silva,Engineering,"7,127.63",26/03/2022,Y,CC-220
E12659,Elena Costa,Finance,"14,739.30",16/05/2026,Y,CC-110
E12660,Kofi Ibrahim,Engineering,"7,597.02",21/10/2019,N,CC-220
E12661,Hugo Novak,Operations,"13,368.28",09/02/2018,N,CC-510
E12662,Priya Petrov,Support,"12,867.32",28/10/2018,N,CC-320
E12663,Chen Nair,Finance,"3,173.46",27/05/2026,Y,CC-110
E12664,Fatima Dubois,Finance & Control,"13,271.11",16/08/2026,Y,CC-110
E12665,Sara Moreau,Sales EMEA,"9,961.99",20/06/2018,Y,CC-310
E12666,Sara Nair,Operations,"8,581.82",20/10/2025,Y,CC-510
E12667,Lena Silva,Legal,"9,185.76",22/08/2025,Y,CC-120
E12668,Jonas Nakamura,Support,"8,951.54",10/01/2026,Y,CC-320
E12669,Ines Kowalski,Eng,"2,408.05",21/05/2019,Y,CC-220
E12670,Mateo Tanaka,Engineering,"6,653.68",04/08/2018,Y,CC-220
E12671,Uma Silva,Support,"8,832.23",25/04/2022,Y,CC-320
E12672,Jonas Dubois,Finance,"3,831.58",13/11/2022,Y,CC-110
E12673,Mateo Kowalski,Marketing,"3,653.47",11/06/2026,Y,CC-410
E12674,Lena Mensah,Operations,"11,921.64",19/10/2022,Y,CC-510
E12675,Chen Petrov,Engineering,"7,267.67",10/12/2020,Y,CC-220
E12676,Elena Nakamura,Sales,"14,712.45",02/06/2018,N,CC-310
E12677,Mateo Mensah,Sales,"6,805.52",16/08/2025,N,CC-310
E12678,Priya Costa,Finance,"13,332.01",15/09/2020,Y,CC-110
E12679,Chen Nair,Finance,"2,800.49",11/10/2020,Y,CC-110
E12680,Mateo Rossi,Legal,"14,932.47",11/06/2026,N,CC-120
E12681,Jonas Ibrahim,Finance,"9,879.65",14/06/2019,Y,CC-110
E12682,Tomasz Okafor,Operations,"4,799.50",15/01/2020,Y,CC-510
E12683,Rafael Nair,Sales,"4,154.75",10/12/2021,Y,CC-310
E12684,Zofia Sato,Finance,"3,108.47",11/08/2021,Y,CC-110
E12685,Priya Moreau,Operations,"9,696.33",26/06/2020,Y,CC-510
E12686,Mateo Ibrahim,Support,"10,782.06",27/07/2018,Y,CC-320
E12687,Sara Schmidt,Legal,"3,194.88",04/01/2022,Y,CC-120
E12688,Amara Nair,Marketing,"6,583.76",15/03/2020,Y,CC-410
E12689,Chen Sato,Operations,"13,392.63",07/08/2024,Y,CC-510
E12690,Zofia Larsen,People,"8,336.09",10/05/2021,Y,CC-130
E12691,Nadia Ibrahim,People,"2,202.52",27/02/2020,Y,CC-130
E12692,Kofi Sato,Finance & Control,"4,094.17",06/01/2024,Y,CC-110
E12693,Aarav Nair,People,"4,258.24",04/11/2018,N,CC-130
E12694,Aarav Schmidt,Marketing,"6,555.90",10/08/2024,Y,CC-410
E12695,Hugo Schmidt,Finance,"10,504.27",01/04/2024,Y,CC-110
E12696,Ines Larsen,Support,"13,171.99",10/08/2025,N,CC-320
E12697,Omar Okafor,People,"11,406.94",17/09/2019,N,CC-130
E12698,Nadia Schmidt,Operations,"10,253.21",17/02/2020,N,CC-510
E12699,Rafael Moreau,Legal,"10,348.50",08/12/2019,Y,CC-120
E12700,Jonas Sato,People,"3,791.73",05/07/2019,Y,CC-130
E12701,Tomasz Silva,Finance,"7,124.92",22/01/2020,Y,CC-110
E12702,Kofi Kowalski,Marketing,"4,615.03",22/08/2025,Y,CC-410
E12703,Omar Nair,Legal,"5,772.38",22/03/2023,Y,CC-120
E12704,Viktor Schmidt,Finance,"12,727.78",19/08/2020,Y,CC-110
E12705,Jonas Sato,Marketing,"13,205.60",05/02/2026,N,CC-410
E12706,Ines Sato,Marketing,"4,380.73",22/12/2022,Y,CC-410
E12707,Elena Petrov,Operations,"4,080.66",07/10/2018,Y,CC-510
E12708,Zofia Tanaka,Eng,"6,250.67",13/02/2019,Y,CC-220
E12709,Chen Larsen,Finance,"9,099.46",17/04/2026,Y,CC-110
E12710,Rafael Ibrahim,Support,"7,740.49",20/06/2026,N,CC-320
E12711,Mateo Nakamura,Legal,"9,403.61",13/02/2022,Y,CC-120
E12712,Elena Moreau,Operations,"4,554.90",24/06/2020,Y,CC-510
E12713,Lena Petrov,Sales,"3,400.24",28/12/2020,Y,CC-310
E12714,Viktor Haddad,Engineering,"12,019.63",10/12/2023,Y,CC-220
E12715,Amara Haddad,Legal,"4,254.08",20/06/2019,Y,CC-120
E12716,Kofi Kowalski,Sales,"13,223.51",11/03/2020,Y,CC-310
E12717,Mateo Okafor,Legal,"10,734.76",22/08/2023,Y,CC-120
E12718,Uma Petrov,Engineering,"5,677.41",05/02/2019,Y,CC-220
E12719,Aarav Larsen,Operations,"8,935.07",21/10/2021,N,CC-510
E12720,Elena Tanaka,Marketing,"5,224.05",23/03/2020,Y,CC-410
E12721,Mateo Sato,Sales,"8,941.17",15/02/2019,Y,CC-310
E12722,Fatima Costa,People,"6,212.33",27/02/2024,Y,CC-130
E12723,Chen Haddad,Sales,"11,062.31",04/01/2025,Y,CC-310
E12724,Elena Sato,Marketing,"11,382.96",11/05/2024,Y,CC-410
E12725,Zofia Tanaka,Marketing,"7,210.10",05/12/2019,Y,CC-410
E12726,Lena Nair,People,"10,848.62",28/05/2026,Y,CC-130
E12727,Viktor Ibrahim,Support,"2,743.40",04/12/2020,Y,CC-320
E12728,Elena Moreau,Sales,"8,447.31",24/06/2021,Y,CC-310
E12729,Uma Dubois,Marketing,"11,178.70",22/05/2021,Y,CC-410
E12730,Elena Tanaka,Sales EMEA,"2,357.83",26/05/2026,N,CC-310
E12731,Priya Nair,Operations,"6,099.40",14/10/2020,Y,CC-510
E12732,Sara Petrov,Operations,"13,923.68",16/02/2021,Y,CC-510
E12733,Chen Silva,Marketing,"14,819.69",01/04/2024,N,CC-410
E12734,Kofi Moreau,Sales,"9,293.86",10/04/2026,Y,CC-310
E12735,Uma Costa,Operations,"11,363.54",22/08/2018,Y,CC-510
E12736,Omar Sato,Sales EMEA,"3,493.03",16/09/2021,Y,CC-310
E12737,Fatima Tanaka,Marketing,"14,660.93",14/01/2024,Y,CC-410
E12738,Jonas Kowalski,Finance,"3,870.51",05/10/2018,Y,CC-110
E12739,Ines Larsen,Marketing,"7,759.43",23/11/2025,Y,CC-410
E12740,Nadia Sato,People,"11,938.52",14/04/2022,Y,CC-130
E12741,Jonas Ibrahim,Eng,"7,707.45",05/01/2026,Y,CC-220
E12742,Aarav Nakamura,Sales,"5,842.23",02/03/2021,Y,CC-310
E12743,Omar Larsen,Engineering,"7,883.73",10/02/2025,Y,CC-220
E12744,Rafael Haddad,Finance,"9,595.51",21/02/2024,Y,CC-110
E12745,Amara Okafor,Legal,"9,468.97",03/01/2024,Y,CC-120
E12746,Jonas Sato,Support,"9,471.69",01/11/2022,Y,CC-320
E12747,Omar Sato,Support,"13,696.36",23/08/2026,Y,CC-320
E12748,Zofia Kowalski,Marketing,"8,830.84",10/09/2021,Y,CC-410
E12749,Mateo Schmidt,Engineering,"6,399.80",01/10/2020,Y,CC-220
E12750,Lena Silva,Support,"6,855.41",18/04/2023,N,CC-320
E12751,Hugo Sato,Support,"13,325.10",27/09/2026,Y,CC-320
E12752,Fatima Okafor,Marketing,"10,903.83",16/12/2019,Y,CC-410
E12753,Fatima Kowalski,Support,"5,748.85",01/11/2018,Y,CC-320
E12754,Uma Okafor,Operations,"4,227.78",24/03/2025,Y,CC-510
E12755,Kofi Schmidt,Engineering,"12,488.87",26/11/2021,N,CC-220
E12756,Nadia Dubois,Marketing,"7,589.54",22/07/2024,Y,CC-410
E12757,Viktor Ibrahim,Support,"12,130.44",15/04/2023,Y,CC-320
E12758,Elena Nakamura,Operations,"3,902.23",13/06/2018,Y,CC-510
E12759,Tomasz Tanaka,Finance,"5,598.29",25/02/2026,N,CC-110
E12760,Fatima Rossi,Engineering,"7,162.10",20/02/2026,Y,CC-220
E12761,Tomasz Costa,Sales,"6,378.18",02/04/2019,Y,CC-310
E12762,Tomasz Moreau,Engineering,"3,219.11",23/09/2021,Y,CC-220
E12763,Priya Moreau,People,"2,570.54",19/11/2018,Y,CC-130
E12764,Hugo Dubois,Legal,"4,953.37",12/03/2025,Y,CC-120
E12765,Jonas Okafor,Sales EMEA,"14,841.33",03/08/2024,N,CC-310
E12766,Hugo Sato,Support,"2,631.87",17/08/2021,Y,CC-320
E12767,Ines Rossi,Eng,"3,146.90",17/12/2018,N,CC-220
E12768,Kofi Petrov,Support,"11,197.63",22/08/2023,Y,CC-320
E12769,Jonas Mensah,Finance & Control,"10,648.14",27/07/2023,Y,CC-110
E12770,Aarav Silva,People,"13,844.02",14/09/2021,Y,CC-130
E12771,Fatima Tanaka,Marketing,"11,559.20",08/08/2018,Y,CC-410
E12772,Priya Nakamura,Legal,"8,347.89",01/10/2021,Y,CC-120
E12773,Hugo Nakamura,Sales,"2,657.30",20/06/2024,Y,CC-310
E12774,Chen Silva,Eng,"12,222.89",19/08/2024,Y,CC-220
E12775,Priya Sato,Finance,"4,101.29",07/10/2025,Y,CC-110
E12776,Amara Schmidt,Sales EMEA,"7,309.59",03/07/2024,Y,CC-310
E12777,Omar Ibrahim,Sales,"10,314.64",02/07/2026,Y,CC-310
E12778,Ines Mensah,Legal,"5,778.02",21/10/2024,N,CC-120
E12779,Ines Nair,Marketing,"8,687.54",28/08/2019,Y,CC-410
E12780,Lena Kowalski,Finance,"10,341.22",06/07/2021,Y,CC-110
E12781,Tomasz Okafor,Finance & Control,"8,271.71",03/08/2020,N,CC-110
E12782,Rafael Rossi,Legal,"8,351.28",10/01/2026,N,CC-120
E12783,Fatima Okafor,Engineering,"10,190.83",18/11/2022,Y,CC-220
E12784,Omar Ibrahim,Support,"6,934.34",23/04/2022,Y,CC-320
E12785,Elena Mensah,People,"10,881.97",14/12/2021,Y,CC-130
E12786,Kofi Ibrahim,Marketing,"4,006.86",24/02/2020,Y,CC-410
E12787,Hugo Schmidt,Finance,"12,432.36",27/01/2023,Y,CC-110
E12788,Viktor Nair,Operations,"12,144.16",08/02/2024,N,CC-510
E12789,Priya Sato,Engineering,"14,079.92",07/04/2021,Y,CC-220
E12790,Amara Costa,Support,"12,759.93",08/12/2020,Y,CC-320
E12791,Rafael Haddad,Sales EMEA,"9,784.84",16/07/2025,Y,CC-310
E12792,Lena Sato,Marketing,"8,201.20",08/08/2023,N,CC-410
E12793,Mateo Moreau,Eng,"6,075.24",11/07/2025,Y,CC-220
E12794,Tomasz Silva,Support,"2,500.14",22/12/2020,Y,CC-320
E12795,Viktor Rossi,Marketing,"6,353.07",11/04/2023,Y,CC-410
E12796,Mateo Novak,Support,"3,051.01",14/09/2018,N,CC-320
E12797,Chen Petrov,Legal,"5,984.34",09/05/2020,Y,CC-120
E12798,Chen Moreau,Support,"13,654.92",13/08/2018,Y,CC-320
E12799,Rafael Novak,Finance,"14,773.73",02/03/2019,N,CC-110
E12800,Jonas Dubois,Support,"11,397.93",19/08/2020,Y,CC-320
E12801,Rafael Nair,Legal,"3,832.59",28/08/2026,Y,CC-120
E12802,Chen Moreau,Support,"13,035.38",21/04/2026,Y,CC-320
E12803,Viktor Schmidt,Legal,"10,402.70",22/05/2018,Y,CC-120
E12804,Mateo Nair,Marketing,"12,873.80",17/10/2019,N,CC-410
E12805,Fatima Nair,Marketing,"11,750.29",17/11/2023,N,CC-410
E12806,Ines Tanaka,Legal,"4,211.66",19/03/2024,Y,CC-120
E12807,Mateo Larsen,Finance & Control,"4,191.97",12/02/2025,Y,CC-110
E12808,Uma Silva,People,"3,646.89",02/10/2024,Y,CC-130
E12809,Mateo Ibrahim,People,"11,047.70",11/03/2023,Y,CC-130
E12810,Elena Sato,Engineering,"4,733.17",03/09/2018,Y,CC-220
E12811,Rafael Schmidt,Operations,"13,890.07",18/10/2025,Y,CC-510
E12812,Viktor Ibrahim,Marketing,"9,980.37",12/04/2018,N,CC-410
E12813,Hugo Haddad,Support,"10,949.36",09/08/2018,Y,CC-320
E12814,Tomasz Novak,People,"6,105.06",11/04/2025,Y,CC-130
E12815,Priya Petrov,Support,"8,040.18",01/09/2020,Y,CC-320
E12816,Rafael Ibrahim,Sales,"10,122.37",12/02/2019,Y,CC-310
E12817,Amara Moreau,Sales EMEA,"11,935.95",05/12/2021,Y,CC-310
E12818,Fatima Mensah,Sales EMEA,"6,899.76",25/10/2024,Y,CC-310
E12819,Fatima Nair,Eng,"4,632.45",16/12/2022,Y,CC-220
E12820,Uma Rossi,People,"10,067.91",04/02/2026,Y,CC-130
E12821,Elena Larsen,People,"3,545.64",06/09/2021,Y,CC-130
E12822,Mateo Sato,Sales,"9,085.10",03/09/2023,Y,CC-310
E12823,Chen Moreau,People,"3,937.93",14/12/2022,Y,CC-130
E12824,Sara Ibrahim,Sales,"11,413.45",18/09/2019,Y,CC-310
E12825,Chen Rossi,Support,"11,170.01",23/09/2021,Y,CC-320
E12826,Tomasz Mensah,Support,"3,030.62",15/02/2021,N,CC-320
E12827,Zofia Novak,Marketing,"12,287.53",24/03/2021,Y,CC-410
E12828,Fatima Haddad,Engineering,"13,550.82",02/10/2021,Y,CC-220
E12829,Amara Nair,People,"13,600.01",26/03/2024,N,CC-130
E12830,Lena Tanaka,People,"10,128.59",13/04/2026,N,CC-130
E12831,Tomasz Larsen,Operations,"13,130.06",20/09/2025,Y,CC-510
E12832,Ines Ibrahim,Operations,"8,010.26",14/05/2022,Y,CC-510
E12833,Tomasz Moreau,Legal,"12,820.18",10/08/2025,Y,CC-120
E12834,Chen Ibrahim,People,"3,933.86",04/11/2020,Y,CC-130
E12835,Jonas Petrov,Engineering,"13,934.92",01/07/2022,N,CC-220
E12836,Uma Kowalski,Legal,"7,059.60",02/01/2022,Y,CC-120
E12837,Aarav Kowalski,People,"9,599.97",05/01/2018,Y,CC-130
E12838,Ines Schmidt,Marketing,"13,360.73",04/08/2025,Y,CC-410
E12839,Kofi Larsen,People,"5,933.75",22/05/2019,Y,CC-130
E12840,Tomasz Okafor,People,"10,028.70",06/01/2025,Y,CC-130
E12841,Lena Costa,Engineering,"12,232.72",16/07/2025,Y,CC-220
E12842,Jonas Moreau,Sales,"10,955.65",18/06/2019,Y,CC-310
E12843,Kofi Tanaka,Sales,"4,772.95",17/09/2026,Y,CC-310
E12844,Omar Petrov,Sales,"8,244.48",08/10/2023,N,CC-310
E12845,Aarav Larsen,Support,"13,185.96",04/01/2025,Y,CC-320
E12846,Fatima Rossi,Finance,"8,260.73",28/03/2021,Y,CC-110
E12847,Tomasz Petrov,Operations,"4,721.63",16/04/2018,Y,CC-510
E12848,Nadia Schmidt,Marketing,"6,908.00",13/09/2021,Y,CC-410
E12849,Nadia Silva,Finance,"10,270.56",27/05/2021,Y,CC-110
E12850,Elena Ibrahim,Sales EMEA,"6,230.29",13/08/2023,N,CC-310
E12851,Nadia Ibrahim,Operations,"13,182.64",26/05/2023,N,CC-510
E12852,Amara Schmidt,People,"10,758.63",01/07/2025,N,CC-130
E12853,Zofia Nakamura,Finance,"2,646.16",08/06/2019,Y,CC-110
E12854,Mateo Petrov,Sales EMEA,"13,869.24",01/08/2023,Y,CC-310
E12855,Mateo Larsen,Legal,"7,055.60",28/06/2026,Y,CC-120
E12856,Hugo Nakamura,Engineering,"3,394.77",09/01/2020,Y,CC-220
E12857,Ines Nakamura,Marketing,"5,384.35",25/04/2020,Y,CC-410
E12858,Mateo Nakamura,Sales,"8,905.14",04/07/2025,Y,CC-310
E12859,Sara Rossi,People,"10,773.77",25/05/2020,Y,CC-130
E12860,Rafael Schmidt,Operations,"2,613.91",04/09/2026,Y,CC-510
E12861,Elena Dubois,Finance,"9,518.42",09/11/2019,Y,CC-110
E12862,Zofia Novak,Finance,"12,895.47",22/01/2024,Y,CC-110
E12863,Rafael Novak,Support,"10,870.95",17/09/2024,Y,CC-320
E12864,Chen Novak,People,"6,589.37",02/06/2024,Y,CC-130
E12865,Zofia Schmidt,Sales,"11,044.90",06/10/2021,N,CC-310
E12866,Priya Dubois,Support,"6,274.49",04/06/2018,N,CC-320
E12867,Nadia Sato,People,"13,159.90",24/02/2022,N,CC-130
E12868,Tomasz Kowalski,Engineering,"12,433.83",03/05/2020,Y,CC-220
E12869,Chen Costa,Marketing,"11,090.64",02/09/2018,Y,CC-410
E12870,Fatima Rossi,Sales,"8,709.32",17/02/2021,Y,CC-310
E12871,Nadia Tanaka,Finance & Control,"9,334.86",21/03/2018,Y,CC-110
E12872,Chen Mensah,Operations,"7,448.16",14/05/2018,Y,CC-510
E12873,Zofia Haddad,People,"9,655.91",02/03/2023,Y,CC-130
E12874,Nadia Novak,Eng,"10,878.54",06/10/2019,N,CC-220
E12875,Omar Dubois,Operations,"2,775.51",10/12/2025,Y,CC-510
E12876,Lena Nair,Operations,"2,910.14",22/01/2025,N,CC-510
E12877,Amara Mensah,Engineering,"8,703.13",19/05/2022,Y,CC-220
E12878,Zofia Ibrahim,Finance,"5,425.66",28/10/2021,Y,CC-110
E12879,Zofia Kowalski,Sales,"12,280.76",28/03/2025,Y,CC-310
E12880,Mateo Moreau,Sales,"7,185.20",18/10/2018,Y,CC-310
E12881,Nadia Ibrahim,Sales,"9,063.00",20/01/2021,Y,CC-310
E12882,Viktor Silva,Operations,"2,677.28",19/04/2022,Y,CC-510
E12883,Fatima Ibrahim,People,"10,212.34",02/01/2019,Y,CC-130
E12884,Zofia Costa,Engineering,"9,785.16",13/09/2020,Y,CC-220
E12885,Amara Okafor,Legal,"11,701.37",24/09/2019,N,CC-120
E12886,Rafael Moreau,Legal,"4,862.53",26/07/2019,Y,CC-120
E12887,Kofi Okafor,Support,"4,090.82",03/01/2024,Y,CC-320
E12888,Priya Costa,Legal,"4,241.49",08/10/2021,Y,CC-120
E12889,Jonas Kowalski,Support,"3,935.52",18/09/2026,N,CC-320
E12890,Mateo Sato,Sales,"13,750.78",27/10/2021,Y,CC-310
E12891,Kofi Nakamura,Legal,"6,973.50",02/09/2018,Y,CC-120
E12892,Viktor Schmidt,Marketing,"8,878.33",26/03/2020,Y,CC-410
E12893,Kofi Tanaka,Sales,"10,487.20",03/11/2022,Y,CC-310
E12894,Hugo Ibrahim,Finance & Control,"8,470.41",11/05/2020,Y,CC-110
E12895,Tomasz Kowalski,People,"10,024.23",02/05/2022,Y,CC-130
E12896,Rafael Nair,Operations,"3,650.37",22/03/2021,Y,CC-510
E12897,Zofia Dubois,People,"3,550.86",15/07/2021,Y,CC-130
E12898,Aarav Tanaka,People,"4,829.45",21/10/2024,Y,CC-130
E12899,Priya Nakamura,Legal,"14,644.49",20/03/2020,Y,CC-120
E12900,Aarav Sato,Finance,"14,233.71",05/06/2018,Y,CC-110
E12901,Amara Schmidt,Finance,"2,448.79",24/02/2021,Y,CC-110
E12902,Aarav Tanaka,Operations,"13,141.35",26/11/2021,Y,CC-510
E12903,Zofia Nakamura,Support,"14,335.92",03/09/2024,Y,CC-320
E12904,Mateo Nair,Legal,"12,787.11",23/01/2026,Y,CC-120
E12905,Lena Schmidt,People,"14,051.11",15/06/2025,Y,CC-130
E12906,Rafael Okafor,Engineering,"10,810.86",25/03/2022,N,CC-220
E12907,Priya Mensah,Support,"14,297.11",27/09/2025,Y,CC-320
E12908,Viktor Novak,Support,"2,411.55",11/02/2022,Y,CC-320
E12909,Omar Sato,People,"14,649.68",11/09/2022,Y,CC-130
E12910,Amara Ibrahim,Engineering,"14,936.82",23/02/2022,Y,CC-220
E12911,Mateo Costa,Support,"12,646.31",25/06/2018,Y,CC-320
E12912,Tomasz Rossi,Support,"4,309.74",09/12/2024,N,CC-320
E12913,Ines Tanaka,Support,"7,102.05",03/06/2018,Y,CC-320
E12914,Sara Silva,Engineering,"13,692.77",20/02/2025,Y,CC-220
E12915,Omar Tanaka,People,"6,742.25",05/08/2019,Y,CC-130
E12916,Nadia Rossi,Operations,"8,452.55",14/05/2026,Y,CC-510
E12917,Elena Haddad,Finance,"12,361.01",06/09/2024,Y,CC-110
E12918,Nadia Okafor,Engineering,"3,711.29",14/10/2024,Y,CC-220
E12919,Chen Haddad,Engineering,"3,145.90",27/06/2026,Y,CC-220
E12920,Hugo Nakamura,Operations,"6,886.25",21/03/2019,N,CC-510
E12921,Elena Silva,Eng,"2,752.97",01/04/2025,Y,CC-220
E12922,Sara Larsen,Marketing,"9,513.42",19/09/2023,Y,CC-410
E12923,Jonas Ibrahim,Operations,"13,632.10",05/05/2020,Y,CC-510
E12924,Priya Silva,Legal,"13,003.42",27/06/2025,Y,CC-120
E12925,Uma Nakamura,Finance & Control,"11,518.14",10/12/2018,Y,CC-110
E12926,Tomasz Schmidt,Support,"8,310.27",06/01/2018,Y,CC-320
E12927,Lena Schmidt,Legal,"7,973.83",23/10/2020,Y,CC-120
E12928,Ines Ibrahim,Finance,"10,442.66",03/06/2019,Y,CC-110
E12929,Hugo Schmidt,Eng,"11,957.78",12/02/2020,N,CC-220
E12930,Zofia Schmidt,Support,"3,968.91",04/11/2018,Y,CC-320
E12931,Kofi Novak,Operations,"8,218.99",03/10/2023,Y,CC-510
E12932,Aarav Nair,Operations,"5,857.57",21/03/2019,Y,CC-510
E12933,Sara Rossi,Sales EMEA,"8,617.20",20/12/2025,Y,CC-310
E12934,Nadia Nakamura,Finance,"10,583.52",15/04/2020,N,CC-110
E12935,Chen Kowalski,Sales,"13,880.09",20/02/2023,N,CC-310
E12936,Rafael Petrov,Operations,"10,159.04",24/08/2025,Y,CC-510
E12937,Uma Sato,Legal,"12,987.40",15/12/2023,Y,CC-120
E12938,Chen Larsen,Marketing,"4,924.11",23/02/2022,Y,CC-410
E12939,Elena Mensah,Legal,"3,056.41",16/10/2018,Y,CC-120
E12940,Mateo Ibrahim,Operations,"14,774.15",22/01/2020,Y,CC-510
E12941,Omar Haddad,Finance,"2,214.68",17/12/2022,Y,CC-110
E12942,Lena Petrov,Legal,"7,608.01",05/07/2020,Y,CC-120
E12943,Amara Dubois,Sales EMEA,"8,273.24",13/12/2021,Y,CC-310
E12944,Ines Okafor,People,"5,670.86",02/03/2024,Y,CC-130
E12945,Uma Kowalski,Support,"10,676.73",10/11/2021,Y,CC-320
E12946,Uma Novak,Marketing,"8,977.48",10/02/2021,Y,CC-410
E12947,Elena Rossi,Legal,"8,901.34",01/08/2021,Y,CC-120
E12948,Aarav Moreau,Finance,"11,863.83",11/10/2022,N,CC-110
E12949,Uma Silva,People,"9,310.83",05/05/2023,Y,CC-130
E12950,Kofi Petrov,Sales,"5,423.46",09/03/2022,Y,CC-310
E12951,Kofi Schmidt,Sales,"11,928.27",15/05/2020,Y,CC-310
E12952,Ines Dubois,Finance,"3,414.69",06/04/2019,Y,CC-110
E12953,Jonas Ibrahim,Marketing,"13,691.75",07/02/2018,Y,CC-410
E12954,Kofi Petrov,Legal,"3,163.08",27/02/2026,Y,CC-120
E12955,Elena Petrov,People,"11,792.11",14/08/2025,Y,CC-130
E12956,Aarav Rossi,Operations,"11,211.00",08/10/2018,N,CC-510
E12957,Kofi Schmidt,Support,"7,201.96",01/08/2025,Y,CC-320
E12958,Tomasz Ibrahim,Sales,"6,504.95",28/01/2024,Y,CC-310
E12959,Aarav Mensah,Legal,"7,060.47",27/09/2022,Y,CC-120
E12960,Fatima Moreau,People,"10,729.56",01/06/2026,Y,CC-130
E13001,New Starter,People,"3,000.00",01/09/2026,Y,CC-130
E13002,New Starter,People,"3,000.00",01/09/2026,Y,CC-130
E13003,New Starter,People,"3,000.00",01/09/2026,Y,CC-130
E13004,New Starter,People,"3,000.00",01/09/2026,Y,CC-130
E13005,New Starter,People,"3,000.00",01/09/2026,Y,CC-130
E13006,New Starter,People,"3,000.00",01/09/2026,Y,CC-130
E13007,New Starter,People,"3,000.00",01/09/2026,Y,CC-130
E13008,New Starter,People,"3,000.00",01/09/2026,Y,CC-130
E13009,New Starter,People,"3,000.00",01/09/2026,Y,CC-130
E13010,New Starter,People,"3,000.00",01/09/2026,Y,CC-130
E13011,New Starter,People,"3,000.00",01/09/2026,Y,CC-130
E13012,New Starter,People,"3,000.00",01/09/2026,Y,CC-130
E13013,New Starter,People,"3,000.00",01/09/2026,Y,CC-130
E13014,New Starter,People,"3,000.00",01/09/2026,Y,CC-130
E13015,New Starter,People,"3,000.00",01/09/2026,Y,CC-130
E13016,New Starter,People,"3,000.00",01/09/2026,Y,CC-130
E13017,New Starter,People,"3,000.00",01/09/2026,Y,CC-130
E13018,New Starter,People,"3,000.00",01/09/2026,Y,CC-130
E13019,New Starter,People,"3,000.00",01/09/2026,Y,CC-130
E13020,New Starter,People,"3,000.00",01/09/2026,Y,CC-130
E13021,New Starter,People,"3,000.00",01/09/2026,Y,CC-130
E13022,New Starter,People,"3,000.00",01/09/2026,Y,CC-130
E13023,New Starter,People,"3,000.00",01/09/2026,Y,CC-130
E13024,New Starter,People,"3,000.00",01/09/2026,Y,CC-130
E13025,New Starter,People,"3,000.00",01/09/2026,Y,CC-130
