OrderId,Customer,Amount,Currency,TradeDate,IsActive,Region
O00001,Initech,"4,739.85",USD,12/01/2026,Y,EU
O00002,Initech,"2,918.11",CHF,11/04/2026,Y,EU
O00003,Umbrella,"2,096.68",EUR,27/02/2026,N,EU
O00004,ACME,"4,135.99",EUR,28/04/2026,Y,US
O00005,Hooli,"2,931.85",EUR,11/04/2026,Y,EU
O00006,Initech,"2,101.50",CHF,28/02/2026,N,US
O00007,HOOLI,"4,082.47",EUR,28/02/2026,Y,EU
O00008,Initech,496.18,CHF,28/02/2026,Y,US
O00009,Hooli,"1,037.73",CHF,23/09/2026,N,US
O00010,UMBRELLA,"2,931.95",USD,19/06/2026,Y,US
O00011,Globex,"3,497.98",EUR,28/02/2026,N,US
O00012,Hooli,"2,480.63",USD,19/08/2026,Y,US
O00013,ACME,"2,564.54",EUR,14/06/2026,N,US
O00014,Umbrella,205.64,CHF,27/02/2026,N,EU
O00015,INITECH,"3,479.52",CHF,28/08/2026,N,EU
O00016,ACME,"4,201.44",USD,12/08/2026,Y,US
O00017,Initech,"3,239.17",CHF,19/08/2026,N,US
O00018,Initech,122.84,USD,15/06/2026,Y,US
O00019,Umbrella,304.18,USD,17/03/2026,N,EU
O00020,Umbrella,"4,588.99",USD,15/02/2026,N,US
O00021,Umbrella,"2,751.71",EUR,27/07/2026,N,US
O00022,Umbrella,"4,932.47",CHF,17/07/2026,Y,US
O00023,ACME,884.59,EUR,10/04/2026,N,EU
O00024,HOOLI,919.89,USD,14/01/2026,N,US
O00025,Hooli,"1,852.58",CHF,14/06/2026,Y,EU
O00026,Umbrella,"4,498.67",CHF,22/09/2026,N,US
O00027,Umbrella,"1,973.18",USD,11/07/2026,Y,US
O00028,ACME,"4,923.49",USD,13/03/2026,N,US
O00029,Hooli,272.35,EUR,27/03/2026,Y,US
O00030,Initech,"3,072.55",EUR,22/04/2026,Y,EU
O00031,Initech,"4,777.79",CHF,25/06/2026,Y,EU
O00032,ACME,"4,246.20",USD,25/08/2026,N,US
O00033,ACME,729.15,CHF,18/06/2026,N,EU
O00034,Globex,"2,586.51",EUR,21/09/2026,Y,US
O00035,Hooli,"4,571.59",CHF,12/05/2026,N,EU
O00036,Hooli,"1,839.83",EUR,17/06/2026,N,EU
O00037,Globex,"3,070.01",EUR,22/04/2026,Y,US
O00038,GLOBEX,"2,593.02",USD,10/01/2026,N,EU
O00039,UMBRELLA,"1,298.95",CHF,24/06/2026,N,EU
O00040,Initech,411.89,EUR,25/04/2026,Y,US
O00041,Initech,"1,029.82",CHF,25/01/2026,N,EU
O00042,ACME,"4,174.90",EUR,16/07/2026,N,US
O00043,Globex,"2,175.29",CHF,12/06/2026,N,US
O00044,Umbrella,"2,012.92",EUR,15/03/2026,Y,US
O00045,ACME,764.24,USD,25/03/2026,N,US
O00046,GLOBEX,"2,745.39",EUR,10/01/2026,Y,US
O00047,HOOLI,"3,749.99",EUR,16/07/2026,Y,EU
O00048,ACME,"1,265.16",USD,17/09/2026,N,US
O00049,Initech,"2,722.83",EUR,21/01/2026,N,EU
O00050,Hooli,"4,077.08",CHF,26/07/2026,Y,US
O00051,HOOLI,767.66,CHF,24/01/2026,Y,EU
O00052,Hooli,29.62,EUR,14/03/2026,N,EU
O00053,HOOLI,"3,628.71",CHF,20/01/2026,N,EU
O00054,ACME,"4,417.31",EUR,16/04/2026,N,US
O00055,ACME,"3,863.58",CHF,27/08/2026,Y,US
O00056,ACME,"2,221.81",CHF,26/09/2026,Y,US
O00057,INITECH,"2,267.21",CHF,26/08/2026,Y,US
O00058,Hooli,"4,383.91",USD,16/09/2026,N,EU
O00059,GLOBEX,"2,089.02",USD,20/08/2026,Y,US
O00060,Globex,"2,147.41",EUR,13/05/2026,Y,EU
O00061,INITECH,723.47,EUR,17/08/2026,Y,EU
O00062,UMBRELLA,"4,425.82",EUR,15/04/2026,N,EU
O00063,Hooli,"2,025.01",USD,21/04/2026,N,US
O00064,ACME,"3,613.53",EUR,27/06/2026,N,EU
O00065,Umbrella,"3,518.73",USD,26/06/2026,N,EU
O00066,HOOLI,"4,804.27",EUR,13/04/2026,Y,US
O00067,INITECH,"1,366.88",EUR,14/05/2026,N,EU
O00068,Initech,"2,035.68",CHF,28/09/2026,N,US
O00069,INITECH,456.42,EUR,23/03/2026,Y,EU
O00070,Initech,"4,692.37",CHF,18/02/2026,Y,EU
O00071,HOOLI,"4,282.58",EUR,13/05/2026,N,US
O00072,ACME,"1,702.37",CHF,18/07/2026,Y,US
O00073,ACME,"2,639.31",EUR,15/02/2026,N,US
O00074,ACME,913.92,USD,26/05/2026,Y,EU
O00075,Initech,"2,233.98",CHF,18/03/2026,N,EU
O00076,ACME,"4,972.55",EUR,10/01/2026,Y,EU
O00077,Hooli,"2,379.06",USD,23/02/2026,N,EU
O00078,HOOLI,"4,174.72",USD,19/09/2026,Y,US
O00079,Globex,"1,720.10",CHF,22/03/2026,N,EU
O00080,ACME,"4,186.57",EUR,18/02/2026,N,US
O00081,GLOBEX,286.45,CHF,26/07/2026,N,US
O00082,HOOLI,"1,222.45",USD,24/01/2026,Y,US
O00083,Globex,"1,352.49",EUR,21/05/2026,N,US
O00084,Hooli,"1,624.43",EUR,16/05/2026,N,US
O00085,Globex,15.33,USD,25/02/2026,N,EU
O00086,Hooli,"3,283.53",EUR,10/09/2026,Y,US
O00087,Initech,"4,087.05",EUR,28/07/2026,Y,EU
O00088,Umbrella,125.43,USD,12/04/2026,Y,US
O00089,HOOLI,"1,953.69",USD,14/08/2026,N,US
O00090,Hooli,"3,219.67",EUR,23/09/2026,Y,US
O00091,Hooli,"3,763.50",CHF,28/01/2026,Y,US
O00092,ACME,165.49,EUR,13/06/2026,N,US
O00093,Umbrella,"2,797.05",CHF,27/01/2026,Y,US
O00094,Umbrella,"1,326.33",USD,26/02/2026,Y,US
O00095,HOOLI,339.59,CHF,18/08/2026,Y,EU
O00096,Initech,"1,181.58",EUR,24/04/2026,N,EU
O00097,UMBRELLA,392.93,CHF,11/05/2026,Y,US
O00098,ACME,"3,002.53",USD,19/05/2026,Y,US
O00099,ACME,"2,417.28",USD,13/05/2026,Y,EU
O00100,Umbrella,"1,461.37",CHF,24/05/2026,N,EU
O00101,Umbrella,"3,838.18",CHF,19/04/2026,Y,EU
O00102,UMBRELLA,97.35,USD,26/02/2026,N,EU
O00103,Initech,"1,940.37",EUR,28/02/2026,Y,EU
O00104,Globex,"3,739.96",USD,14/06/2026,N,US
O00105,ACME,"3,519.65",EUR,25/08/2026,N,EU
O00106,ACME,803.74,USD,22/08/2026,N,US
O00107,GLOBEX,"2,086.74",USD,13/06/2026,N,US
O00108,ACME,"1,629.49",USD,13/07/2026,Y,US
O00109,ACME,"4,508.82",USD,21/05/2026,Y,EU
O00110,Umbrella,"1,956.90",CHF,21/02/2026,N,US
O00111,INITECH,"4,272.73",USD,11/02/2026,N,EU
O00112,Globex,"1,254.13",USD,26/07/2026,N,US
O00113,Globex,"3,868.19",USD,22/01/2026,Y,EU
O00114,ACME,256.89,CHF,24/07/2026,Y,US
O00115,INITECH,"2,433.02",CHF,15/03/2026,N,US
O00116,Umbrella,"1,724.88",USD,18/05/2026,N,US
O00117,Globex,"1,511.17",CHF,13/07/2026,Y,US
O00118,Globex,385.10,CHF,27/08/2026,Y,US
O00119,Umbrella,"4,537.04",USD,14/07/2026,Y,US
O00120,GLOBEX,462.67,USD,12/09/2026,N,EU
O00121,Globex,"1,847.84",CHF,10/04/2026,N,EU
O00122,Umbrella,"2,080.01",CHF,22/04/2026,N,US
O00123,Initech,"3,763.03",USD,28/05/2026,N,US
O00124,Globex,"3,438.44",CHF,12/04/2026,N,EU
O00125,GLOBEX,"1,928.96",CHF,23/08/2026,N,US
O00126,ACME,644.96,USD,28/08/2026,N,EU
O00127,ACME,374.96,CHF,24/08/2026,Y,US
O00128,ACME,"1,126.76",EUR,13/09/2026,N,EU
O00129,ACME,"2,761.99",EUR,14/01/2026,Y,US
O00130,Hooli,"4,600.40",CHF,14/05/2026,N,EU
O00131,Hooli,"3,185.09",CHF,13/02/2026,Y,EU
O00132,Initech,"2,626.94",CHF,22/04/2026,N,US
O00133,GLOBEX,"3,954.53",EUR,27/01/2026,N,EU
O00134,Umbrella,"1,400.23",USD,25/04/2026,Y,US
O00135,Hooli,"1,242.82",USD,11/05/2026,Y,EU
O00136,GLOBEX,"2,496.57",CHF,12/07/2026,N,US
O00137,Globex,"3,340.10",USD,25/04/2026,Y,EU
O00138,Initech,"3,594.48",USD,16/07/2026,Y,EU
O00139,Initech,"3,698.25",CHF,16/02/2026,N,US
O00140,GLOBEX,"1,565.46",EUR,24/04/2026,Y,US
O00141,Initech,"3,804.75",USD,25/02/2026,Y,EU
O00142,GLOBEX,"2,430.41",CHF,14/01/2026,N,EU
O00143,ACME,"1,072.62",CHF,23/03/2026,Y,US
O00144,ACME,928.68,USD,13/06/2026,Y,US
O00145,GLOBEX,"1,657.88",EUR,24/09/2026,Y,US
O00146,Initech,"3,325.51",USD,20/06/2026,N,US
O00147,Globex,553.70,EUR,12/05/2026,N,US
O00148,UMBRELLA,"4,778.02",EUR,16/09/2026,N,US
O00149,Initech,"3,845.97",USD,12/07/2026,Y,EU
O00150,Umbrella,985.63,CHF,16/08/2026,N,US
O00151,Initech,"3,690.34",USD,23/01/2026,Y,EU
O00152,Umbrella,212.84,EUR,12/08/2026,Y,EU
O00153,INITECH,982.76,EUR,21/06/2026,N,EU
O00154,Initech,"4,788.87",CHF,18/01/2026,N,US
O00155,Initech,"1,494.06",CHF,10/02/2026,Y,EU
O00156,ACME,"2,381.19",USD,18/07/2026,N,US
O00157,UMBRELLA,672.21,USD,10/03/2026,N,EU
O00158,Globex,"3,040.20",USD,24/06/2026,N,US
O00159,HOOLI,404.28,EUR,15/07/2026,Y,US
O00160,Umbrella,333.02,EUR,27/08/2026,N,US
O00161,Globex,"4,901.48",EUR,18/02/2026,Y,US
O00162,Globex,491.15,USD,15/08/2026,Y,US
O00163,Globex,"2,090.03",CHF,27/04/2026,Y,US
O00164,Initech,"1,475.97",CHF,21/05/2026,N,EU
O00165,Initech,"1,003.96",EUR,17/03/2026,Y,US
O00166,Globex,"1,413.96",CHF,20/04/2026,Y,EU
O00167,Umbrella,"1,265.75",EUR,26/09/2026,Y,US
O00168,ACME,"3,271.81",EUR,10/02/2026,N,US
O00169,GLOBEX,"4,204.38",USD,19/01/2026,Y,EU
O00170,ACME,256.74,CHF,12/04/2026,N,EU
O00171,HOOLI,"4,331.98",USD,10/05/2026,Y,EU
O00172,Hooli,"3,551.43",USD,11/04/2026,N,EU
O00173,Initech,715.43,EUR,11/05/2026,Y,EU
O00174,ACME,"4,095.98",USD,15/06/2026,N,EU
O00175,ACME,"1,025.00",USD,25/09/2026,Y,US
O00176,Umbrella,515.92,USD,14/09/2026,Y,EU
O00177,Globex,"1,994.88",USD,19/07/2026,N,US
O00178,UMBRELLA,"4,766.41",USD,23/06/2026,N,EU
O00179,ACME,"4,323.05",USD,22/04/2026,N,US
O00180,Globex,"4,710.52",USD,23/03/2026,Y,US
O00181,ACME,"2,037.03",USD,15/08/2026,Y,US
O00182,ACME,265.23,EUR,12/07/2026,N,US
O00183,Hooli,866.71,USD,15/05/2026,Y,EU
O00184,ACME,552.88,USD,19/04/2026,Y,EU
O00185,ACME,"4,877.98",USD,11/06/2026,N,US
O00186,ACME,"4,522.06",CHF,17/03/2026,N,EU
O00187,Hooli,"4,233.29",USD,28/03/2026,Y,US
O00188,ACME,"2,004.73",CHF,22/03/2026,N,US
O00189,ACME,755.84,CHF,11/04/2026,Y,EU
O00190,Initech,597.48,CHF,27/08/2026,N,EU
O00191,Umbrella,"1,547.98",EUR,22/07/2026,N,US
O00192,Umbrella,"2,526.92",EUR,10/01/2026,N,US
O00193,UMBRELLA,"1,183.90",CHF,15/08/2026,N,US
O00194,UMBRELLA,546.23,EUR,23/06/2026,N,EU
O00195,ACME,"4,013.39",CHF,11/09/2026,Y,US
O00196,Globex,420.38,CHF,26/06/2026,Y,EU
O00197,ACME,"3,762.77",USD,10/03/2026,Y,EU
O00198,HOOLI,"3,663.10",EUR,14/04/2026,N,US
O00199,Initech,"4,783.63",EUR,12/04/2026,N,US
O00200,Hooli,"3,783.34",EUR,18/06/2026,N,US
O00201,GLOBEX,"1,278.27",USD,28/04/2026,N,US
O00202,Hooli,"2,534.97",USD,11/06/2026,Y,EU
O00203,Globex,"2,028.12",CHF,20/05/2026,N,EU
O00204,Globex,"3,962.70",USD,26/02/2026,Y,US
O00205,Initech,"4,831.11",USD,26/09/2026,Y,EU
O00206,Initech,"4,964.84",CHF,21/07/2026,N,EU
O00207,Umbrella,"4,952.59",CHF,21/03/2026,N,EU
O00208,ACME,"2,216.99",EUR,19/01/2026,N,US
O00209,Initech,"3,199.80",CHF,10/06/2026,Y,EU
O00210,Globex,755.33,CHF,23/07/2026,N,EU
O00211,ACME,668.80,EUR,10/01/2026,Y,EU
O00212,ACME,"2,839.93",USD,26/02/2026,N,EU
O00213,Hooli,"1,129.05",CHF,28/05/2026,Y,US
O00214,Globex,"1,837.51",USD,14/03/2026,Y,EU
O00215,GLOBEX,"3,540.29",USD,12/02/2026,Y,US
O00216,Initech,"2,015.74",USD,11/01/2026,N,EU
O00217,HOOLI,"3,231.56",USD,25/09/2026,Y,US
O00218,Globex,"4,518.48",EUR,27/01/2026,Y,US
O00219,UMBRELLA,936.43,EUR,13/01/2026,Y,US
O00220,HOOLI,"2,759.11",EUR,23/03/2026,Y,US
O00221,Hooli,"3,044.33",CHF,15/07/2026,N,EU
O00222,ACME,"1,507.22",EUR,27/08/2026,Y,EU
O00223,Umbrella,"4,223.72",CHF,12/08/2026,N,EU
O00224,Globex,"1,137.48",EUR,17/05/2026,Y,US
O00225,ACME,"1,684.23",CHF,11/05/2026,N,US
O00226,HOOLI,"3,399.38",CHF,18/09/2026,N,US
O00227,Globex,436.25,CHF,15/01/2026,N,EU
O00228,Globex,"4,210.20",EUR,20/03/2026,Y,US
O00229,Umbrella,"1,649.48",EUR,27/07/2026,N,US
O00230,Umbrella,"4,200.16",CHF,10/01/2026,N,EU
O00231,GLOBEX,"2,856.00",USD,22/04/2026,Y,EU
O00232,Hooli,"4,554.84",EUR,10/01/2026,Y,US
O00233,ACME,"3,113.63",EUR,14/06/2026,Y,US
O00234,ACME,217.83,CHF,12/01/2026,Y,US
O00235,ACME,"4,283.92",USD,27/04/2026,Y,US
O00236,UMBRELLA,544.51,EUR,13/04/2026,Y,EU
O00237,ACME,"4,746.76",CHF,19/02/2026,N,US
O00238,ACME,671.94,CHF,19/04/2026,N,EU
O00239,INITECH,"2,124.59",EUR,18/06/2026,N,US
O00240,ACME,"3,581.65",USD,26/06/2026,N,EU
O00241,INITECH,"3,095.20",EUR,10/07/2026,N,EU
O00242,HOOLI,"3,867.40",USD,11/08/2026,Y,US
O00243,ACME,"2,872.40",USD,23/03/2026,Y,EU
O00244,HOOLI,"1,015.46",EUR,21/01/2026,N,EU
O00245,ACME,"2,462.51",EUR,28/08/2026,N,US
O00246,Hooli,"1,310.27",EUR,16/05/2026,Y,US
O00247,UMBRELLA,837.30,CHF,25/02/2026,Y,US
O00248,INITECH,"1,784.53",USD,12/07/2026,N,US
O00249,ACME,"1,866.03",USD,23/05/2026,Y,US
O00250,Umbrella,"4,912.23",CHF,24/04/2026,Y,US
O00251,Hooli,"2,974.50",CHF,21/01/2026,N,US
O00252,HOOLI,785.08,USD,20/09/2026,Y,US
O00253,Umbrella,"2,199.60",USD,14/04/2026,N,EU
O00254,UMBRELLA,"3,217.08",CHF,26/04/2026,Y,EU
O00255,Initech,"1,514.52",CHF,14/03/2026,Y,US
O00256,Initech,"3,018.45",USD,17/03/2026,N,US
O00257,Globex,"1,300.85",CHF,15/02/2026,Y,EU
O00258,Globex,"1,927.32",EUR,19/05/2026,N,US
O00259,Initech,988.99,CHF,18/02/2026,Y,US
O00260,Umbrella,"2,324.94",EUR,23/07/2026,Y,EU
O00261,Hooli,"4,904.60",USD,10/08/2026,Y,EU
O00262,Initech,"3,022.51",USD,17/01/2026,N,EU
O00263,Hooli,"2,941.26",CHF,17/07/2026,Y,EU
O00264,Globex,"3,211.28",USD,20/07/2026,N,EU
O00265,ACME,"4,474.77",EUR,15/07/2026,N,EU
O00266,UMBRELLA,"2,418.89",EUR,26/07/2026,Y,US
O00267,Initech,"3,893.12",USD,13/08/2026,Y,US
O00268,Initech,"2,722.46",EUR,26/04/2026,N,US
O00269,ACME,"4,237.33",USD,16/09/2026,N,US
O00270,Hooli,90.37,USD,20/09/2026,N,US
O00271,Umbrella,"1,058.35",CHF,22/03/2026,Y,EU
O00272,HOOLI,"1,783.81",EUR,18/05/2026,N,US
O00273,UMBRELLA,316.90,EUR,23/07/2026,N,US
O00274,Hooli,"1,333.14",EUR,22/05/2026,Y,US
O00275,Umbrella,"2,315.96",EUR,12/03/2026,Y,US
O00276,Umbrella,"3,214.57",CHF,14/04/2026,N,US
O00277,UMBRELLA,"2,345.82",USD,14/09/2026,N,EU
O00278,INITECH,"3,919.38",EUR,22/05/2026,N,EU
O00279,Umbrella,"3,397.30",USD,18/01/2026,N,EU
O00280,GLOBEX,"3,275.47",USD,25/08/2026,N,EU
O00281,Hooli,"3,190.13",CHF,14/06/2026,N,EU
O00282,Umbrella,294.74,CHF,14/06/2026,N,US
O00283,Hooli,84.78,EUR,12/04/2026,N,US
O00284,Initech,"3,044.92",CHF,17/03/2026,Y,EU
O00285,UMBRELLA,"1,738.76",EUR,22/04/2026,Y,EU
O00286,Hooli,"4,456.77",CHF,27/02/2026,N,EU
O00287,Globex,"2,477.36",EUR,12/09/2026,N,US
O00288,ACME,"2,779.77",USD,17/07/2026,Y,US
O00289,Umbrella,"2,470.45",EUR,24/08/2026,Y,US
O00290,Umbrella,"1,240.37",EUR,10/09/2026,Y,EU
O00291,INITECH,"2,345.12",CHF,19/08/2026,N,US
O00292,INITECH,"2,134.81",CHF,15/02/2026,N,US
O00293,ACME,112.59,EUR,13/06/2026,N,EU
O00294,Umbrella,"3,788.29",EUR,16/01/2026,N,US
O00295,Globex,"1,699.65",CHF,20/06/2026,N,US
O00296,Hooli,"2,775.09",EUR,23/05/2026,N,US
O00297,Umbrella,"1,265.34",EUR,19/05/2026,N,EU
O00298,Umbrella,"2,024.61",CHF,26/05/2026,N,US
O00299,GLOBEX,"3,276.25",EUR,16/06/2026,N,EU
O00300,Initech,646.58,CHF,11/02/2026,N,US
O00301,HOOLI,"4,429.15",CHF,22/01/2026,N,US
O00302,ACME,40.99,EUR,11/08/2026,N,US
O00303,Hooli,743.79,CHF,16/02/2026,Y,EU
O00304,UMBRELLA,"3,130.14",EUR,15/02/2026,Y,US
O00305,Umbrella,"3,874.93",CHF,21/01/2026,Y,US
O00306,Initech,"2,814.89",USD,15/05/2026,N,US
O00307,ACME,"1,599.20",USD,25/01/2026,Y,US
O00308,ACME,"3,871.15",USD,24/07/2026,Y,EU
O00309,ACME,"3,403.01",CHF,25/03/2026,N,US
O00310,HOOLI,519.20,CHF,16/08/2026,Y,EU
O00311,ACME,"2,140.73",EUR,12/02/2026,Y,EU
O00312,ACME,653.55,EUR,28/05/2026,Y,EU
O00313,Umbrella,"3,670.45",EUR,21/01/2026,Y,US
O00314,ACME,"1,472.79",CHF,24/08/2026,N,US
O00315,ACME,"3,588.88",EUR,10/01/2026,Y,US
O00316,Umbrella,"1,562.20",CHF,25/03/2026,Y,EU
O00317,INITECH,"1,844.15",CHF,25/08/2026,Y,US
O00318,Globex,"4,832.11",EUR,15/06/2026,N,US
O00319,Umbrella,"1,931.57",USD,28/05/2026,N,US
O00320,INITECH,"1,406.74",CHF,10/06/2026,Y,EU
O00321,Hooli,"4,164.80",CHF,17/07/2026,N,US
O00322,Umbrella,"3,427.26",GBP,24/04/2026,N,US
O00323,ACME,"1,614.41",USD,15/07/2026,Y,US
O00324,INITECH,"4,167.82",CHF,18/03/2026,N,US
O00325,INITECH,"2,677.44",CHF,25/09/2026,N,EU
O00326,Globex,"3,940.57",CHF,19/04/2026,Y,US
O00327,Umbrella,"2,331.96",EUR,28/05/2026,Y,EU
O00328,Umbrella,"2,303.99",EUR,21/09/2026,Y,US
O00329,Globex,"1,996.95",CHF,26/05/2026,N,US
O00330,Umbrella,"2,540.03",EUR,16/04/2026,Y,US
O00331,ACME,911.66,CHF,21/05/2026,N,EU
O00332,Umbrella,"3,901.91",EUR,11/04/2026,N,US
O00333,Initech,"4,333.20",USD,12/08/2026,Y,EU
O00334,Initech,"2,990.09",USD,26/05/2026,Y,EU
O00335,ACME,177.56,CHF,28/08/2026,Y,US
O00336,Initech,"4,628.22",USD,13/07/2026,N,EU
O00337,Hooli,"4,095.97",EUR,11/05/2026,N,US
O00338,GLOBEX,"4,973.13",USD,10/02/2026,Y,EU
O00339,ACME,"2,791.33",CHF,25/08/2026,Y,EU
O00340,Hooli,"3,202.81",EUR,18/02/2026,N,EU
O00341,Hooli,"1,173.71",EUR,22/09/2026,Y,US
O00342,Umbrella,"4,249.98",USD,17/04/2026,Y,US
O00343,ACME,"4,709.15",USD,27/01/2026,Y,EU
O00344,ACME,"1,295.86",CHF,11/08/2026,Y,EU
O00345,GLOBEX,"1,595.24",EUR,19/04/2026,N,US
O00346,ACME,"2,358.92",USD,22/05/2026,Y,EU
O00347,INITECH,"2,411.75",EUR,17/08/2026,Y,EU
O00348,ACME,"2,344.81",EUR,15/01/2026,Y,EU
O00349,ACME,"4,670.54",USD,24/03/2026,Y,EU
O00350,UMBRELLA,"4,212.82",CHF,24/02/2026,N,EU
O00351,Initech,"4,117.07",USD,21/02/2026,Y,US
O00352,Initech,"1,116.04",EUR,24/03/2026,Y,EU
O00353,Umbrella,"4,354.91",USD,23/07/2026,Y,EU
O00354,GLOBEX,136.85,CHF,20/05/2026,Y,EU
O00355,Initech,"2,460.12",USD,25/08/2026,Y,EU
O00356,Globex,"4,893.32",EUR,27/04/2026,N,US
O00357,Initech,604.75,EUR,23/06/2026,N,EU
O00358,Globex,"4,626.15",EUR,19/07/2026,N,EU
O00359,Globex,296.84,CHF,14/05/2026,Y,EU
O00360,Umbrella,"4,037.05",USD,14/09/2026,N,EU
O00361,ACME,"3,949.93",CHF,15/05/2026,N,EU
O00362,Umbrella,212.33,USD,18/04/2026,Y,EU
O00363,Globex,"4,218.42",CHF,15/04/2026,Y,EU
O00364,Hooli,405.54,EUR,18/08/2026,Y,US
O00365,GLOBEX,693.83,CHF,28/04/2026,N,EU
O00366,GLOBEX,60.08,CHF,23/09/2026,Y,US
O00367,HOOLI,"4,055.13",GBP,25/05/2026,Y,US
O00368,ACME,"2,053.49",USD,18/03/2026,Y,US
O00369,Globex,"2,820.01",USD,15/01/2026,N,EU
O00370,Hooli,"2,978.53",EUR,26/06/2026,N,US
O00371,Hooli,366.00,USD,20/04/2026,N,US
O00372,Hooli,"3,759.07",EUR,13/05/2026,N,EU
O00373,Umbrella,"2,571.44",CHF,14/09/2026,Y,US
O00374,Globex,"4,837.46",EUR,15/03/2026,Y,US
O00375,Initech,"1,264.61",EUR,13/01/2026,Y,US
O00376,Initech,98.26,CHF,26/08/2026,Y,US
O00377,Umbrella,523.29,EUR,11/03/2026,N,EU
O00378,ACME,"2,329.58",CHF,18/09/2026,Y,EU
O00379,ACME,616.50,EUR,28/09/2026,Y,US
O00380,Globex,744.63,CHF,22/08/2026,Y,US
O00381,ACME,"4,688.53",USD,26/07/2026,Y,EU
O00382,Umbrella,"4,852.75",EUR,20/06/2026,N,US
O00383,Globex,"4,194.46",CHF,28/07/2026,N,US
O00384,Umbrella,"4,235.89",EUR,26/06/2026,Y,EU
O00385,Initech,"1,253.93",USD,21/01/2026,Y,EU
O00386,Hooli,945.60,USD,16/07/2026,Y,EU
O00387,Globex,705.64,USD,11/08/2026,Y,US
O00388,ACME,"4,329.38",CHF,18/05/2026,Y,EU
O00389,Hooli,507.20,EUR,10/09/2026,N,EU
O00390,Globex,"4,754.82",USD,19/02/2026,N,EU
O00391,Globex,610.70,CHF,18/09/2026,Y,EU
O00392,Umbrella,"2,955.34",EUR,13/08/2026,Y,EU
O00393,Initech,"4,578.78",CHF,18/05/2026,Y,EU
O00394,ACME,"3,704.61",USD,28/08/2026,Y,US
O00395,UMBRELLA,"1,013.95",CHF,24/06/2026,N,EU
O00396,Hooli,"2,394.50",USD,17/01/2026,N,US
O00397,Globex,952.13,CHF,28/07/2026,N,EU
O00398,ACME,"4,621.72",EUR,20/04/2026,N,EU
O00399,Umbrella,"1,356.94",EUR,11/05/2026,Y,EU
O00400,Globex,"2,760.13",CHF,24/06/2026,Y,US
O00401,HOOLI,"1,945.56",USD,13/06/2026,Y,US
O00402,Globex,"2,089.59",CHF,14/06/2026,Y,EU
O00403,Hooli,"3,057.68",USD,13/09/2026,N,EU
O00404,Initech,"3,926.86",CHF,23/03/2026,Y,US
O00405,ACME,"2,057.98",CHF,25/02/2026,N,US
O00406,HOOLI,755.75,USD,22/02/2026,N,US
O00407,Umbrella,"1,451.47",USD,21/05/2026,N,US
O00408,Hooli,"2,781.20",USD,10/06/2026,N,US
O00409,UMBRELLA,"2,225.71",EUR,19/09/2026,Y,US
O00410,Umbrella,"2,881.41",CHF,12/04/2026,N,EU
O00411,Initech,"4,845.06",CHF,20/04/2026,Y,US
O00412,UMBRELLA,"4,457.36",EUR,11/01/2026,N,US
O00413,Hooli,"4,480.50",USD,19/09/2026,N,US
O00414,Hooli,"4,130.12",CHF,22/07/2026,N,EU
O00415,Initech,213.15,CHF,24/06/2026,Y,EU
O00416,ACME,"2,630.99",EUR,21/07/2026,N,US
O00417,Hooli,"4,642.78",EUR,23/04/2026,N,EU
O00418,UMBRELLA,"2,206.42",CHF,26/06/2026,Y,EU
O00419,Globex,"1,819.96",USD,19/02/2026,Y,US
O00420,ACME,"3,283.07",USD,26/06/2026,N,US
O00421,Globex,"2,625.04",CHF,26/04/2026,Y,EU
O00422,UMBRELLA,920.23,CHF,21/02/2026,Y,US
O00423,Umbrella,63.56,EUR,27/05/2026,Y,EU
O00424,INITECH,"1,993.85",EUR,10/01/2026,Y,EU
O00425,GLOBEX,"2,494.33",CHF,27/05/2026,Y,EU
O00426,Hooli,"1,000.75",CHF,14/02/2026,Y,EU
O00427,HOOLI,"3,799.88",EUR,13/01/2026,Y,EU
O00428,GLOBEX,"4,739.70",USD,23/08/2026,Y,EU
O00429,ACME,"3,425.98",CHF,14/06/2026,Y,EU
O00430,Initech,"1,384.48",EUR,13/05/2026,Y,US
O00431,INITECH,966.35,CHF,10/07/2026,Y,US
O00432,Globex,"4,448.86",CHF,24/01/2026,Y,US
O00433,Hooli,"1,199.08",EUR,15/01/2026,Y,EU
O00434,Initech,40.76,USD,23/05/2026,N,EU
O00435,Umbrella,"4,897.91",EUR,22/04/2026,Y,US
O00436,Umbrella,"1,552.70",CHF,10/08/2026,Y,EU
O00437,ACME,875.60,USD,15/07/2026,Y,US
O00438,Initech,"1,986.17",USD,20/02/2026,N,EU
O00439,Initech,"2,021.95",EUR,23/02/2026,N,EU
O00440,Hooli,"1,232.23",EUR,19/08/2026,N,EU
O00441,Globex,"2,183.53",USD,20/01/2026,Y,US
O00442,Globex,"3,532.30",EUR,18/04/2026,Y,EU
O00443,Hooli,"2,222.11",EUR,21/03/2026,N,US
O00444,Globex,"3,615.11",USD,19/04/2026,N,US
O00445,Hooli,"1,030.18",USD,18/03/2026,N,US
O00446,Hooli,"4,949.96",CHF,22/04/2026,Y,EU
O00447,Globex,"4,363.23",EUR,12/09/2026,N,US
O00448,Umbrella,153.30,CHF,19/03/2026,Y,EU
O00449,Umbrella,"3,556.42",CHF,17/03/2026,N,US
O00450,Globex,"3,317.12",EUR,27/02/2026,N,EU
O00451,HOOLI,"3,794.68",EUR,19/02/2026,Y,US
O00452,Globex,"1,449.96",CHF,19/07/2026,N,EU
O00453,UMBRELLA,"4,223.37",USD,18/03/2026,Y,US
O00454,ACME,"1,841.46",CHF,23/06/2026,Y,US
O00455,Umbrella,"1,249.62",USD,13/06/2026,Y,EU
O00456,Initech,585.01,CHF,11/04/2026,N,EU
O00457,ACME,"3,046.56",USD,19/04/2026,Y,US
O00458,Umbrella,"3,694.23",CHF,15/05/2026,Y,EU
O00459,HOOLI,"2,494.48",CHF,23/05/2026,N,US
O00460,ACME,568.24,CHF,11/05/2026,Y,US
O00461,Globex,"3,405.00",EUR,16/06/2026,N,US
O00462,ACME,"2,093.25",CHF,17/07/2026,N,US
O00463,Hooli,458.77,USD,20/08/2026,N,US
O00464,Hooli,280.96,CHF,23/04/2026,Y,EU
O00465,Umbrella,"3,811.99",EUR,18/09/2026,Y,US
O00466,Hooli,826.84,CHF,27/04/2026,N,EU
O00467,GLOBEX,"4,818.40",EUR,21/06/2026,N,EU
O00468,ACME,"1,015.04",USD,14/03/2026,N,EU
O00469,Umbrella,"1,196.98",EUR,26/01/2026,N,EU
O00470,Globex,"4,678.23",USD,14/05/2026,Y,EU
O00471,HOOLI,"2,820.71",USD,27/02/2026,N,EU
O00472,Globex,"3,388.36",EUR,22/08/2026,Y,US
O00473,ACME,"3,453.75",EUR,25/06/2026,Y,EU
O00474,ACME,313.28,USD,16/05/2026,Y,US
O00475,Initech,"2,242.96",EUR,20/03/2026,N,EU
O00476,UMBRELLA,"2,850.24",USD,27/03/2026,Y,US
O00477,ACME,63.86,USD,20/02/2026,N,US
O00478,ACME,"3,229.09",USD,16/08/2026,N,EU
O00479,ACME,"1,802.88",EUR,18/05/2026,Y,US
O00480,ACME,704.57,EUR,22/01/2026,Y,US
O00481,Initech,"1,845.59",CHF,15/09/2026,Y,US
O00482,INITECH,"3,714.19",USD,15/07/2026,N,US
O00483,Initech,"1,154.34",EUR,21/09/2026,N,US
O00484,Globex,298.03,EUR,11/07/2026,Y,EU
O00485,UMBRELLA,"2,120.67",CHF,19/03/2026,Y,EU
O00486,GLOBEX,"3,444.65",EUR,24/03/2026,N,EU
O00487,ACME,"4,895.40",USD,16/08/2026,Y,US
O00488,INITECH,23.98,CHF,23/09/2026,Y,EU
O00489,INITECH,369.25,EUR,23/09/2026,N,US
O00490,ACME,"2,199.08",CHF,15/03/2026,N,EU
O00491,Initech,30.93,CHF,28/06/2026,Y,EU
O00492,Umbrella,434.36,USD,24/09/2026,N,US
O00493,Hooli,"4,541.17",EUR,12/07/2026,Y,EU
O00494,Initech,"3,049.65",USD,21/07/2026,N,US
O00495,Globex,"1,503.57",USD,10/09/2026,Y,US
O00496,Globex,"3,396.63",USD,14/02/2026,N,EU
O00497,Hooli,"2,908.03",USD,26/06/2026,Y,EU
O00498,Hooli,"2,212.43",USD,17/02/2026,Y,EU
O00499,GLOBEX,"2,745.09",EUR,18/04/2026,Y,EU
O00500,Globex,"2,663.39",USD,17/08/2026,N,EU
O00501,Globex,"2,710.72",CHF,26/02/2026,Y,US
O00502,Umbrella,"3,400.67",USD,26/03/2026,Y,EU
O00503,Hooli,519.45,CHF,27/07/2026,Y,US
O00504,Globex,"2,819.54",EUR,21/03/2026,Y,EU
O00505,Umbrella,"1,192.14",USD,10/01/2026,Y,US
O00506,Umbrella,"1,506.65",CHF,23/03/2026,Y,EU
O00507,Hooli,"4,943.21",EUR,21/02/2026,Y,EU
O00508,INITECH,"3,729.72",USD,18/01/2026,Y,EU
O00509,Globex,"1,871.34",CHF,21/09/2026,N,EU
O00510,ACME,"4,084.56",USD,21/02/2026,N,US
O00511,Hooli,573.72,CHF,18/04/2026,N,EU
O00512,GLOBEX,"3,472.70",EUR,13/08/2026,Y,EU
O00513,Umbrella,560.98,USD,14/03/2026,N,EU
O00514,Umbrella,"4,182.67",CHF,27/05/2026,N,EU
O00515,Umbrella,78.87,USD,25/03/2026,N,EU
O00516,ACME,"4,004.27",EUR,15/02/2026,N,US
O00517,Umbrella,"4,837.97",CHF,22/08/2026,Y,EU
O00518,HOOLI,"2,589.82",GBP,26/06/2026,Y,US
O00519,INITECH,"4,470.98",CHF,16/01/2026,Y,US
O00520,Initech,"3,638.96",USD,22/08/2026,N,EU
O00521,Initech,39.88,CHF,20/08/2026,Y,EU
O00522,ACME,"1,251.21",CHF,14/01/2026,Y,EU
O00523,INITECH,"1,928.31",EUR,18/09/2026,N,US
O00524,Hooli,"2,871.90",CHF,11/03/2026,Y,EU
O00525,Globex,"3,873.75",CHF,21/02/2026,N,EU
O00526,Globex,"4,365.34",EUR,19/02/2026,N,EU
O00527,Initech,"2,549.45",CHF,21/04/2026,N,US
O00528,Initech,311.64,USD,25/06/2026,N,US
O00529,Globex,"4,048.00",USD,14/03/2026,Y,EU
O00530,ACME,"4,444.94",CHF,22/08/2026,N,EU
O00531,Umbrella,"2,847.95",USD,28/03/2026,Y,EU
O00532,Globex,"1,514.43",USD,28/05/2026,N,US
O00533,ACME,"4,606.91",CHF,28/02/2026,Y,EU
O00534,INITECH,"2,906.60",USD,23/06/2026,Y,US
O00535,Umbrella,"1,603.09",EUR,18/05/2026,Y,US
O00536,Globex,"3,135.98",EUR,16/01/2026,Y,US
O00537,Umbrella,"2,245.11",CHF,26/05/2026,Y,US
O00538,Globex,"1,216.26",EUR,11/03/2026,Y,EU
O00539,ACME,"4,049.26",CHF,14/06/2026,Y,EU
O00540,Globex,"1,360.46",CHF,20/01/2026,Y,US
O00541,Globex,"1,614.52",CHF,25/01/2026,N,EU
O00542,Hooli,"3,395.56",USD,11/03/2026,N,EU
O00543,ACME,445.12,CHF,25/06/2026,N,US
O00544,INITECH,"4,701.79",EUR,20/01/2026,N,US
O00545,ACME,"2,081.52",CHF,15/06/2026,Y,EU
O00546,ACME,789.40,EUR,12/09/2026,N,US
O00547,Initech,"2,120.08",CHF,14/09/2026,N,US
O00548,Globex,"3,708.00",USD,11/08/2026,N,EU
O00549,Hooli,"4,887.15",USD,18/09/2026,N,EU
O00550,Hooli,"2,652.78",USD,18/03/2026,Y,US
O00551,HOOLI,"2,384.06",CHF,14/06/2026,Y,EU
O00552,Umbrella,"3,785.38",EUR,14/01/2026,Y,US
O00553,ACME,"2,720.93",EUR,15/09/2026,N,EU
O00554,Hooli,"1,837.32",EUR,15/03/2026,Y,EU
O00555,Initech,"3,892.75",EUR,25/08/2026,Y,EU
O00556,Initech,"4,506.14",USD,16/08/2026,N,US
O00557,ACME,547.94,CHF,12/01/2026,N,US
O00558,Initech,309.33,CHF,23/07/2026,N,US
O00559,Globex,163.23,EUR,23/05/2026,Y,US
O00560,Globex,"1,773.79",USD,18/07/2026,N,EU
O00561,Umbrella,"1,090.88",CHF,25/03/2026,N,EU
O00562,Globex,"4,115.92",USD,20/02/2026,Y,EU
O00563,Umbrella,"4,361.78",EUR,20/03/2026,N,EU
O00564,GLOBEX,"2,899.60",EUR,11/06/2026,N,EU
O00565,Globex,"2,179.69",EUR,10/05/2026,Y,EU
O00566,Globex,"4,871.94",EUR,19/03/2026,Y,US
O00567,Hooli,"3,682.72",EUR,24/03/2026,N,US
O00568,ACME,"2,076.87",CHF,20/07/2026,Y,EU
O00569,Hooli,"1,180.71",CHF,11/01/2026,Y,EU
O00570,Hooli,"2,979.95",CHF,13/07/2026,Y,EU
O00571,ACME,"4,953.99",USD,13/02/2026,Y,EU
O00572,Umbrella,"4,853.23",CHF,10/07/2026,Y,US
O00573,Globex,"3,430.10",EUR,26/09/2026,Y,US
O00574,Hooli,"1,774.33",USD,21/02/2026,Y,EU
O00575,GLOBEX,"3,659.68",USD,10/03/2026,N,US
O00576,INITECH,353.91,EUR,26/04/2026,Y,EU
O00577,Umbrella,"3,949.70",USD,10/05/2026,N,US
O00578,ACME,"3,269.04",CHF,27/05/2026,N,EU
O00579,Umbrella,"4,910.22",CHF,22/05/2026,N,EU
O00580,Initech,"2,704.58",USD,22/03/2026,N,EU
O00581,UMBRELLA,"4,020.73",CHF,17/01/2026,N,US
O00582,Hooli,"3,652.68",EUR,13/04/2026,Y,EU
O00583,Hooli,"3,922.00",CHF,22/01/2026,N,EU
O00584,Umbrella,"2,749.25",GBP,28/08/2026,Y,EU
O00585,UMBRELLA,"3,733.57",USD,20/09/2026,N,US
O00586,Globex,"4,126.70",CHF,21/07/2026,Y,US
O00587,Umbrella,"4,879.90",USD,12/06/2026,Y,EU
O00588,Hooli,"3,829.29",USD,21/08/2026,N,EU
O00589,Hooli,"1,113.91",EUR,26/02/2026,N,US
O00590,Hooli,"1,032.16",EUR,17/06/2026,Y,US
O00591,Globex,"4,111.21",USD,11/03/2026,N,US
O00592,Umbrella,"1,815.20",USD,23/02/2026,Y,EU
O00593,INITECH,"1,886.66",USD,26/06/2026,N,US
O00594,UMBRELLA,"3,314.57",USD,19/07/2026,N,EU
O00595,ACME,"2,251.52",USD,26/03/2026,Y,EU
O00596,ACME,"3,404.10",USD,26/08/2026,Y,US
O00597,Hooli,"1,860.16",USD,18/07/2026,Y,EU
O00598,Hooli,"1,012.26",CHF,11/05/2026,Y,US
O00599,Initech,"3,593.72",USD,18/06/2026,Y,EU
O00600,Initech,"4,177.22",EUR,25/09/2026,Y,EU
O00601,GLOBEX,650.22,USD,11/06/2026,N,US
O00602,Umbrella,"1,842.20",CHF,23/05/2026,N,US
O00603,Hooli,"4,056.02",USD,22/04/2026,Y,EU
O00604,Hooli,966.13,CHF,12/06/2026,Y,EU
O00605,INITECH,"4,302.29",EUR,22/08/2026,N,US
O00606,HOOLI,"2,079.41",CHF,13/01/2026,N,EU
O00607,UMBRELLA,"3,512.38",USD,25/07/2026,Y,US
O00608,ACME,"2,204.79",USD,26/03/2026,Y,US
O00609,Globex,"3,704.84",USD,11/09/2026,N,US
O00610,Hooli,"1,657.46",USD,13/08/2026,Y,EU
O00611,Globex,"4,240.97",CHF,13/01/2026,N,US
O00612,ACME,"4,242.29",EUR,11/08/2026,Y,EU
O00613,INITECH,"2,419.13",EUR,23/09/2026,Y,US
O00614,Umbrella,"4,086.08",CHF,20/03/2026,N,EU
O00615,GLOBEX,"2,595.91",EUR,27/03/2026,N,EU
O00616,Hooli,"1,319.09",USD,18/07/2026,N,EU
O00617,HOOLI,"1,979.97",USD,19/01/2026,N,US
O00618,Globex,"4,335.21",USD,18/09/2026,N,US
O00619,GLOBEX,667.43,EUR,21/09/2026,N,EU
O00620,UMBRELLA,"3,552.27",EUR,20/06/2026,Y,EU
O00621,Umbrella,"4,597.70",CHF,20/01/2026,Y,US
O00622,Hooli,347.53,CHF,11/06/2026,N,EU
O00623,Globex,"3,982.48",USD,16/04/2026,N,US
O00624,Umbrella,"4,674.95",USD,16/04/2026,Y,EU
O00625,GLOBEX,"2,178.98",CHF,11/02/2026,Y,US
O00626,ACME,"4,073.34",USD,10/03/2026,Y,EU
O00627,UMBRELLA,"1,111.82",CHF,16/05/2026,Y,EU
O00628,GLOBEX,"3,889.95",CHF,26/04/2026,Y,US
O00629,Umbrella,485.22,EUR,23/01/2026,Y,US
O00630,Initech,"3,533.99",USD,14/07/2026,Y,US
O00631,Globex,218.37,USD,17/05/2026,N,US
O00632,Hooli,"3,599.59",USD,20/05/2026,Y,EU
O00633,Globex,"4,728.33",CHF,22/04/2026,Y,EU
O00634,Initech,"1,906.07",CHF,17/05/2026,Y,US
O00635,Globex,"2,327.54",CHF,23/03/2026,N,EU
O00636,Umbrella,580.72,USD,16/02/2026,Y,US
O00637,Initech,"2,454.68",EUR,12/08/2026,Y,EU
O00638,Umbrella,"1,407.19",USD,12/09/2026,Y,US
O00639,Globex,"2,357.57",EUR,11/05/2026,Y,US
O00640,ACME,"1,728.05",EUR,11/05/2026,Y,US
O00641,Initech,"1,757.65",USD,20/04/2026,N,EU
O00642,Globex,557.14,USD,27/02/2026,N,EU
O00643,ACME,"3,740.51",EUR,22/03/2026,N,US
O00644,ACME,181.06,CHF,23/02/2026,Y,EU
O00645,Umbrella,"2,893.19",USD,21/02/2026,Y,EU
O00646,Initech,856.79,EUR,10/06/2026,N,EU
O00647,Initech,753.70,EUR,17/02/2026,Y,US
O00648,Globex,"2,485.68",CHF,13/09/2026,N,EU
O00649,Umbrella,"1,237.39",CHF,11/09/2026,N,US
O00650,Initech,"4,747.48",USD,27/07/2026,Y,US
O00651,Globex,"4,542.93",CHF,26/09/2026,Y,EU
O00652,ACME,85.41,EUR,28/08/2026,Y,US
O00653,GLOBEX,447.02,EUR,18/03/2026,Y,US
O00654,UMBRELLA,"1,972.40",CHF,19/02/2026,Y,EU
O00655,ACME,"3,322.81",EUR,17/04/2026,Y,US
O00656,Globex,374.54,USD,11/02/2026,Y,EU
O00657,HOOLI,"3,866.55",EUR,20/05/2026,Y,EU
O00658,UMBRELLA,"2,963.40",EUR,20/01/2026,N,US
O00659,Umbrella,170.87,EUR,26/03/2026,Y,US
O00660,Globex,"3,985.60",EUR,16/04/2026,Y,EU
O00661,Initech,"3,543.11",EUR,25/01/2026,Y,US
O00662,Umbrella,"2,632.51",USD,12/02/2026,Y,US
O00663,ACME,"4,230.17",USD,21/02/2026,Y,US
O00664,Umbrella,"3,366.86",CHF,14/08/2026,N,EU
O00665,Initech,"4,524.87",CHF,28/08/2026,Y,US
O00666,Umbrella,"1,935.27",CHF,19/09/2026,Y,EU
O00667,ACME,"4,847.13",USD,17/04/2026,Y,EU
O00668,HOOLI,"2,295.43",EUR,28/08/2026,Y,EU
O00669,UMBRELLA,"3,321.43",USD,22/06/2026,N,US
O00670,ACME,"1,149.45",CHF,23/06/2026,N,EU
O00671,ACME,"1,509.35",CHF,13/01/2026,N,EU
O00672,Umbrella,"2,064.67",USD,14/08/2026,N,US
O00673,HOOLI,"1,076.15",USD,24/07/2026,Y,US
O00674,Initech,"1,685.76",USD,24/03/2026,N,US
O00675,Hooli,"4,037.59",EUR,11/04/2026,N,US
O00676,GLOBEX,"1,956.98",USD,21/03/2026,Y,EU
O00677,Globex,"1,764.23",CHF,19/07/2026,N,US
O00678,INITECH,"4,779.36",CHF,15/04/2026,N,EU
O00679,HOOLI,56.45,EUR,17/02/2026,N,EU
O00680,Hooli,"4,048.88",USD,13/06/2026,N,EU
O00681,GLOBEX,"4,643.77",USD,12/07/2026,N,EU
O00682,Umbrella,"1,339.06",USD,19/06/2026,N,US
O00683,Hooli,"4,045.29",EUR,25/08/2026,N,EU
O00684,ACME,294.33,GBP,27/02/2026,N,US
O00685,UMBRELLA,"1,565.99",CHF,24/03/2026,Y,US
O00686,Initech,"2,417.53",EUR,14/05/2026,Y,US
O00687,Hooli,"4,590.82",CHF,22/01/2026,Y,EU
O00688,HOOLI,"3,211.07",USD,19/04/2026,Y,US
O00689,UMBRELLA,"2,745.56",USD,22/02/2026,N,US
O00690,INITECH,"3,457.35",USD,15/06/2026,N,EU
O00691,ACME,"3,974.81",USD,16/03/2026,Y,US
O00692,Globex,"1,546.93",CHF,19/03/2026,Y,US
O00693,HOOLI,"1,495.18",USD,15/06/2026,N,EU
O00694,Initech,"4,458.99",USD,20/04/2026,N,US
O00695,UMBRELLA,551.06,USD,22/06/2026,N,US
O00696,UMBRELLA,"3,968.42",USD,13/05/2026,Y,EU
O00697,Hooli,"2,256.69",USD,20/03/2026,Y,US
O00698,GLOBEX,"1,401.73",CHF,27/08/2026,N,US
O00699,ACME,"1,384.19",USD,26/07/2026,N,EU
O00700,ACME,"1,306.04",EUR,27/01/2026,N,US
O00701,Initech,"3,014.71",USD,17/05/2026,Y,EU
O00702,Hooli,491.06,CHF,13/07/2026,N,EU
O00703,Globex,"3,223.70",CHF,22/02/2026,N,US
O00704,Initech,"2,005.89",USD,21/06/2026,Y,EU
O00705,Globex,"2,663.64",CHF,19/07/2026,Y,US
O00706,Globex,"1,700.26",EUR,12/07/2026,Y,US
O00707,HOOLI,"3,342.38",CHF,22/07/2026,Y,EU
O00708,HOOLI,"3,646.49",CHF,14/03/2026,Y,EU
O00709,Globex,"2,507.85",USD,22/01/2026,N,EU
O00710,GLOBEX,"3,240.80",CHF,18/07/2026,Y,EU
O00711,Hooli,"3,028.19",CHF,16/05/2026,Y,US
O00712,INITECH,478.26,CHF,21/02/2026,Y,EU
O00713,Hooli,368.01,USD,10/04/2026,N,US
O00714,Globex,"2,239.89",CHF,24/01/2026,Y,EU
O00715,ACME,"2,693.94",USD,25/02/2026,Y,US
O00716,INITECH,"3,150.95",USD,26/06/2026,Y,US
O00717,GLOBEX,"2,787.44",EUR,28/05/2026,Y,EU
O00718,GLOBEX,"3,892.67",EUR,18/09/2026,N,US
O00719,Initech,324.65,CHF,12/05/2026,Y,EU
O00720,Umbrella,"1,957.63",CHF,17/07/2026,Y,US
O00721,Initech,"4,811.45",USD,12/05/2026,N,EU
O00722,Hooli,677.38,USD,16/08/2026,N,EU
O00723,Hooli,957.67,USD,19/03/2026,Y,US
O00724,ACME,"3,682.61",CHF,24/01/2026,Y,US
O00725,Globex,"3,868.85",EUR,19/09/2026,Y,EU
O00726,Hooli,"3,600.37",EUR,16/06/2026,N,EU
O00727,ACME,"4,178.96",CHF,18/09/2026,N,EU
O00728,Globex,"2,831.23",USD,19/06/2026,Y,US
O00729,ACME,"3,699.44",CHF,23/06/2026,Y,US
O00730,UMBRELLA,"3,865.85",USD,14/02/2026,N,EU
O00731,Umbrella,"2,433.60",EUR,20/06/2026,N,US
O00732,Globex,"4,251.34",CHF,26/05/2026,N,US
O00733,GLOBEX,"1,775.54",CHF,16/01/2026,N,US
O00734,HOOLI,"2,189.37",CHF,15/07/2026,N,EU
O00735,GLOBEX,700.21,EUR,28/04/2026,N,US
O00736,ACME,55.53,EUR,11/08/2026,Y,EU
O00737,HOOLI,"2,675.57",EUR,20/06/2026,N,US
O00738,Umbrella,"3,846.97",EUR,17/01/2026,Y,US
O00739,INITECH,"1,916.13",EUR,28/02/2026,Y,US
O00740,GLOBEX,"2,205.78",CHF,12/08/2026,Y,EU
O00741,Umbrella,853.18,CHF,25/04/2026,N,US
O00742,HOOLI,717.46,USD,12/07/2026,Y,US
O00743,Globex,34.45,CHF,11/04/2026,Y,US
O00744,ACME,"4,540.89",EUR,11/01/2026,N,US
O00745,ACME,"2,015.89",EUR,27/01/2026,N,US
O00746,Initech,219.37,USD,25/01/2026,Y,EU
O00747,ACME,942.82,CHF,26/03/2026,N,US
O00748,ACME,"2,553.95",USD,12/01/2026,Y,EU
O00749,HOOLI,"3,240.77",EUR,27/09/2026,Y,US
O00750,ACME,"3,310.61",CHF,24/05/2026,N,EU
O00751,ACME,"2,803.90",EUR,15/01/2026,N,US
O00752,GLOBEX,619.55,CHF,23/04/2026,Y,US
O00753,Hooli,"4,882.51",CHF,21/09/2026,Y,EU
O00754,ACME,"3,653.56",EUR,21/02/2026,N,EU
O00755,Initech,"1,557.01",USD,25/03/2026,N,EU
O00756,GLOBEX,44.65,EUR,13/01/2026,Y,EU
O00757,HOOLI,"1,933.02",USD,12/04/2026,Y,EU
O00758,ACME,"3,587.05",EUR,23/03/2026,Y,EU
O00759,GLOBEX,"3,097.41",USD,18/08/2026,Y,EU
O00760,Initech,"3,940.56",USD,20/01/2026,N,US
O00761,ACME,819.05,EUR,20/08/2026,N,US
O00762,GLOBEX,75.67,CHF,20/01/2026,Y,EU
O00763,Hooli,"4,432.55",USD,17/01/2026,N,EU
O00764,ACME,"2,660.77",EUR,20/01/2026,N,EU
O00765,Initech,"1,841.96",CHF,24/02/2026,Y,EU
O00766,Globex,"2,659.28",CHF,17/09/2026,N,EU
O00767,HOOLI,"3,452.62",CHF,16/02/2026,Y,EU
O00768,Initech,"3,777.81",EUR,23/05/2026,Y,US
O00769,Globex,"3,056.90",CHF,19/03/2026,N,EU
O00770,GLOBEX,"1,719.81",EUR,16/02/2026,N,EU
O00771,Hooli,"4,821.92",CHF,12/03/2026,Y,EU
O00772,Umbrella,"1,526.46",EUR,27/02/2026,Y,EU
O00773,ACME,"1,813.89",GBP,13/09/2026,N,EU
O00774,HOOLI,"3,440.82",USD,15/08/2026,Y,EU
O00775,Initech,"1,522.79",USD,24/03/2026,Y,EU
O00776,Umbrella,"1,718.31",EUR,22/01/2026,Y,US
O00777,ACME,"4,276.51",USD,18/06/2026,Y,US
O00778,Globex,372.52,EUR,28/03/2026,N,US
O00779,Initech,911.54,EUR,13/08/2026,Y,US
O00780,Umbrella,"1,277.16",EUR,11/04/2026,Y,US
O00781,Initech,83.94,EUR,21/06/2026,Y,US
O00782,Globex,"1,853.19",CHF,21/05/2026,N,EU
O00783,Globex,"2,620.02",EUR,15/04/2026,N,US
O00784,UMBRELLA,"4,661.95",EUR,16/04/2026,Y,EU
O00785,Umbrella,"4,267.15",EUR,18/08/2026,Y,EU
O00786,ACME,507.03,USD,17/06/2026,N,EU
O00787,ACME,"2,368.22",USD,13/02/2026,N,EU
O00788,Hooli,"3,560.50",EUR,13/07/2026,N,US
O00789,Umbrella,"4,616.19",EUR,24/07/2026,Y,US
O00790,ACME,962.04,USD,24/06/2026,N,US
O00791,Globex,"4,683.58",CHF,12/01/2026,Y,US
O00792,Umbrella,"3,723.67",CHF,13/07/2026,Y,US
O00793,Umbrella,"2,628.95",EUR,15/09/2026,N,US
O00794,Globex,516.48,USD,24/05/2026,N,EU
O00795,Globex,381.43,USD,13/06/2026,Y,US
O00796,INITECH,"3,322.75",USD,13/02/2026,N,US
O00797,Umbrella,"1,294.03",CHF,26/01/2026,Y,US
O00798,Umbrella,"3,437.71",EUR,17/09/2026,N,EU
O00799,Hooli,705.10,USD,22/03/2026,N,EU
O00800,ACME,"4,288.01",USD,17/03/2026,Y,US
O00801,Hooli,"2,299.65",CHF,24/02/2026,Y,US
O00802,ACME,"1,433.01",EUR,19/04/2026,N,US
O00803,HOOLI,"1,004.79",EUR,10/07/2026,Y,EU
O00804,ACME,"1,806.00",USD,12/04/2026,N,US
O00805,Initech,"2,563.15",CHF,16/08/2026,Y,US
O00806,Globex,"4,171.26",EUR,24/05/2026,N,US
O00807,Globex,"4,874.93",USD,23/01/2026,Y,US
O00808,Initech,"2,071.15",CHF,28/01/2026,N,US
O00809,GLOBEX,"1,199.78",EUR,18/03/2026,N,US
O00810,UMBRELLA,"2,813.75",CHF,14/07/2026,N,US
O00811,Globex,"2,818.77",USD,14/07/2026,Y,US
O00812,Hooli,684.96,USD,15/01/2026,Y,EU
O00813,UMBRELLA,845.83,CHF,23/08/2026,N,US
O00814,Hooli,"3,311.91",EUR,23/05/2026,Y,US
O00815,ACME,"2,183.54",EUR,19/01/2026,Y,US
O00816,Initech,"3,769.80",EUR,23/03/2026,Y,EU
O00817,HOOLI,"1,894.62",USD,28/09/2026,Y,US
O00818,Umbrella,"1,226.29",CHF,28/09/2026,N,EU
O00819,Hooli,"4,812.52",EUR,12/07/2026,N,EU
O00820,Hooli,"1,916.15",CHF,17/05/2026,N,EU
O00821,Initech,"4,781.95",USD,11/02/2026,N,US
O00822,Globex,"3,363.82",EUR,25/08/2026,N,US
O00823,Globex,"2,332.87",USD,23/04/2026,Y,US
O00824,Globex,"2,719.47",USD,17/03/2026,N,US
O00825,INITECH,"1,906.64",USD,14/06/2026,Y,EU
O00826,GLOBEX,"4,398.66",EUR,26/01/2026,Y,EU
O00827,UMBRELLA,"3,083.75",CHF,25/02/2026,N,US
O00828,INITECH,"2,889.03",USD,23/06/2026,N,US
O00829,Globex,"4,058.73",CHF,15/01/2026,N,EU
O00830,Initech,594.54,CHF,27/05/2026,Y,EU
O00831,Globex,"3,527.43",EUR,19/06/2026,N,US
O00832,GLOBEX,"4,109.66",CHF,28/08/2026,Y,EU
O00833,GLOBEX,"4,486.45",CHF,23/09/2026,N,EU
O00834,ACME,359.56,EUR,12/03/2026,Y,EU
O00835,ACME,876.20,EUR,17/05/2026,Y,US
O00836,ACME,580.00,EUR,14/04/2026,N,EU
O00837,INITECH,376.01,USD,19/06/2026,N,EU
O00838,Umbrella,"4,375.06",USD,12/01/2026,N,US
O00839,Globex,"1,335.13",EUR,18/01/2026,Y,EU
O00840,Initech,"1,715.08",USD,16/03/2026,Y,US
O00841,GLOBEX,"4,196.29",GBP,19/07/2026,Y,US
O00842,Globex,"1,563.78",EUR,13/08/2026,Y,EU
O00843,HOOLI,769.73,CHF,24/08/2026,Y,EU
O00844,Hooli,475.68,CHF,28/08/2026,N,US
O00845,Globex,75.61,CHF,13/04/2026,N,US
O00846,Globex,"3,756.70",CHF,26/07/2026,N,US
O00847,ACME,164.21,CHF,17/01/2026,N,EU
O00848,Globex,"3,200.98",CHF,16/08/2026,Y,EU
O00849,Globex,"4,931.38",CHF,14/05/2026,Y,EU
O00850,ACME,"1,139.29",USD,22/05/2026,N,EU
O00851,Hooli,"3,608.74",EUR,12/06/2026,N,US
O00852,ACME,"1,631.90",EUR,15/03/2026,Y,EU
O00853,Umbrella,160.83,USD,26/02/2026,N,EU
O00854,Umbrella,"2,651.02",EUR,12/02/2026,N,EU
O00855,Umbrella,"2,422.80",USD,17/09/2026,N,EU
O00856,INITECH,"4,262.94",CHF,21/07/2026,N,US
O00857,INITECH,"3,097.54",EUR,12/08/2026,N,EU
O00858,GLOBEX,197.03,CHF,12/03/2026,N,EU
O00859,Hooli,189.43,CHF,20/02/2026,N,EU
O00860,Hooli,437.65,USD,11/02/2026,Y,US
O00861,Initech,"4,549.98",CHF,26/03/2026,Y,EU
O00862,ACME,"1,586.88",CHF,15/07/2026,Y,US
O00863,GLOBEX,"1,940.50",USD,21/06/2026,Y,EU
O00864,Globex,"2,295.83",CHF,12/02/2026,N,EU
O00865,Umbrella,"2,369.12",EUR,24/05/2026,N,EU
O00866,GLOBEX,"3,672.62",EUR,25/04/2026,Y,EU
O00867,Hooli,"1,700.87",EUR,18/01/2026,N,EU
O00868,Globex,"4,881.40",CHF,20/06/2026,Y,EU
O00869,Initech,"3,416.26",CHF,11/07/2026,Y,EU
O00870,Globex,"2,878.71",EUR,11/05/2026,Y,US
O00871,Initech,"1,147.33",USD,21/05/2026,N,US
O00872,INITECH,"3,092.97",USD,19/07/2026,Y,EU
O00873,Globex,72.83,CHF,28/07/2026,Y,EU
O00874,ACME,"4,953.30",CHF,14/03/2026,N,EU
O00875,Initech,"2,527.70",USD,23/07/2026,N,EU
O00876,Globex,"1,206.61",CHF,11/06/2026,N,EU
O00877,Globex,"4,240.90",EUR,11/09/2026,N,US
O00878,INITECH,"2,356.39",USD,20/04/2026,N,EU
O00879,Globex,329.45,EUR,10/06/2026,Y,EU
O00880,Globex,"1,859.59",CHF,25/02/2026,Y,US
O00881,GLOBEX,"4,300.93",CHF,19/07/2026,N,US
O00882,Umbrella,"1,556.31",CHF,20/08/2026,N,US
O00883,Initech,"3,697.96",USD,28/02/2026,Y,US
O00884,UMBRELLA,"2,236.24",EUR,16/04/2026,Y,EU
O00885,INITECH,"2,715.64",CHF,28/02/2026,Y,US
O00886,Umbrella,"2,957.44",USD,14/01/2026,N,US
O00887,ACME,927.21,USD,21/09/2026,Y,EU
O00888,GLOBEX,"3,971.59",CHF,17/01/2026,N,EU
O00889,Umbrella,797.13,CHF,23/02/2026,Y,EU
O00890,Initech,"1,515.80",USD,15/09/2026,N,EU
O00891,Hooli,"3,763.38",EUR,22/03/2026,Y,US
O00892,GLOBEX,97.56,CHF,13/09/2026,N,EU
O00893,ACME,"4,620.67",EUR,10/09/2026,Y,EU
O00894,Hooli,"2,317.39",EUR,16/09/2026,Y,US
O00895,Globex,"3,159.04",EUR,14/07/2026,N,US
O00896,Hooli,"1,387.30",USD,26/04/2026,N,US
O00897,ACME,467.05,EUR,15/06/2026,Y,US
O00898,Hooli,"1,285.55",CHF,17/03/2026,Y,EU
O00899,Globex,"4,880.37",CHF,24/02/2026,Y,US
O00900,INITECH,"4,181.84",USD,11/09/2026,N,EU
O00901,ACME,"2,218.70",EUR,27/02/2026,N,US
O00902,Globex,"1,606.47",EUR,27/04/2026,N,EU
O00903,UMBRELLA,"3,835.25",EUR,17/04/2026,Y,US
O00904,Umbrella,"1,789.09",USD,19/05/2026,Y,EU
O00905,GLOBEX,"2,233.24",EUR,28/04/2026,N,US
O00906,ACME,"2,527.76",EUR,25/07/2026,N,US
O00907,HOOLI,"2,436.38",USD,26/08/2026,Y,US
O00908,Umbrella,"2,965.05",GBP,15/09/2026,Y,US
O00909,ACME,"1,765.38",USD,22/02/2026,Y,EU
O00910,INITECH,"3,672.92",USD,22/06/2026,Y,EU
O00911,UMBRELLA,"4,323.06",CHF,10/09/2026,Y,EU
O00912,Umbrella,"1,778.82",CHF,23/07/2026,N,US
O00913,GLOBEX,"2,775.56",CHF,14/01/2026,N,EU
O00914,UMBRELLA,"3,957.17",CHF,20/04/2026,Y,US
O00915,HOOLI,"2,764.01",CHF,19/03/2026,Y,EU
O00916,GLOBEX,"4,488.65",EUR,25/06/2026,N,US
O00917,Umbrella,"1,380.65",CHF,21/01/2026,N,US
O00918,UMBRELLA,590.09,USD,28/07/2026,N,US
O00919,ACME,"1,858.72",USD,21/02/2026,Y,US
O00920,Initech,"4,457.43",USD,15/08/2026,N,EU
O00921,ACME,387.85,EUR,14/01/2026,Y,US
O00922,INITECH,"1,147.66",EUR,18/07/2026,Y,EU
O00923,ACME,"4,736.34",CHF,12/09/2026,Y,US
O00924,Umbrella,"4,189.26",EUR,22/08/2026,N,US
O00925,ACME,"3,152.12",CHF,14/03/2026,N,US
O00926,ACME,429.69,EUR,11/02/2026,Y,EU
O00927,INITECH,"3,544.35",CHF,13/03/2026,N,EU
O00928,Globex,544.49,EUR,16/06/2026,N,EU
O00929,ACME,"4,895.25",USD,22/06/2026,N,US
O00930,INITECH,"2,236.32",USD,15/01/2026,Y,US
O00931,Globex,"4,465.17",USD,24/01/2026,Y,US
O00932,UMBRELLA,"2,741.17",CHF,24/01/2026,N,EU
O00933,ACME,"3,009.04",USD,26/07/2026,Y,US
O00934,ACME,"4,575.03",CHF,14/09/2026,N,US
O00935,GLOBEX,"3,444.90",EUR,26/01/2026,Y,EU
O00936,INITECH,"2,076.38",CHF,28/04/2026,N,EU
O00937,UMBRELLA,"1,672.40",USD,20/03/2026,N,US
O00938,Globex,"1,352.05",EUR,28/01/2026,N,EU
O00939,INITECH,"3,216.02",CHF,20/05/2026,Y,EU
O00940,Hooli,"4,288.12",USD,12/05/2026,N,EU
O00941,ACME,753.93,EUR,19/07/2026,N,US
O00942,ACME,445.46,EUR,22/02/2026,N,US
O00943,ACME,"3,034.67",USD,18/08/2026,Y,EU
O00944,Umbrella,"3,247.23",EUR,25/01/2026,N,US
O00945,GLOBEX,334.54,USD,21/05/2026,Y,EU
O00946,Hooli,"4,715.97",CHF,28/07/2026,N,EU
O00947,Umbrella,"3,218.93",USD,25/07/2026,Y,EU
O00948,ACME,"3,748.07",EUR,11/05/2026,Y,EU
O00949,Initech,"3,187.93",USD,18/04/2026,Y,EU
O00950,Umbrella,"2,394.78",EUR,11/02/2026,Y,US
O00951,Umbrella,"3,007.66",CHF,19/02/2026,N,EU
O00952,HOOLI,934.67,EUR,15/02/2026,N,EU
O00953,INITECH,833.39,EUR,17/08/2026,N,US
O00954,Initech,"4,558.97",EUR,19/03/2026,Y,US
O00955,Umbrella,"2,669.46",USD,13/04/2026,N,US
O00956,UMBRELLA,"4,029.93",CHF,22/01/2026,Y,US
O00957,Umbrella,"2,406.95",CHF,18/04/2026,Y,EU
O00958,Hooli,"3,422.53",CHF,22/06/2026,Y,US
O00959,Globex,"4,495.42",USD,18/08/2026,N,EU
O00960,ACME,"2,774.63",GBP,15/06/2026,N,EU
O00961,ACME,"1,844.71",EUR,25/03/2026,N,EU
O00962,Initech,"1,931.33",CHF,20/03/2026,Y,EU
O00963,Initech,"1,030.82",EUR,24/05/2026,N,US
O00964,HOOLI,"3,892.09",CHF,25/06/2026,Y,EU
O00965,Hooli,"4,791.09",CHF,21/03/2026,Y,EU
O00966,Hooli,963.65,USD,28/04/2026,Y,EU
O00967,Umbrella,59.11,CHF,16/02/2026,Y,EU
O00968,Globex,"3,348.63",CHF,13/05/2026,Y,US
O00969,Hooli,"3,568.84",EUR,11/05/2026,N,US
O00970,ACME,"4,845.63",USD,26/01/2026,N,US
O00971,Initech,"4,513.62",CHF,15/09/2026,Y,EU
O00972,Hooli,"1,021.54",EUR,13/04/2026,Y,US
O00973,ACME,"1,344.59",CHF,20/09/2026,N,EU
O00974,Umbrella,"4,963.35",EUR,23/02/2026,Y,EU
O00975,INITECH,"2,576.87",USD,10/06/2026,Y,EU
O00976,ACME,"4,967.97",CHF,22/09/2026,Y,EU
O00977,INITECH,"3,633.07",CHF,21/03/2026,N,EU
O00978,INITECH,"2,722.18",EUR,14/03/2026,Y,EU
O00979,ACME,"2,946.78",EUR,19/03/2026,Y,EU
O00980,Hooli,"2,487.92",USD,10/09/2026,Y,US
O00981,Globex,"2,119.09",EUR,17/01/2026,N,EU
O00982,Globex,"3,870.26",USD,23/07/2026,N,EU
O00983,Umbrella,"3,827.91",EUR,24/01/2026,Y,EU
O00984,ACME,"3,024.14",EUR,12/04/2026,N,EU
O00985,ACME,"3,872.16",EUR,12/06/2026,N,US
O00986,Initech,380.20,USD,14/04/2026,Y,US
O00987,Initech,"2,165.44",EUR,23/09/2026,Y,EU
O00988,Hooli,236.63,EUR,11/03/2026,N,US
O00989,Hooli,207.73,EUR,26/02/2026,Y,US
O00990,Hooli,"2,031.00",EUR,23/04/2026,N,US
O00991,Umbrella,466.38,USD,17/01/2026,N,US
O00992,ACME,999.94,EUR,19/09/2026,N,EU
O00993,INITECH,"1,244.51",CHF,17/06/2026,Y,US
O00994,Umbrella,"2,088.72",USD,14/02/2026,Y,US
O00995,ACME,293.69,EUR,13/05/2026,N,US
O00996,Hooli,"3,405.43",USD,13/04/2026,N,US
O00997,Hooli,"4,045.78",USD,28/02/2026,N,US
O00998,Globex,715.08,USD,14/07/2026,Y,EU
O00999,Globex,"2,894.93",CHF,12/01/2026,Y,US
O01000,Initech,"1,207.72",EUR,21/05/2026,Y,US
O01001,Initech,"2,039.18",USD,24/03/2026,N,US
O01002,Globex,27.96,EUR,23/09/2026,Y,EU
O01003,Globex,"3,301.64",USD,13/02/2026,N,US
O01004,ACME,"3,360.78",EUR,11/03/2026,N,EU
O01005,ACME,"4,374.52",CHF,27/06/2026,N,EU
O01006,Hooli,"2,670.58",USD,16/09/2026,N,EU
O01007,INITECH,640.60,USD,27/09/2026,Y,EU
O01008,Hooli,"1,394.31",GBP,26/03/2026,Y,US
O01009,Umbrella,"2,152.56",CHF,11/03/2026,N,US
O01010,Initech,603.32,CHF,21/08/2026,N,EU
O01011,Globex,"3,524.81",CHF,22/09/2026,N,US
O01012,Initech,"2,016.12",CHF,18/01/2026,N,US
O01013,INITECH,"3,658.25",EUR,21/08/2026,N,US
O01014,UMBRELLA,"1,803.71",USD,17/04/2026,N,US
O01015,Initech,"3,179.83",CHF,18/01/2026,Y,EU
O01016,INITECH,"1,809.46",GBP,26/07/2026,N,EU
O01017,Globex,"1,706.52",USD,15/02/2026,N,EU
O01018,ACME,"1,852.97",USD,11/08/2026,Y,EU
O01019,Initech,"4,245.71",USD,23/05/2026,Y,US
O01020,INITECH,778.03,CHF,15/03/2026,N,EU
O01021,Initech,312.73,CHF,20/04/2026,Y,EU
O01022,GLOBEX,"4,454.74",USD,16/07/2026,Y,US
O01023,Initech,"2,549.85",EUR,24/05/2026,N,EU
O01024,HOOLI,"4,941.99",EUR,22/07/2026,Y,EU
O01025,Umbrella,"3,912.58",CHF,13/06/2026,N,US
O01026,INITECH,642.43,EUR,16/04/2026,Y,EU
O01027,Hooli,"3,373.11",CHF,19/04/2026,Y,US
O01028,Globex,"3,543.64",EUR,25/04/2026,N,US
O01029,ACME,191.62,USD,12/09/2026,N,EU
O01030,ACME,"1,194.47",USD,23/05/2026,N,US
O01031,ACME,"4,510.82",EUR,22/06/2026,Y,US
O01032,Umbrella,"1,225.43",CHF,22/04/2026,Y,EU
O01033,Hooli,"3,984.03",USD,25/05/2026,N,US
O01034,Umbrella,"4,935.16",EUR,24/07/2026,Y,EU
O01035,Hooli,"3,128.44",CHF,27/08/2026,N,EU
O01036,Globex,"4,000.23",EUR,24/05/2026,Y,EU
O01037,Initech,"2,314.66",EUR,12/01/2026,Y,US
O01038,ACME,927.27,EUR,23/07/2026,N,US
O01039,Initech,"4,596.39",USD,21/09/2026,Y,US
O01040,ACME,"2,557.90",USD,21/02/2026,N,US
O01041,Hooli,"1,055.49",USD,20/06/2026,N,EU
O01042,Initech,"3,809.72",CHF,13/06/2026,N,EU
O01043,Hooli,"3,212.10",EUR,13/06/2026,N,US
O01044,GLOBEX,"2,092.88",USD,22/04/2026,Y,US
O01045,Globex,"4,992.30",EUR,24/09/2026,N,US
O01046,Umbrella,"1,301.18",EUR,15/08/2026,N,EU
O01047,ACME,155.45,EUR,22/06/2026,Y,US
O01048,Umbrella,"2,729.17",EUR,15/09/2026,Y,EU
O01049,Globex,"3,472.28",USD,14/09/2026,Y,US
O01050,Hooli,"4,349.58",USD,27/09/2026,Y,US
O01051,Umbrella,"3,666.24",EUR,18/03/2026,N,US
O01052,Initech,"3,396.35",CHF,24/04/2026,N,US
O01053,Hooli,640.12,USD,24/08/2026,Y,US
O01054,ACME,"3,267.59",EUR,11/02/2026,Y,EU
O01055,Initech,"4,033.95",EUR,26/03/2026,Y,EU
O01056,ACME,"3,096.78",EUR,12/08/2026,N,EU
O01057,Hooli,"1,200.89",EUR,20/04/2026,N,US
O01058,HOOLI,139.91,USD,12/06/2026,Y,US
O01059,ACME,"3,124.51",EUR,15/01/2026,N,US
O01060,INITECH,"1,510.52",CHF,16/02/2026,N,EU
O01061,HOOLI,"3,981.06",USD,10/09/2026,Y,EU
O01062,Initech,"1,146.02",EUR,25/09/2026,Y,US
O01063,Umbrella,"3,499.59",USD,24/07/2026,Y,US
O01064,Globex,"1,413.01",GBP,17/09/2026,Y,EU
O01065,INITECH,"1,986.50",EUR,16/02/2026,N,EU
O01066,Initech,"2,312.87",USD,25/09/2026,Y,EU
O01067,Hooli,"3,770.22",CHF,22/06/2026,Y,US
O01068,Globex,"1,743.70",CHF,15/07/2026,Y,US
O01069,UMBRELLA,"4,593.53",USD,16/09/2026,Y,US
O01070,GLOBEX,"1,777.44",EUR,18/05/2026,N,EU
O01071,ACME,"2,417.17",USD,20/04/2026,N,US
O01072,ACME,"4,362.89",USD,14/05/2026,Y,US
O01073,Globex,"1,467.37",EUR,24/07/2026,N,EU
O01074,Umbrella,953.58,EUR,23/03/2026,Y,EU
O01075,HOOLI,"4,483.05",USD,23/04/2026,N,EU
O01076,Initech,753.07,EUR,15/04/2026,N,US
O01077,Hooli,"2,693.21",USD,25/09/2026,Y,US
O01078,ACME,"4,901.74",EUR,11/08/2026,Y,US
O01079,Hooli,"2,182.37",USD,28/04/2026,Y,US
O01080,INITECH,"1,864.53",USD,15/02/2026,N,US
O01081,Globex,"1,269.82",CHF,11/02/2026,Y,EU
O01082,Globex,"1,249.57",EUR,18/05/2026,Y,EU
O01083,Initech,"2,455.54",USD,19/01/2026,N,US
O01084,GLOBEX,"1,864.02",CHF,13/07/2026,Y,EU
O01085,ACME,581.07,CHF,24/02/2026,N,EU
O01086,ACME,"4,979.03",EUR,11/06/2026,N,EU
O01087,UMBRELLA,"2,064.63",CHF,17/07/2026,N,EU
O01088,Umbrella,371.45,CHF,23/08/2026,N,EU
O01089,Initech,899.04,USD,16/07/2026,Y,EU
O01090,HOOLI,"1,083.02",CHF,27/04/2026,Y,EU
O01091,ACME,"3,428.12",USD,10/01/2026,N,EU
O01092,Umbrella,"3,163.89",EUR,14/08/2026,N,US
O01093,Umbrella,"3,566.38",CHF,14/04/2026,N,EU
O01094,ACME,"3,292.42",EUR,24/07/2026,N,EU
O01095,Hooli,"2,985.83",USD,14/02/2026,Y,EU
O01096,ACME,"1,441.78",USD,27/05/2026,Y,US
O01097,ACME,467.58,CHF,19/02/2026,Y,US
O01098,Initech,"3,526.98",CHF,26/07/2026,N,EU
O01099,ACME,597.78,USD,25/05/2026,N,US
O01100,Umbrella,542.53,EUR,16/07/2026,N,EU
O01101,Umbrella,"3,234.80",USD,26/07/2026,N,US
O01102,ACME,"2,935.60",CHF,18/08/2026,Y,US
O01103,GLOBEX,"2,208.00",CHF,21/05/2026,Y,US
O01104,Hooli,"2,601.06",USD,18/03/2026,Y,US
O01105,ACME,"2,808.65",USD,11/02/2026,N,EU
O01106,Initech,"4,555.48",USD,13/02/2026,Y,EU
O01107,Umbrella,"1,514.69",CHF,22/01/2026,N,EU
O01108,Globex,"3,994.31",EUR,10/01/2026,Y,EU
O01109,Hooli,"1,120.04",EUR,27/02/2026,Y,US
O01110,Hooli,"2,593.12",EUR,23/05/2026,N,US
O01111,Initech,"2,934.01",USD,28/01/2026,Y,US
O01112,Hooli,"4,723.32",USD,11/05/2026,Y,EU
O01113,ACME,"2,145.15",CHF,28/04/2026,N,US
O01114,UMBRELLA,"1,454.12",CHF,10/07/2026,N,EU
O01115,UMBRELLA,"2,932.53",USD,18/09/2026,Y,US
O01116,ACME,"4,007.88",USD,17/06/2026,N,US
O01117,ACME,"1,589.89",CHF,19/05/2026,N,US
O01118,Globex,"2,067.08",CHF,17/05/2026,N,US
O01119,UMBRELLA,"1,293.36",CHF,14/04/2026,Y,EU
O01120,Hooli,85.99,USD,21/03/2026,N,EU
O01121,Hooli,"4,648.47",USD,15/08/2026,Y,EU
O01122,INITECH,"3,310.28",EUR,25/03/2026,N,EU
O01123,ACME,"4,481.08",USD,23/07/2026,Y,EU
O01124,INITECH,"3,336.15",CHF,22/05/2026,N,US
O01125,Hooli,"1,984.64",USD,26/03/2026,N,EU
O01126,HOOLI,"2,333.25",EUR,12/04/2026,Y,EU
O01127,INITECH,"4,397.77",USD,25/08/2026,N,US
O01128,INITECH,"3,010.82",EUR,15/09/2026,Y,EU
O01129,ACME,786.80,CHF,16/09/2026,N,EU
O01130,Initech,"4,325.49",CHF,14/03/2026,Y,EU
O01131,INITECH,"4,851.87",USD,12/05/2026,N,US
O01132,Globex,"1,980.17",EUR,17/07/2026,N,US
O01133,Umbrella,73.06,CHF,10/07/2026,Y,EU
O01134,GLOBEX,"2,021.77",EUR,28/01/2026,Y,US
O01135,Umbrella,"3,551.78",CHF,12/09/2026,Y,EU
O01136,UMBRELLA,"1,440.82",EUR,28/06/2026,Y,US
O01137,ACME,"3,825.42",CHF,28/01/2026,N,US
O01138,HOOLI,740.89,USD,27/03/2026,N,US
O01139,Initech,"1,735.15",EUR,12/04/2026,N,EU
O01140,Hooli,"2,178.89",EUR,28/05/2026,N,EU
O01141,ACME,"4,639.94",USD,13/09/2026,Y,EU
O01142,INITECH,"1,278.43",CHF,18/05/2026,N,EU
O01143,HOOLI,"2,232.77",USD,28/08/2026,N,US
O01144,ACME,"3,446.47",EUR,17/02/2026,Y,EU
O01145,Globex,687.35,USD,16/06/2026,N,US
O01146,UMBRELLA,"2,415.41",EUR,11/03/2026,Y,EU
O01147,Umbrella,389.28,USD,10/01/2026,N,US
O01148,UMBRELLA,"2,525.89",EUR,17/07/2026,Y,EU
O01149,ACME,"2,935.57",EUR,19/06/2026,N,US
O01150,Umbrella,"1,981.45",CHF,10/09/2026,N,EU
O01151,ACME,"3,038.01",USD,17/04/2026,N,US
O01152,ACME,143.89,EUR,25/07/2026,N,EU
O01153,Initech,"4,186.39",CHF,28/07/2026,N,US
O01154,ACME,"4,789.66",CHF,23/05/2026,Y,US
O01155,Umbrella,"2,716.07",USD,25/02/2026,Y,EU
O01156,UMBRELLA,"3,296.39",USD,26/07/2026,Y,EU
O01157,ACME,"3,661.37",USD,11/05/2026,N,US
O01158,Hooli,"1,390.01",EUR,17/08/2026,N,US
O01159,Hooli,"2,347.98",EUR,11/05/2026,N,US
O01160,Initech,"2,719.69",CHF,28/07/2026,Y,US
O01161,Umbrella,"2,305.27",CHF,25/03/2026,N,US
O01162,Hooli,235.19,USD,14/01/2026,N,US
O01163,ACME,"3,828.23",EUR,15/01/2026,N,US
O01164,Globex,"3,666.42",EUR,20/09/2026,Y,US
O01165,ACME,"1,243.54",GBP,21/07/2026,Y,US
O01166,Umbrella,883.13,CHF,21/05/2026,Y,US
O01167,Hooli,"1,360.91",USD,13/01/2026,Y,EU
O01168,ACME,"1,991.96",CHF,20/02/2026,N,EU
O01169,ACME,787.41,EUR,27/05/2026,Y,US
O01170,Hooli,"4,392.10",USD,14/09/2026,N,EU
O01171,ACME,"1,091.67",EUR,17/05/2026,Y,US
O01172,ACME,"4,338.98",USD,15/02/2026,N,US
O01173,Hooli,"4,164.22",USD,15/03/2026,N,US
O01174,Umbrella,"3,424.98",CHF,18/08/2026,N,EU
O01175,HOOLI,"2,718.52",EUR,14/06/2026,Y,EU
O01176,ACME,"3,369.24",EUR,19/04/2026,Y,EU
O01177,INITECH,"1,624.70",CHF,24/05/2026,Y,US
O01178,Umbrella,541.50,USD,15/07/2026,Y,US
O01179,Globex,376.33,EUR,22/02/2026,Y,US
O01180,Globex,"1,241.78",CHF,23/01/2026,N,EU
O01181,ACME,165.09,USD,17/04/2026,N,US
O01182,Initech,"3,923.36",CHF,14/06/2026,N,EU
O01183,ACME,"1,471.78",USD,13/05/2026,Y,EU
O01184,Umbrella,"1,633.49",USD,25/04/2026,N,US
O01185,Umbrella,"3,116.31",EUR,24/02/2026,Y,EU
O01186,HOOLI,"2,225.62",USD,25/05/2026,N,EU
O01187,Umbrella,524.56,CHF,26/03/2026,N,EU
O01188,Globex,"4,953.30",USD,20/07/2026,N,EU
O01189,ACME,"2,787.99",CHF,22/02/2026,Y,EU
O01190,Initech,"2,056.80",EUR,20/05/2026,N,US
O01191,UMBRELLA,"1,445.81",CHF,14/08/2026,Y,EU
O01192,Initech,"3,204.97",EUR,10/07/2026,N,US
O01193,Hooli,"4,099.22",USD,23/04/2026,Y,US
O01194,UMBRELLA,"4,978.00",CHF,12/04/2026,Y,US
O01195,Globex,"1,557.74",EUR,21/07/2026,N,US
O01196,UMBRELLA,"1,834.71",EUR,12/04/2026,N,EU
O01197,Hooli,583.19,CHF,23/08/2026,N,US
O01198,Hooli,"2,096.34",EUR,28/04/2026,N,US
O01199,Initech,"1,257.66",USD,24/08/2026,Y,EU
O01200,Umbrella,"2,819.75",EUR,15/01/2026,Y,US
O01201,Initech,"1,497.15",EUR,17/04/2026,N,US
O01202,Initech,"2,217.49",CHF,27/07/2026,Y,US
O01203,ACME,"3,662.50",EUR,12/04/2026,N,EU
O01204,GLOBEX,"4,596.06",CHF,21/05/2026,Y,EU
O01205,Globex,"2,767.43",CHF,17/07/2026,Y,US
O01206,ACME,403.31,USD,22/01/2026,N,US
O01207,Initech,"2,233.96",EUR,15/05/2026,N,EU
O01208,Globex,803.86,USD,14/06/2026,N,EU
O01209,Hooli,335.07,USD,18/06/2026,Y,US
O01210,ACME,"2,779.45",USD,20/04/2026,Y,EU
O01211,ACME,"2,228.75",USD,19/06/2026,N,US
O01212,Globex,"2,867.82",EUR,16/05/2026,N,US
O01213,Hooli,"3,805.47",CHF,22/06/2026,Y,US
O01214,ACME,"2,880.83",EUR,22/09/2026,N,EU
O01215,Umbrella,"1,049.08",CHF,16/09/2026,N,EU
O01216,ACME,"2,353.11",EUR,25/06/2026,Y,EU
O01217,Initech,"1,467.73",CHF,24/03/2026,Y,EU
O01218,INITECH,"2,680.34",CHF,16/03/2026,N,EU
O01219,UMBRELLA,"1,721.42",EUR,21/05/2026,Y,EU
O01220,Hooli,742.29,USD,13/05/2026,N,EU
O01221,HOOLI,747.12,EUR,18/05/2026,N,EU
O01222,INITECH,"3,215.58",USD,27/05/2026,N,US
O01223,Initech,"3,295.15",CHF,17/01/2026,N,EU
O01224,Globex,"1,611.92",EUR,18/07/2026,N,EU
O01225,ACME,"3,650.44",CHF,19/05/2026,Y,EU
O01226,Hooli,"4,499.44",USD,16/03/2026,N,EU
O01227,ACME,"3,193.30",USD,26/02/2026,Y,EU
O01228,Umbrella,"1,257.89",CHF,25/08/2026,N,EU
O01229,Initech,"2,634.42",CHF,20/01/2026,N,US
O01230,Hooli,"3,958.44",CHF,25/03/2026,N,US
O01231,Initech,"4,561.84",EUR,13/05/2026,Y,US
O01232,Globex,"4,436.57",EUR,26/04/2026,Y,US
O01233,GLOBEX,"2,682.67",USD,25/06/2026,N,EU
O01234,ACME,969.71,CHF,23/04/2026,N,EU
O01235,Globex,235.22,USD,12/01/2026,N,US
O01236,INITECH,597.46,EUR,26/09/2026,Y,US
O01237,ACME,"2,584.41",EUR,14/07/2026,N,EU
O01238,Globex,"2,917.49",USD,12/08/2026,N,US
O01239,Initech,"3,928.48",EUR,10/06/2026,N,EU
O01240,Umbrella,"1,009.44",CHF,13/09/2026,N,EU
O01241,Globex,"3,007.91",EUR,14/06/2026,Y,EU
O01242,Globex,"3,919.97",CHF,21/06/2026,Y,US
O01243,Umbrella,530.27,CHF,19/01/2026,N,EU
O01244,Umbrella,"2,363.17",USD,27/05/2026,Y,EU
O01245,Globex,"2,451.41",EUR,21/04/2026,N,US
O01246,Globex,"4,871.73",EUR,26/02/2026,Y,EU
O01247,Hooli,640.80,CHF,24/08/2026,N,US
O01248,Initech,"4,581.16",USD,26/05/2026,Y,EU
O01249,INITECH,692.05,EUR,17/04/2026,Y,US
O01250,ACME,"4,489.59",CHF,14/05/2026,N,EU
O01251,UMBRELLA,"1,815.68",EUR,23/07/2026,Y,EU
O01252,Hooli,"4,988.74",EUR,28/08/2026,Y,US
O01253,Umbrella,"3,480.07",USD,15/08/2026,Y,US
O01254,Hooli,"2,025.78",EUR,23/09/2026,N,US
O01255,Initech,434.17,EUR,21/08/2026,Y,US
O01256,HOOLI,"2,678.99",EUR,16/09/2026,Y,US
O01257,ACME,470.48,EUR,17/06/2026,Y,US
O01258,ACME,"2,096.61",EUR,25/02/2026,N,EU
O01259,Globex,"3,795.19",USD,14/04/2026,N,EU
O01260,Umbrella,847.13,USD,16/09/2026,N,EU
O01261,ACME,"3,661.65",USD,13/02/2026,N,EU
O01262,Hooli,"3,899.85",CHF,14/09/2026,Y,EU
O01263,Initech,"2,948.03",USD,28/07/2026,Y,US
O01264,Globex,"1,655.07",CHF,12/07/2026,N,EU
O01265,GLOBEX,"2,809.31",USD,22/09/2026,Y,US
O01266,UMBRELLA,"1,313.55",USD,24/02/2026,Y,EU
O01267,INITECH,"3,610.23",USD,24/08/2026,Y,US
O01268,Hooli,608.39,EUR,28/04/2026,Y,EU
O01269,Globex,"4,370.29",CHF,24/05/2026,N,EU
O01270,ACME,"4,546.72",EUR,24/04/2026,N,US
O01271,UMBRELLA,"2,228.89",EUR,15/04/2026,N,US
O01272,ACME,"1,754.11",CHF,14/08/2026,Y,US
O01273,Umbrella,"3,661.82",EUR,28/08/2026,N,US
O01274,Hooli,660.51,GBP,23/01/2026,N,US
O01275,GLOBEX,"2,521.81",GBP,28/02/2026,Y,EU
O01276,Umbrella,"1,719.66",CHF,12/06/2026,N,US
O01277,Hooli,"4,068.75",EUR,20/09/2026,Y,EU
O01278,Initech,"4,361.58",EUR,18/02/2026,N,US
O01279,Hooli,884.20,CHF,11/06/2026,N,US
O01280,ACME,"1,616.97",EUR,19/03/2026,Y,US
O01281,Hooli,"1,344.63",CHF,24/05/2026,Y,EU
O01282,INITECH,"1,317.38",USD,15/04/2026,Y,EU
O01283,Umbrella,667.16,EUR,15/06/2026,N,EU
O01284,Initech,"2,024.93",USD,14/07/2026,N,EU
O01285,ACME,"2,133.20",CHF,15/05/2026,N,EU
O01286,Globex,"1,912.34",USD,14/03/2026,N,US
O01287,Umbrella,"2,569.08",CHF,14/04/2026,Y,US
O01288,Initech,"4,924.04",CHF,10/05/2026,N,US
O01289,Globex,354.03,USD,16/02/2026,Y,EU
O01290,INITECH,"2,754.60",USD,19/04/2026,N,US
O01291,Initech,"3,388.99",CHF,28/01/2026,Y,US
O01292,Hooli,232.12,EUR,26/05/2026,Y,US
O01293,Hooli,"4,328.47",EUR,25/04/2026,N,EU
O01294,Umbrella,239.44,USD,13/05/2026,N,US
O01295,Initech,"3,914.01",CHF,13/05/2026,Y,US
O01296,HOOLI,"3,218.32",CHF,19/06/2026,N,EU
O01297,INITECH,"3,054.32",EUR,12/01/2026,N,EU
O01298,Initech,"2,876.23",CHF,20/07/2026,N,EU
O01299,GLOBEX,"3,130.56",CHF,26/09/2026,N,EU
O01300,Globex,"2,890.87",EUR,15/09/2026,Y,EU
O01301,Globex,"1,845.30",CHF,14/08/2026,N,US
O01302,Hooli,"2,346.92",EUR,12/06/2026,Y,EU
O01303,INITECH,"4,185.04",EUR,15/01/2026,Y,EU
O01304,Initech,"1,478.83",CHF,26/02/2026,Y,EU
O01305,Umbrella,"3,247.49",CHF,20/05/2026,Y,EU
O01306,Globex,"2,250.89",USD,15/07/2026,Y,US
O01307,Initech,"1,931.72",CHF,27/06/2026,Y,EU
O01308,Umbrella,"1,857.57",EUR,20/09/2026,N,EU
O01309,ACME,"3,828.71",CHF,28/09/2026,Y,US
O01310,HOOLI,"1,284.35",EUR,20/03/2026,N,EU
O01311,Umbrella,104.33,EUR,15/02/2026,N,EU
O01312,Initech,"1,593.41",EUR,13/05/2026,N,US
O01313,Initech,"1,723.09",EUR,24/08/2026,Y,EU
O01314,Initech,"1,527.39",CHF,13/09/2026,N,US
O01315,ACME,"1,772.68",CHF,22/09/2026,N,EU
O01316,Hooli,"2,780.84",USD,18/08/2026,Y,EU
O01317,ACME,"4,006.51",USD,16/02/2026,N,US
O01318,ACME,210.81,CHF,27/05/2026,Y,EU
O01319,Umbrella,"4,568.50",CHF,14/02/2026,Y,EU
O01320,ACME,"3,403.10",CHF,10/08/2026,Y,EU
O01321,ACME,"1,134.65",CHF,14/04/2026,N,US
O01322,HOOLI,"4,401.79",EUR,26/03/2026,N,US
O01323,Umbrella,"4,046.35",EUR,20/04/2026,N,EU
O01324,Hooli,"3,660.78",USD,21/01/2026,N,EU
O01325,Globex,"3,426.40",USD,28/03/2026,N,US
O01326,ACME,"3,564.01",CHF,27/08/2026,Y,EU
O01327,ACME,"1,694.87",CHF,21/07/2026,Y,EU
O01328,Umbrella,236.05,EUR,12/08/2026,Y,EU
O01329,HOOLI,"2,007.13",EUR,24/05/2026,Y,US
O01330,Umbrella,"4,545.40",GBP,28/08/2026,N,US
O01331,Hooli,"3,017.75",USD,16/08/2026,N,EU
O01332,ACME,"2,072.67",CHF,14/06/2026,N,EU
O01333,Globex,"4,794.04",EUR,17/04/2026,N,US
O01334,ACME,"2,012.55",USD,10/01/2026,N,US
O01335,Initech,"4,596.81",CHF,19/07/2026,Y,US
O01336,UMBRELLA,"2,277.04",USD,11/07/2026,Y,US
O01337,Umbrella,"4,736.98",USD,26/03/2026,Y,EU
O01338,Umbrella,"4,340.37",EUR,21/05/2026,Y,US
O01339,INITECH,44.58,USD,22/06/2026,Y,US
O01340,Initech,"1,658.01",CHF,19/06/2026,Y,EU
O01341,Globex,"3,955.73",EUR,24/02/2026,N,US
O01342,Globex,"4,683.68",EUR,21/01/2026,Y,EU
O01343,Umbrella,"2,679.01",USD,27/05/2026,Y,EU
O01344,ACME,"4,731.51",USD,21/09/2026,Y,US
O01345,Hooli,"2,783.35",CHF,28/07/2026,N,US
O01346,ACME,"1,738.02",EUR,18/05/2026,Y,US
O01347,Initech,256.21,EUR,27/04/2026,N,US
O01348,ACME,"2,975.57",USD,27/02/2026,N,US
O01349,Initech,499.37,EUR,24/08/2026,Y,US
O01350,Globex,"4,632.70",CHF,26/05/2026,N,EU
O01351,Umbrella,"3,352.16",USD,27/07/2026,Y,EU
O01352,ACME,"4,295.93",EUR,27/09/2026,Y,US
O01353,Globex,"3,992.00",USD,15/06/2026,N,EU
O01354,Umbrella,"4,234.92",USD,16/07/2026,Y,US
O01355,ACME,"4,122.94",CHF,14/03/2026,N,EU
O01356,UMBRELLA,"4,039.62",CHF,10/03/2026,Y,EU
O01357,Hooli,"4,232.73",USD,11/01/2026,N,US
O01358,Initech,"1,193.36",CHF,24/02/2026,Y,US
O01359,ACME,"3,200.79",EUR,17/02/2026,Y,EU
O01360,ACME,"2,201.58",EUR,23/06/2026,N,EU
O01361,Umbrella,"4,673.19",USD,15/08/2026,N,EU
O01362,Umbrella,"3,983.87",EUR,13/09/2026,Y,US
O01363,Umbrella,"2,809.97",USD,12/02/2026,Y,US
O01364,Initech,"4,265.84",EUR,25/07/2026,N,US
O01365,Umbrella,"3,431.68",CHF,25/07/2026,Y,EU
O01366,Umbrella,"1,446.24",EUR,15/09/2026,N,EU
O01367,Initech,"1,121.46",CHF,17/04/2026,N,US
O01368,Umbrella,"2,522.77",USD,27/07/2026,Y,EU
O01369,GLOBEX,"1,146.63",USD,12/02/2026,N,EU
O01370,ACME,"2,385.68",CHF,24/08/2026,Y,EU
O01371,Umbrella,365.92,EUR,23/09/2026,Y,EU
O01372,ACME,"4,921.26",CHF,16/03/2026,N,EU
O01373,Umbrella,"1,633.47",EUR,16/06/2026,N,US
O01374,Globex,"3,901.38",EUR,20/04/2026,Y,US
O01375,ACME,"3,333.47",EUR,10/02/2026,N,EU
O01376,HOOLI,"4,179.83",CHF,21/08/2026,Y,EU
O01377,Hooli,"3,503.84",EUR,15/01/2026,N,US
O01378,INITECH,"2,859.96",CHF,10/08/2026,N,US
O01379,Initech,"4,458.16",EUR,12/02/2026,N,EU
O01380,ACME,"2,626.08",GBP,12/08/2026,Y,EU
O01381,INITECH,76.73,EUR,26/09/2026,Y,EU
O01382,Umbrella,"4,286.25",EUR,10/06/2026,N,US
O01383,Hooli,"2,909.20",CHF,12/01/2026,Y,EU
O01384,GLOBEX,"1,139.06",USD,22/06/2026,Y,EU
O01385,Initech,"2,180.18",EUR,25/09/2026,Y,EU
O01386,Initech,"2,602.99",EUR,23/06/2026,Y,US
O01387,Umbrella,"3,516.20",EUR,11/05/2026,N,US
O01388,UMBRELLA,"2,870.49",USD,12/07/2026,Y,EU
O01389,ACME,537.54,CHF,25/02/2026,Y,US
O01390,ACME,"3,659.52",CHF,16/01/2026,Y,US
O01391,Globex,"4,130.93",CHF,17/09/2026,N,US
O01392,Umbrella,"1,203.04",USD,20/03/2026,N,EU
O01393,Globex,"2,246.16",CHF,11/08/2026,N,EU
O01394,Globex,"2,705.00",USD,28/05/2026,N,EU
O01395,ACME,"3,671.68",CHF,12/03/2026,Y,EU
O01396,Globex,"3,675.31",CHF,10/03/2026,Y,US
O01397,Umbrella,809.97,CHF,21/05/2026,N,US
O01398,GLOBEX,"2,423.54",USD,20/04/2026,Y,US
O01399,UMBRELLA,"1,323.53",USD,14/06/2026,Y,US
O01400,Hooli,"4,185.74",CHF,10/08/2026,Y,US
O01401,ACME,"4,502.16",USD,25/04/2026,Y,EU
O01402,ACME,"4,715.39",USD,13/09/2026,Y,EU
O01403,Initech,929.22,CHF,22/04/2026,Y,US
O01404,ACME,986.53,CHF,12/05/2026,Y,EU
O01405,Globex,"2,227.17",EUR,28/04/2026,N,EU
O01406,Initech,"4,678.65",USD,28/07/2026,Y,US
O01407,UMBRELLA,"1,175.99",USD,13/07/2026,N,EU
O01408,HOOLI,929.71,EUR,14/05/2026,Y,US
O01409,Hooli,"3,902.09",CHF,25/04/2026,Y,US
O01410,Globex,"1,216.52",EUR,12/07/2026,N,EU
O01411,INITECH,"3,474.72",USD,17/02/2026,Y,EU
O01412,HOOLI,"4,646.79",EUR,13/01/2026,Y,US
O01413,ACME,"3,866.22",EUR,26/07/2026,N,EU
O01414,INITECH,"4,732.22",USD,27/07/2026,Y,EU
O01415,HOOLI,"4,549.71",CHF,19/01/2026,Y,EU
O01416,Globex,831.46,USD,17/08/2026,N,EU
O01417,UMBRELLA,"1,113.52",CHF,25/02/2026,N,US
O01418,Umbrella,"3,536.31",CHF,23/05/2026,N,EU
O01419,UMBRELLA,"3,483.43",EUR,25/08/2026,N,EU
O01420,Hooli,139.17,USD,27/03/2026,N,EU
O01421,Initech,535.11,USD,12/02/2026,Y,EU
O01422,UMBRELLA,"2,225.44",USD,26/08/2026,N,US
O01423,Hooli,"1,698.31",CHF,24/03/2026,Y,EU
O01424,Hooli,439.34,USD,14/05/2026,N,US
O01425,Initech,"1,610.45",USD,10/08/2026,Y,US
O01426,GLOBEX,"4,830.85",USD,22/04/2026,N,US
O01427,UMBRELLA,660.93,CHF,28/08/2026,Y,US
O01428,Hooli,"2,977.45",EUR,11/06/2026,Y,EU
O01429,Hooli,"4,999.12",CHF,19/02/2026,N,EU
O01430,Umbrella,"3,218.48",USD,26/07/2026,N,EU
O01431,Globex,"1,385.23",EUR,25/04/2026,N,EU
O01432,Globex,"2,439.82",CHF,16/02/2026,N,EU
O01433,ACME,"4,952.92",CHF,12/05/2026,Y,US
O01434,ACME,"1,791.46",EUR,12/08/2026,N,US
O01435,INITECH,"1,296.46",EUR,14/08/2026,Y,EU
O01436,Globex,"3,494.13",EUR,14/08/2026,Y,EU
O01437,UMBRELLA,"1,338.07",EUR,22/02/2026,N,US
O01438,GLOBEX,"2,549.74",CHF,13/05/2026,N,EU
O01439,Hooli,"4,264.89",USD,17/03/2026,Y,US
O01440,Hooli,"2,565.75",CHF,14/08/2026,N,US
O01441,ACME,713.08,CHF,21/09/2026,N,US
O01442,Initech,"4,169.67",EUR,24/06/2026,Y,EU
O01443,GLOBEX,"1,949.09",USD,18/03/2026,Y,EU
O01444,Globex,"1,240.94",EUR,15/08/2026,Y,US
O01445,Initech,"2,284.44",CHF,15/07/2026,Y,EU
O01446,GLOBEX,"1,402.06",USD,25/01/2026,Y,EU
O01447,ACME,"3,755.19",USD,17/03/2026,Y,US
O01448,GLOBEX,"1,184.15",USD,12/02/2026,N,US
O01449,Hooli,"1,780.45",CHF,26/01/2026,Y,US
O01450,Hooli,"2,549.91",USD,20/08/2026,Y,EU
O01451,Initech,"3,458.39",EUR,13/07/2026,N,EU
O01452,ACME,"1,184.46",CHF,11/09/2026,N,EU
O01453,Initech,629.32,USD,25/04/2026,Y,EU
O01454,Globex,"1,090.19",EUR,14/01/2026,Y,EU
O01455,ACME,399.10,EUR,28/05/2026,N,US
O01456,GLOBEX,"4,334.90",EUR,20/02/2026,Y,EU
O01457,Hooli,"4,907.34",EUR,16/03/2026,N,US
O01458,Hooli,"2,590.93",EUR,17/02/2026,Y,US
O01459,ACME,406.73,EUR,18/05/2026,N,US
O01460,Hooli,"2,000.71",USD,28/01/2026,Y,EU
O01461,ACME,"2,831.67",EUR,23/06/2026,N,US
O01462,HOOLI,"1,910.76",CHF,15/07/2026,Y,EU
O01463,Hooli,"4,205.12",CHF,10/08/2026,Y,EU
O01464,ACME,"4,348.73",USD,27/06/2026,N,EU
O01465,Umbrella,"4,560.80",EUR,13/05/2026,N,US
O01466,Globex,"2,555.15",CHF,22/04/2026,N,EU
O01467,Globex,"1,784.13",USD,19/03/2026,N,US
O01468,Globex,"1,553.68",CHF,10/01/2026,N,EU
O01469,Initech,"3,089.06",USD,15/05/2026,N,EU
O01470,INITECH,"1,157.99",EUR,28/08/2026,Y,US
O01471,ACME,"1,093.36",USD,19/01/2026,N,US
O01472,Umbrella,"2,776.52",USD,10/08/2026,N,US
O01473,INITECH,168.00,EUR,22/08/2026,Y,US
O01474,INITECH,"1,774.88",EUR,10/02/2026,N,EU
O01475,Initech,"4,636.34",EUR,22/02/2026,Y,US
O01476,INITECH,"3,506.64",CHF,26/02/2026,Y,US
O01477,ACME,"1,922.30",CHF,14/01/2026,Y,US
O01478,Initech,630.96,EUR,15/09/2026,Y,EU
O01479,ACME,"1,350.59",USD,14/06/2026,Y,EU
O01480,Hooli,"3,525.90",EUR,12/02/2026,N,US
O01481,ACME,"3,046.82",USD,20/03/2026,Y,EU
O01482,Umbrella,"3,556.91",CHF,14/04/2026,Y,EU
O01483,ACME,"3,933.12",CHF,22/09/2026,N,US
O01484,Umbrella,"4,941.38",USD,27/03/2026,Y,EU
O01485,Umbrella,"2,706.87",USD,17/05/2026,N,EU
O01486,Hooli,"1,385.07",USD,27/05/2026,Y,EU
O01487,GLOBEX,797.67,USD,22/06/2026,Y,EU
O01488,Initech,"2,397.59",EUR,19/05/2026,Y,EU
O01489,ACME,483.86,EUR,11/06/2026,N,EU
O01490,Umbrella,"4,009.66",EUR,28/09/2026,Y,EU
O01491,ACME,"3,480.54",EUR,19/05/2026,Y,US
O01492,Hooli,"4,090.44",CHF,25/08/2026,Y,US
O01493,Umbrella,"4,740.14",CHF,21/01/2026,N,US
O01494,ACME,"1,290.25",CHF,21/02/2026,Y,EU
O01495,Umbrella,"4,277.20",USD,13/08/2026,Y,EU
O01496,HOOLI,"4,921.33",CHF,19/05/2026,Y,EU
O01497,Initech,67.19,USD,27/06/2026,Y,US
O01498,Hooli,"3,435.05",USD,27/07/2026,N,EU
O01499,ACME,274.18,EUR,27/03/2026,Y,EU
O01500,UMBRELLA,"3,357.19",EUR,20/01/2026,Y,US
O01501,Hooli,"4,510.50",USD,26/05/2026,Y,US
O01502,ACME,503.35,USD,27/02/2026,Y,EU
O01503,Umbrella,"3,809.75",USD,11/05/2026,Y,EU
O01504,ACME,"3,411.18",CHF,22/04/2026,N,EU
O01505,Initech,"3,046.62",CHF,27/06/2026,N,EU
O01506,Globex,53.44,CHF,25/02/2026,Y,EU
O01507,Globex,"4,494.13",USD,25/09/2026,Y,US
O01508,GLOBEX,"2,887.78",EUR,20/01/2026,Y,EU
O01509,GLOBEX,"3,801.24",USD,21/03/2026,Y,US
O01510,HOOLI,"2,340.21",CHF,15/09/2026,N,US
O01511,ACME,"1,633.89",CHF,19/04/2026,N,EU
O01512,Hooli,305.08,EUR,20/08/2026,Y,EU
O01513,Hooli,"4,750.48",USD,21/07/2026,Y,US
O01514,Hooli,"1,061.02",USD,24/09/2026,N,US
O01515,HOOLI,"3,455.38",EUR,14/04/2026,Y,US
O01516,Umbrella,"2,166.13",EUR,14/07/2026,Y,US
O01517,Hooli,738.85,USD,23/09/2026,Y,US
O01518,Umbrella,"2,181.59",USD,22/06/2026,N,EU
O01519,ACME,"4,765.92",EUR,27/03/2026,N,US
O01520,Globex,"3,609.63",EUR,21/06/2026,Y,US
O01521,Initech,"4,593.60",EUR,27/06/2026,Y,US
O01522,INITECH,"4,478.26",USD,20/07/2026,N,US
O01523,GLOBEX,"2,288.30",CHF,23/06/2026,N,EU
O01524,ACME,"1,483.59",USD,21/03/2026,Y,EU
O01525,Hooli,925.18,CHF,17/06/2026,Y,EU
O01526,Globex,"4,173.77",USD,28/03/2026,N,EU
O01527,ACME,"4,053.58",CHF,23/08/2026,N,US
O01528,ACME,"4,245.12",USD,13/06/2026,Y,US
O01529,ACME,"2,004.06",EUR,19/06/2026,N,US
O01530,Hooli,"4,954.15",EUR,14/04/2026,Y,US
O01531,HOOLI,"1,196.54",USD,15/08/2026,N,EU
O01532,ACME,"4,282.72",EUR,19/06/2026,N,US
O01533,Hooli,"1,574.50",EUR,28/07/2026,Y,US
O01534,Hooli,"2,471.46",EUR,18/02/2026,N,EU
O01535,HOOLI,"2,914.75",USD,11/05/2026,Y,US
O01536,Globex,"4,169.17",EUR,20/09/2026,Y,US
O01537,ACME,788.50,CHF,22/04/2026,Y,EU
O01538,Hooli,"1,534.37",EUR,16/04/2026,Y,EU
O01539,ACME,"2,559.46",CHF,25/09/2026,N,EU
O01540,ACME,"2,576.32",USD,27/07/2026,Y,EU
O01541,Umbrella,"3,463.32",CHF,22/01/2026,N,EU
O01542,ACME,"1,429.15",EUR,11/07/2026,Y,EU
O01543,Hooli,175.72,CHF,28/03/2026,Y,EU
O01544,Umbrella,118.98,EUR,13/04/2026,N,US
O01545,HOOLI,890.97,USD,11/08/2026,Y,US
O01546,Umbrella,423.27,EUR,12/07/2026,N,US
O01547,GLOBEX,222.47,USD,22/03/2026,N,US
O01548,Hooli,422.97,USD,24/05/2026,Y,US
O01549,Umbrella,"1,851.82",CHF,17/09/2026,N,EU
O01550,UMBRELLA,"4,540.35",EUR,20/03/2026,Y,US
O01551,Umbrella,"4,200.42",CHF,22/08/2026,N,EU
O01552,Umbrella,"3,276.31",CHF,11/04/2026,Y,US
O01553,GLOBEX,"2,328.95",EUR,14/09/2026,Y,US
O01554,ACME,"4,411.82",EUR,14/02/2026,N,US
O01555,Umbrella,"3,950.48",EUR,21/09/2026,Y,EU
O01556,Hooli,"2,090.41",EUR,15/07/2026,Y,EU
O01557,UMBRELLA,"4,643.73",EUR,25/09/2026,N,EU
O01558,Initech,497.30,EUR,27/09/2026,Y,US
O01559,Initech,"3,748.50",EUR,14/08/2026,N,US
O01560,Globex,"1,042.27",CHF,17/09/2026,N,EU
O01561,UMBRELLA,"1,517.77",USD,10/07/2026,N,EU
O01562,UMBRELLA,"1,125.86",USD,25/07/2026,N,US
O01563,Umbrella,"3,854.56",EUR,19/06/2026,N,US
O01564,GLOBEX,"1,041.46",EUR,16/02/2026,N,EU
O01565,Globex,"4,630.21",EUR,14/09/2026,Y,US
O01566,Initech,"4,589.54",USD,19/03/2026,Y,EU
O01567,Umbrella,"2,796.98",CHF,13/02/2026,Y,US
O01568,Hooli,452.72,CHF,19/08/2026,Y,EU
O01569,Hooli,"2,646.56",USD,12/03/2026,Y,US
O01570,ACME,"2,653.35",EUR,24/05/2026,Y,EU
O01571,HOOLI,"1,395.57",CHF,18/07/2026,N,EU
O01572,ACME,"2,657.21",CHF,15/03/2026,N,EU
O01573,GLOBEX,65.99,CHF,27/06/2026,Y,EU
O01574,Globex,"1,013.51",EUR,15/01/2026,Y,US
O01575,INITECH,45.04,EUR,21/04/2026,N,US
O01576,ACME,"2,531.67",EUR,24/06/2026,Y,US
O01577,Umbrella,"3,902.62",CHF,15/02/2026,N,US
O01578,ACME,"4,475.06",CHF,15/09/2026,Y,EU
O01579,Globex,"1,611.65",EUR,20/04/2026,Y,EU
O01580,Initech,347.70,USD,12/06/2026,N,EU
O01581,Initech,"2,543.39",CHF,22/04/2026,N,EU
O01582,GLOBEX,"1,132.14",EUR,27/03/2026,N,EU
O01583,ACME,"1,651.51",USD,25/09/2026,Y,US
O01584,HOOLI,785.59,CHF,25/05/2026,Y,US
O01585,GLOBEX,"1,165.69",CHF,10/06/2026,N,US
O01586,Initech,"2,774.49",EUR,26/02/2026,N,US
O01587,UMBRELLA,"3,356.86",USD,27/09/2026,N,US
O01588,ACME,859.10,USD,19/03/2026,N,US
O01589,ACME,"4,302.43",EUR,18/02/2026,Y,EU
O01590,ACME,"4,011.28",CHF,24/04/2026,N,US
O01591,Initech,"2,870.52",CHF,22/09/2026,N,US
O01592,Hooli,"2,544.04",EUR,25/05/2026,Y,EU
O01593,Initech,"3,490.00",CHF,26/02/2026,Y,EU
O01594,Hooli,41.70,USD,23/05/2026,Y,US
O01595,INITECH,"2,342.69",EUR,18/05/2026,N,US
O01596,Globex,173.45,CHF,14/07/2026,N,US
O01597,Hooli,"4,658.37",USD,24/09/2026,N,US
O01598,ACME,560.84,EUR,23/05/2026,Y,EU
O01599,ACME,"4,121.58",EUR,16/09/2026,N,US
O01600,Hooli,"4,511.98",CHF,12/01/2026,Y,US
O01601,Initech,"1,147.29",USD,28/08/2026,Y,US
O01602,Globex,469.83,USD,10/02/2026,Y,US
O01603,ACME,"2,254.68",EUR,14/05/2026,N,US
O01604,Initech,"3,762.62",CHF,27/01/2026,N,US
O01605,HOOLI,"4,879.77",USD,19/05/2026,N,US
O01606,Initech,"4,860.18",CHF,15/02/2026,Y,US
O01607,INITECH,"2,994.44",CHF,12/06/2026,Y,US
O01608,Umbrella,"4,402.44",CHF,20/07/2026,N,US
O01609,Globex,"2,694.16",CHF,19/08/2026,N,US
O01610,INITECH,"4,496.67",CHF,27/02/2026,Y,EU
O01611,Globex,638.19,USD,27/01/2026,N,EU
O01612,Initech,"1,525.44",EUR,16/04/2026,Y,EU
O01613,Hooli,"1,275.60",USD,13/03/2026,N,EU
O01614,ACME,694.98,CHF,11/02/2026,N,US
O01615,Globex,"3,258.13",USD,22/02/2026,Y,US
O01616,UMBRELLA,242.32,USD,14/04/2026,Y,US
O01617,Hooli,481.19,CHF,19/03/2026,N,EU
O01618,Globex,"2,005.09",EUR,15/07/2026,Y,US
O01619,Initech,"4,431.63",CHF,28/04/2026,N,US
O01620,HOOLI,"2,670.19",USD,26/04/2026,Y,EU
O01621,Umbrella,34.56,CHF,16/03/2026,Y,EU
O01622,Umbrella,"4,525.71",CHF,10/08/2026,Y,US
O01623,ACME,"3,403.36",EUR,23/05/2026,N,EU
O01624,INITECH,"1,777.22",USD,24/05/2026,Y,US
O01625,Initech,"1,862.21",CHF,20/09/2026,Y,US
O01626,Initech,"4,794.30",USD,13/09/2026,N,US
O01627,Globex,"2,373.95",CHF,24/07/2026,N,US
O01628,Initech,"2,324.36",CHF,22/07/2026,N,US
O01629,GLOBEX,"4,497.47",EUR,11/01/2026,Y,US
O01630,Initech,"1,707.85",EUR,25/08/2026,Y,EU
O01631,UMBRELLA,"1,135.43",USD,20/01/2026,N,US
O01632,ACME,"4,159.89",EUR,18/05/2026,Y,US
O01633,Umbrella,740.37,CHF,27/01/2026,Y,US
O01634,ACME,414.99,USD,28/03/2026,Y,EU
O01635,Globex,"3,738.46",CHF,15/03/2026,Y,EU
O01636,Globex,379.74,CHF,16/02/2026,Y,US
O01637,Globex,202.88,EUR,14/05/2026,Y,US
O01638,Globex,"3,330.12",EUR,19/07/2026,Y,US
O01639,ACME,"2,724.94",USD,11/01/2026,Y,EU
O01640,Hooli,"3,618.83",CHF,22/04/2026,N,EU
O01641,Globex,"4,015.21",CHF,14/02/2026,Y,US
O01642,ACME,"2,961.66",CHF,15/05/2026,Y,EU
O01643,Globex,"1,276.30",USD,24/06/2026,Y,US
O01644,Globex,"4,193.79",CHF,26/06/2026,Y,US
O01645,Umbrella,"4,629.51",CHF,24/09/2026,N,EU
O01646,ACME,948.70,USD,16/07/2026,N,US
O01647,Umbrella,156.68,USD,24/04/2026,Y,US
O01648,Hooli,636.22,CHF,13/04/2026,N,EU
O01649,Umbrella,848.06,CHF,12/08/2026,N,EU
O01650,ACME,161.55,EUR,19/07/2026,Y,EU
O01651,Hooli,"2,852.89",CHF,14/03/2026,Y,US
O01652,Globex,"4,661.44",USD,25/05/2026,N,EU
O01653,Umbrella,"4,549.06",EUR,11/05/2026,Y,EU
O01654,Initech,"2,675.53",EUR,23/05/2026,Y,EU
O01655,ACME,"4,492.73",CHF,27/02/2026,N,US
O01656,Hooli,"1,052.23",EUR,17/03/2026,N,EU
O01657,Globex,"3,538.38",CHF,22/03/2026,N,EU
O01658,ACME,404.45,EUR,13/01/2026,Y,US
O01659,Globex,576.64,USD,20/09/2026,Y,EU
O01660,ACME,"2,604.84",EUR,22/04/2026,Y,EU
O01661,ACME,"2,900.02",CHF,11/06/2026,Y,US
O01662,ACME,382.76,CHF,10/09/2026,N,EU
O01663,ACME,"1,210.07",CHF,18/06/2026,Y,EU
O01664,HOOLI,"2,346.62",CHF,19/07/2026,N,US
O01665,ACME,"2,825.33",EUR,14/07/2026,Y,US
O01666,UMBRELLA,"4,093.58",CHF,22/05/2026,Y,EU
O01667,Umbrella,302.06,CHF,17/04/2026,Y,EU
O01668,ACME,"2,840.01",EUR,21/05/2026,Y,US
O01669,ACME,"4,390.72",EUR,21/02/2026,Y,US
O01670,Hooli,"2,242.30",EUR,16/01/2026,N,US
O01671,Initech,754.92,EUR,26/01/2026,N,EU
O01672,Hooli,"2,626.21",USD,28/03/2026,N,US
O01673,Globex,"1,272.74",USD,23/08/2026,N,US
O01674,HOOLI,632.38,EUR,15/05/2026,N,US
O01675,Initech,"2,753.03",USD,25/08/2026,Y,EU
O01676,ACME,"2,825.29",USD,11/04/2026,N,EU
O01677,INITECH,"1,316.70",CHF,14/09/2026,N,US
O01678,Umbrella,"4,787.25",EUR,28/09/2026,N,EU
O01679,Globex,"4,756.32",USD,23/06/2026,N,US
O01680,ACME,"2,748.75",EUR,11/08/2026,Y,US
O01681,Globex,"4,635.66",USD,23/03/2026,N,EU
O01682,ACME,"4,103.21",USD,28/04/2026,Y,EU
O01683,Globex,"3,188.24",EUR,28/09/2026,Y,US
O01684,Umbrella,"3,796.54",USD,21/01/2026,N,EU
O01685,Hooli,"2,452.55",EUR,15/06/2026,Y,US
O01686,Initech,"2,464.67",USD,23/02/2026,Y,EU
O01687,ACME,"3,402.06",EUR,22/08/2026,N,EU
O01688,ACME,533.96,USD,15/09/2026,Y,EU
O01689,Umbrella,970.79,USD,15/06/2026,Y,EU
O01690,INITECH,"3,905.09",USD,20/06/2026,Y,US
O01691,GLOBEX,448.68,CHF,13/06/2026,Y,US
O01692,Hooli,"4,434.87",EUR,25/01/2026,N,EU
O01693,GLOBEX,915.25,USD,23/04/2026,Y,US
O01694,ACME,"1,435.38",EUR,10/08/2026,Y,EU
O01695,UMBRELLA,"1,041.00",USD,19/04/2026,N,EU
O01696,Hooli,"4,728.19",EUR,11/09/2026,N,EU
O01697,ACME,258.89,USD,14/02/2026,Y,US
O01698,Umbrella,130.51,EUR,16/05/2026,N,US
O01699,Initech,"1,734.40",USD,12/06/2026,Y,US
O01700,Hooli,"3,040.24",CHF,21/01/2026,Y,EU
O01701,Globex,403.26,CHF,24/05/2026,N,US
O01702,ACME,56.38,EUR,24/05/2026,N,US
O01703,INITECH,"4,382.04",CHF,23/09/2026,N,EU
O01704,UMBRELLA,"3,555.38",EUR,20/06/2026,Y,US
O01705,UMBRELLA,"1,493.05",CHF,16/04/2026,Y,EU
O01706,Globex,"3,429.08",EUR,24/06/2026,Y,US
O01707,Initech,"3,248.80",CHF,25/03/2026,Y,EU
O01708,Umbrella,"4,892.63",CHF,26/07/2026,Y,EU
O01709,Hooli,"2,604.61",EUR,27/01/2026,Y,EU
O01710,Umbrella,"4,433.86",USD,14/01/2026,Y,US
O01711,ACME,"1,256.90",USD,15/09/2026,Y,EU
O01712,Hooli,"2,376.63",USD,25/01/2026,Y,EU
O01713,Umbrella,"3,282.31",CHF,27/06/2026,Y,US
O01714,Globex,"3,407.28",USD,14/02/2026,Y,US
O01715,Initech,"1,347.19",USD,11/07/2026,Y,US
O01716,ACME,"1,613.77",CHF,20/01/2026,N,US
O01717,Umbrella,"1,507.12",CHF,21/01/2026,Y,EU
O01718,HOOLI,"3,194.74",USD,19/05/2026,N,EU
O01719,UMBRELLA,"3,089.10",USD,20/03/2026,Y,US
O01720,Hooli,479.78,EUR,10/07/2026,N,EU
O01721,Umbrella,"3,186.98",EUR,16/05/2026,N,US
O01722,Initech,153.21,EUR,14/06/2026,Y,US
O01723,Globex,"2,430.46",USD,20/06/2026,Y,US
O01724,INITECH,"3,117.52",EUR,25/07/2026,N,US
O01725,Umbrella,"1,764.47",EUR,25/04/2026,Y,US
O01726,Umbrella,"4,126.27",USD,25/08/2026,N,EU
O01727,ACME,"1,157.72",CHF,20/04/2026,Y,US
O01728,Initech,"1,359.66",CHF,25/05/2026,N,US
O01729,ACME,"2,895.26",USD,22/03/2026,Y,EU
O01730,INITECH,"1,132.36",EUR,24/09/2026,N,EU
O01731,Hooli,"3,375.12",EUR,10/01/2026,Y,EU
O01732,UMBRELLA,"1,556.58",EUR,23/03/2026,Y,US
O01733,Initech,"2,320.77",CHF,23/02/2026,Y,EU
O01734,UMBRELLA,"3,056.35",EUR,14/05/2026,Y,US
O01735,Globex,"4,510.17",CHF,12/01/2026,N,US
O01736,ACME,546.72,USD,20/06/2026,Y,US
O01737,INITECH,"3,667.33",CHF,21/05/2026,N,EU
O01738,Globex,"4,061.39",USD,17/06/2026,Y,US
O01739,UMBRELLA,"2,963.92",USD,14/05/2026,N,EU
O01740,Globex,"4,276.61",USD,23/05/2026,N,US
O01741,Initech,"3,526.67",EUR,22/09/2026,Y,US
O01742,ACME,"1,718.69",USD,10/06/2026,Y,EU
O01743,ACME,"1,544.22",USD,21/01/2026,Y,EU
O01744,Initech,"2,446.01",EUR,28/03/2026,N,US
O01745,Hooli,810.39,USD,20/08/2026,N,EU
O01746,Hooli,"2,427.87",CHF,20/08/2026,Y,US
O01747,Umbrella,"3,407.64",USD,13/01/2026,N,US
O01748,INITECH,"4,296.53",CHF,27/01/2026,N,US
O01749,Hooli,330.22,CHF,21/04/2026,N,US
O01750,ACME,"3,767.55",USD,16/02/2026,Y,EU
O01751,GLOBEX,"3,039.63",USD,21/09/2026,N,EU
O01752,Umbrella,"2,150.06",USD,15/04/2026,Y,EU
O01753,ACME,"1,911.82",CHF,19/06/2026,Y,US
O01754,Initech,"4,187.14",USD,18/02/2026,Y,US
O01755,ACME,"1,557.38",EUR,12/09/2026,Y,EU
O01756,Umbrella,"2,447.26",USD,24/07/2026,Y,US
O01757,Initech,"4,035.31",USD,20/06/2026,Y,EU
O01758,Umbrella,"1,030.98",CHF,15/01/2026,Y,EU
O01759,Hooli,"2,546.12",CHF,14/05/2026,N,EU
O01760,Umbrella,"3,940.75",USD,26/02/2026,N,US
O01761,Globex,"4,887.22",USD,15/05/2026,Y,US
O01762,Hooli,270.05,CHF,21/05/2026,Y,US
O01763,Umbrella,989.55,CHF,27/02/2026,N,EU
O01764,HOOLI,"3,377.21",USD,26/01/2026,N,US
O01765,Hooli,"2,871.95",USD,23/04/2026,Y,US
O01766,ACME,"4,126.17",EUR,28/07/2026,Y,US
O01767,Umbrella,"4,223.62",USD,18/04/2026,Y,US
O01768,ACME,"3,974.71",USD,20/05/2026,Y,US
O01769,Umbrella,"1,450.28",USD,20/02/2026,N,US
O01770,Hooli,760.15,EUR,28/07/2026,N,US
O01771,ACME,677.99,EUR,20/06/2026,Y,EU
O01772,INITECH,"4,629.11",CHF,15/02/2026,N,US
O01773,UMBRELLA,"3,568.19",GBP,11/06/2026,N,US
O01774,HOOLI,"1,584.92",CHF,22/08/2026,N,EU
O01775,Umbrella,"2,825.42",CHF,21/06/2026,N,US
O01776,Umbrella,"4,351.24",EUR,21/02/2026,Y,EU
O01777,Umbrella,"1,110.91",EUR,13/04/2026,N,US
O01778,GLOBEX,"1,199.91",CHF,25/04/2026,Y,EU
O01779,Hooli,"1,522.41",USD,22/05/2026,N,EU
O01780,GLOBEX,"3,641.74",CHF,12/08/2026,N,US
O01781,Hooli,984.99,CHF,26/05/2026,N,EU
O01782,Hooli,269.67,CHF,22/09/2026,N,EU
O01783,INITECH,"2,485.41",USD,17/01/2026,N,US
O01784,Initech,"4,576.36",CHF,13/02/2026,Y,EU
O01785,Umbrella,"3,760.45",USD,13/07/2026,N,US
O01786,GLOBEX,"2,687.26",CHF,24/02/2026,Y,EU
O01787,Initech,"2,244.89",EUR,28/09/2026,Y,EU
O01788,Globex,"4,063.06",USD,12/03/2026,Y,US
O01789,Hooli,"3,010.89",EUR,28/04/2026,Y,US
O01790,ACME,"1,672.67",EUR,17/07/2026,Y,EU
O01791,ACME,690.06,EUR,20/09/2026,N,EU
O01792,Initech,"2,328.18",EUR,18/09/2026,N,US
O01793,ACME,"4,111.19",EUR,22/03/2026,Y,US
O01794,UMBRELLA,"4,036.43",EUR,20/09/2026,Y,EU
O01795,ACME,709.93,CHF,14/08/2026,Y,EU
O01796,Initech,"4,246.90",USD,26/01/2026,N,US
O01797,Globex,"1,905.17",USD,11/02/2026,N,EU
O01798,Globex,"2,573.75",EUR,16/05/2026,N,US
O01799,Globex,"3,457.96",USD,13/09/2026,N,EU
O01800,Initech,"1,461.75",EUR,26/07/2026,N,EU
O01801,Hooli,246.68,USD,14/02/2026,Y,US
O01802,Initech,"1,825.81",USD,20/02/2026,N,US
O01803,ACME,"4,653.37",USD,13/09/2026,N,EU
O01804,ACME,"4,230.95",USD,16/03/2026,Y,US
O01805,Umbrella,346.52,CHF,20/02/2026,N,US
O01806,UMBRELLA,"1,065.92",CHF,10/07/2026,Y,US
O01807,UMBRELLA,"4,623.08",CHF,20/06/2026,Y,US
O01808,ACME,"4,854.54",USD,14/01/2026,N,US
O01809,Globex,"2,647.83",CHF,20/02/2026,Y,EU
O01810,ACME,"1,537.23",CHF,23/05/2026,N,EU
O01811,Hooli,"2,522.94",EUR,25/05/2026,N,US
O01812,GLOBEX,"3,749.72",CHF,17/01/2026,Y,US
O01813,Umbrella,593.32,CHF,15/06/2026,N,US
O01814,ACME,"4,111.08",CHF,24/02/2026,Y,EU
O01815,Hooli,"4,433.77",CHF,13/01/2026,N,EU
O01816,Globex,"3,774.27",USD,15/02/2026,Y,EU
O01817,Initech,"2,370.99",CHF,12/07/2026,N,US
O01818,UMBRELLA,"3,522.64",USD,15/02/2026,N,EU
O01819,Globex,"2,751.15",CHF,20/02/2026,Y,EU
O01820,Globex,"2,183.88",CHF,14/02/2026,Y,EU
O01821,Globex,"3,814.77",CHF,22/09/2026,Y,EU
O01822,Hooli,"2,389.27",CHF,20/04/2026,N,US
O01823,ACME,"2,951.11",CHF,23/09/2026,Y,EU
O01824,ACME,"3,101.37",USD,22/05/2026,N,EU
O01825,UMBRELLA,271.35,EUR,20/07/2026,Y,US
O01826,Initech,718.59,USD,21/06/2026,Y,US
O01827,Initech,"4,991.27",CHF,28/01/2026,Y,US
O01828,UMBRELLA,662.03,EUR,18/01/2026,N,EU
O01829,Globex,"2,780.00",CHF,13/05/2026,Y,EU
O01830,Initech,374.98,USD,20/06/2026,Y,EU
O01831,GLOBEX,"4,594.61",USD,14/03/2026,N,EU
O01832,Hooli,"4,597.16",CHF,21/01/2026,N,EU
O01833,ACME,"2,649.32",EUR,20/07/2026,N,US
O01834,HOOLI,"3,575.19",USD,28/03/2026,Y,US
O01835,Hooli,"4,745.42",EUR,18/03/2026,N,US
O01836,Hooli,440.11,CHF,18/06/2026,N,EU
O01837,INITECH,"2,940.09",USD,15/03/2026,Y,US
O01838,Umbrella,"2,610.49",EUR,15/03/2026,N,EU
O01839,ACME,247.17,CHF,22/08/2026,Y,US
O01840,UMBRELLA,"1,655.19",EUR,27/03/2026,N,US
O01841,Globex,548.70,EUR,21/07/2026,N,US
O01842,ACME,"4,829.29",EUR,21/07/2026,N,EU
O01843,Umbrella,"1,397.00",USD,27/09/2026,N,US
O01844,ACME,"1,274.76",CHF,28/02/2026,Y,EU
O01845,UMBRELLA,"3,369.87",CHF,24/07/2026,N,EU
O01846,ACME,"3,571.64",CHF,10/02/2026,N,EU
O01847,Initech,974.94,EUR,12/07/2026,Y,EU
O01848,ACME,"1,148.30",EUR,14/01/2026,Y,US
O01849,Hooli,"1,443.82",USD,22/08/2026,Y,US
O01850,UMBRELLA,"2,949.72",EUR,21/05/2026,N,EU
O01851,HOOLI,"3,563.61",USD,26/05/2026,Y,EU
O01852,ACME,895.83,CHF,17/01/2026,N,EU
O01853,Umbrella,"2,802.14",USD,15/02/2026,Y,US
O01854,ACME,"1,335.93",EUR,27/02/2026,Y,EU
O01855,Umbrella,"4,063.88",EUR,11/06/2026,N,US
O01856,Globex,382.80,CHF,22/06/2026,N,US
O01857,Initech,"2,829.38",CHF,19/04/2026,Y,EU
O01858,Umbrella,"1,722.39",CHF,26/08/2026,N,US
O01859,ACME,"4,130.19",CHF,25/06/2026,Y,EU
O01860,Initech,"2,466.06",USD,26/05/2026,N,EU
O01861,Umbrella,"4,565.04",USD,20/02/2026,Y,EU
O01862,Initech,"3,353.21",USD,24/08/2026,N,US
O01863,ACME,"4,705.12",EUR,24/07/2026,N,US
O01864,Hooli,"2,530.78",CHF,19/01/2026,N,EU
O01865,Hooli,"2,672.69",EUR,14/01/2026,Y,EU
O01866,ACME,"2,905.80",USD,22/09/2026,N,EU
O01867,Initech,"2,207.10",USD,10/02/2026,N,EU
O01868,ACME,"4,700.51",EUR,10/05/2026,N,US
O01869,Umbrella,"4,503.58",USD,13/02/2026,Y,EU
O01870,Hooli,"4,082.32",CHF,12/06/2026,N,EU
O01871,UMBRELLA,"4,436.34",EUR,18/08/2026,Y,US
O01872,Globex,"1,795.48",USD,22/07/2026,Y,EU
O01873,ACME,"4,139.51",EUR,16/02/2026,N,EU
O01874,Initech,"1,322.12",CHF,21/06/2026,N,US
O01875,Umbrella,"1,840.00",EUR,20/08/2026,Y,EU
O01876,UMBRELLA,"2,522.08",CHF,15/06/2026,N,US
O01877,Hooli,"2,232.40",USD,15/09/2026,N,US
O01878,Initech,"1,013.30",EUR,17/04/2026,N,EU
O01879,Hooli,676.01,EUR,19/01/2026,N,US
O01880,Globex,"2,640.56",USD,26/06/2026,Y,US
O01881,ACME,"1,929.52",EUR,23/07/2026,N,EU
O01882,ACME,"1,849.31",EUR,24/06/2026,N,US
O01883,Globex,116.29,USD,23/05/2026,N,EU
O01884,Initech,"3,039.35",USD,10/07/2026,Y,US
O01885,Globex,75.22,USD,24/08/2026,N,EU
O01886,ACME,"4,639.55",CHF,25/01/2026,Y,EU
O01887,Umbrella,"1,615.59",USD,28/01/2026,Y,EU
O01888,Initech,"3,199.92",USD,19/02/2026,Y,US
O01889,UMBRELLA,"1,455.27",EUR,18/01/2026,N,EU
O01890,Umbrella,"4,070.99",EUR,24/01/2026,N,US
O01891,ACME,"4,114.84",CHF,21/02/2026,N,US
O01892,UMBRELLA,"3,867.70",CHF,12/03/2026,N,EU
O01893,ACME,62.32,USD,24/07/2026,Y,US
O01894,HOOLI,"2,313.31",CHF,20/07/2026,Y,US
O01895,ACME,"4,249.14",EUR,11/03/2026,N,US
O01896,ACME,"2,524.95",EUR,15/06/2026,N,US
O01897,Globex,"3,503.82",CHF,23/04/2026,N,US
O01898,ACME,"2,340.23",CHF,21/03/2026,N,US
O01899,Globex,733.61,EUR,17/08/2026,Y,US
O01900,Umbrella,561.71,CHF,14/02/2026,Y,US
O01901,ACME,619.49,CHF,14/02/2026,N,EU
O01902,HOOLI,"2,151.70",EUR,26/07/2026,Y,US
O01903,Initech,"2,828.34",USD,13/09/2026,N,US
O01904,Initech,"4,597.09",USD,14/01/2026,N,EU
O01905,HOOLI,"2,188.60",EUR,15/08/2026,N,EU
O01906,UMBRELLA,"4,706.77",USD,23/05/2026,Y,EU
O01907,GLOBEX,"1,426.61",CHF,19/04/2026,N,EU
O01908,HOOLI,"2,051.49",USD,20/04/2026,N,US
O01909,Initech,808.12,EUR,26/08/2026,Y,US
O01910,INITECH,"2,701.23",EUR,22/02/2026,N,EU
O01911,Initech,"1,588.08",EUR,24/09/2026,Y,US
O01912,Hooli,"2,164.02",EUR,26/03/2026,N,US
O01913,Hooli,"2,223.39",EUR,24/05/2026,Y,US
O01914,Initech,"2,613.92",EUR,14/06/2026,N,EU
O01915,Umbrella,"1,676.38",CHF,22/09/2026,N,EU
O01916,Globex,747.64,USD,20/08/2026,Y,EU
O01917,Umbrella,"3,843.14",CHF,16/08/2026,Y,EU
O01918,ACME,"2,776.19",CHF,11/09/2026,N,US
O01919,Hooli,"2,151.17",USD,23/04/2026,N,EU
O01920,Initech,"2,653.38",USD,24/04/2026,Y,US
O01921,INITECH,"2,572.65",CHF,25/09/2026,Y,EU
O01922,Umbrella,"2,282.69",CHF,26/09/2026,Y,US
O01923,HOOLI,"3,385.71",EUR,18/04/2026,N,EU
O01924,Initech,"2,981.76",EUR,17/01/2026,Y,US
O01925,INITECH,"1,543.21",CHF,26/03/2026,Y,EU
O01926,UMBRELLA,360.17,EUR,22/06/2026,Y,US
O01927,INITECH,"3,638.23",USD,14/03/2026,N,US
O01928,Hooli,"1,159.32",USD,17/04/2026,Y,US
O01929,ACME,"4,859.68",CHF,26/03/2026,N,US
O01930,GLOBEX,"1,161.00",EUR,13/07/2026,Y,EU
O01931,Initech,"2,176.14",EUR,21/09/2026,N,EU
O01932,Globex,"2,661.27",EUR,24/08/2026,Y,US
O01933,INITECH,"1,194.02",CHF,23/01/2026,Y,EU
O01934,UMBRELLA,"4,932.68",USD,22/05/2026,N,US
O01935,UMBRELLA,"1,072.59",EUR,20/02/2026,N,US
O01936,Initech,"4,821.00",USD,22/06/2026,Y,US
O01937,Globex,362.64,CHF,23/05/2026,Y,EU
O01938,Globex,271.84,EUR,27/07/2026,N,EU
O01939,GLOBEX,"3,563.63",EUR,24/09/2026,N,EU
O01940,ACME,703.59,EUR,15/03/2026,N,EU
O01941,Umbrella,301.34,CHF,20/03/2026,N,EU
O01942,Initech,156.69,EUR,18/06/2026,N,US
O01943,Globex,607.67,USD,14/07/2026,Y,EU
O01944,Globex,"1,735.12",EUR,27/03/2026,N,EU
O01945,Globex,164.69,CHF,23/09/2026,N,US
O01946,Umbrella,"1,669.54",EUR,16/05/2026,N,US
O01947,Initech,"4,505.21",CHF,23/03/2026,Y,US
O01948,Initech,"1,344.12",CHF,26/01/2026,Y,US
O01949,Globex,"2,086.82",CHF,15/05/2026,Y,US
O01950,UMBRELLA,"4,362.44",USD,25/03/2026,N,EU
O01951,ACME,425.94,CHF,22/09/2026,N,EU
O01952,Umbrella,"1,243.60",CHF,12/07/2026,N,EU
O01953,Hooli,"2,931.34",EUR,28/08/2026,Y,US
O01954,INITECH,"3,407.77",EUR,11/09/2026,Y,EU
O01955,Umbrella,"2,076.96",EUR,25/09/2026,N,US
O01956,Initech,"3,045.00",USD,13/02/2026,N,EU
O01957,INITECH,"2,754.55",USD,25/03/2026,Y,US
O01958,Umbrella,"4,470.15",CHF,21/06/2026,Y,US
O01959,HOOLI,"2,136.62",CHF,17/07/2026,Y,US
O01960,UMBRELLA,"3,615.96",EUR,28/03/2026,N,EU
O01961,Globex,"1,593.48",CHF,23/04/2026,Y,US
O01962,Umbrella,751.06,CHF,15/07/2026,Y,US
O01963,ACME,"1,730.21",USD,28/07/2026,N,US
O01964,Initech,"1,433.52",CHF,19/06/2026,N,EU
O01965,INITECH,"2,356.72",EUR,24/04/2026,Y,US
O01966,Initech,"3,193.97",EUR,20/09/2026,Y,EU
O01967,ACME,573.82,USD,26/05/2026,Y,US
O01968,Globex,"3,176.15",USD,19/02/2026,N,EU
O01969,ACME,"4,518.63",EUR,24/01/2026,N,EU
O01970,Initech,"1,256.80",CHF,18/02/2026,Y,US
O01971,Hooli,"4,589.00",EUR,24/07/2026,N,EU
O01972,Umbrella,"1,710.15",USD,21/03/2026,N,US
O01973,Hooli,"4,375.25",USD,12/03/2026,N,US
O01974,INITECH,"1,606.80",CHF,24/02/2026,N,US
O01975,ACME,"1,408.13",USD,21/09/2026,N,EU
O01976,Initech,"1,437.41",EUR,15/06/2026,Y,US
O01977,Initech,"3,525.26",CHF,20/07/2026,Y,EU
O01978,Initech,"2,718.38",EUR,10/09/2026,Y,EU
O01979,Hooli,"2,102.73",EUR,20/08/2026,Y,US
O01980,Hooli,"2,367.84",USD,15/08/2026,Y,US
O01981,Umbrella,"1,845.26",CHF,23/04/2026,Y,US
O01982,GLOBEX,"3,417.42",USD,27/08/2026,Y,EU
O01983,Initech,"1,670.62",USD,26/02/2026,Y,EU
O01984,Hooli,"4,661.76",USD,27/06/2026,N,US
O01985,Globex,"4,862.05",CHF,20/07/2026,N,EU
O01986,Initech,"3,404.37",CHF,22/04/2026,Y,EU
O01987,Umbrella,"1,764.78",EUR,13/09/2026,Y,EU
O01988,HOOLI,209.30,USD,18/05/2026,N,US
O01989,ACME,"1,865.77",USD,26/08/2026,N,US
O01990,ACME,"2,742.59",CHF,26/09/2026,N,US
O01991,ACME,934.34,EUR,12/03/2026,Y,US
O01992,Initech,170.30,CHF,12/07/2026,Y,EU
O01993,Globex,"3,781.50",USD,10/05/2026,N,US
O01994,Initech,"3,401.49",EUR,18/09/2026,Y,EU
O01995,UMBRELLA,"1,859.23",EUR,11/06/2026,N,US
O01996,ACME,"3,772.58",CHF,11/07/2026,N,EU
O01997,Initech,"2,169.92",CHF,25/04/2026,N,EU
O01998,ACME,"1,135.76",USD,26/01/2026,N,US
O01999,Hooli,"3,105.22",EUR,17/02/2026,N,US
O02000,Initech,"4,446.24",CHF,22/07/2026,Y,US
O02001,Globex,290.55,EUR,26/01/2026,Y,US
O02002,Initech,"1,444.52",USD,25/06/2026,N,US
O02003,GLOBEX,"1,693.74",CHF,24/05/2026,Y,EU
O02004,HOOLI,"2,401.92",USD,25/08/2026,Y,US
O02005,INITECH,"1,801.56",CHF,27/04/2026,N,US
O02006,INITECH,901.14,USD,15/07/2026,N,US
O02007,Globex,"1,287.54",USD,28/09/2026,Y,EU
O02008,ACME,"4,976.22",CHF,17/04/2026,Y,EU
O02009,ACME,860.30,EUR,23/09/2026,Y,EU
O02010,Hooli,366.48,EUR,11/03/2026,N,EU
O02011,Hooli,"2,234.07",USD,14/06/2026,N,EU
O02012,INITECH,435.75,USD,23/04/2026,Y,US
O02013,UMBRELLA,"1,204.50",USD,15/07/2026,Y,EU
O02014,ACME,"1,031.21",CHF,12/04/2026,N,EU
O02015,Initech,"4,081.17",USD,10/06/2026,Y,US
O02016,GLOBEX,"2,660.25",USD,11/03/2026,Y,US
O02017,Hooli,"3,248.90",GBP,26/09/2026,Y,US
O02018,Globex,"1,562.13",CHF,16/07/2026,N,EU
O02019,ACME,804.50,USD,18/05/2026,N,EU
O02020,GLOBEX,63.09,EUR,13/04/2026,N,US
O02021,UMBRELLA,"4,285.69",EUR,22/06/2026,N,EU
O02022,Umbrella,"4,848.71",CHF,25/09/2026,N,EU
O02023,ACME,"4,594.88",USD,21/09/2026,Y,US
O02024,Globex,"1,287.19",EUR,13/02/2026,N,EU
O02025,Hooli,"4,103.82",CHF,24/03/2026,N,US
O02026,Hooli,"2,566.49",USD,21/04/2026,Y,EU
O02027,INITECH,"4,390.66",USD,15/04/2026,Y,EU
O02028,Umbrella,"4,374.10",EUR,26/03/2026,Y,EU
O02029,GLOBEX,"2,444.54",EUR,17/02/2026,N,EU
O02030,Hooli,"4,468.35",CHF,22/04/2026,N,EU
O02031,INITECH,"2,859.49",CHF,17/06/2026,Y,EU
O02032,ACME,"3,712.60",USD,26/07/2026,Y,US
O02033,Umbrella,"3,461.03",EUR,16/01/2026,N,US
O02034,HOOLI,"3,686.11",EUR,20/02/2026,N,US
O02035,Globex,"1,888.67",GBP,19/06/2026,N,EU
O02036,Globex,"3,983.79",CHF,19/02/2026,N,US
O02037,UMBRELLA,"3,482.46",USD,28/08/2026,N,EU
O02038,Globex,"1,538.02",CHF,19/02/2026,N,US
O02039,Umbrella,"3,921.85",CHF,10/04/2026,N,US
O02040,Umbrella,"3,155.42",EUR,23/06/2026,Y,EU
O02041,Umbrella,778.14,CHF,10/08/2026,N,EU
O02042,ACME,"3,719.46",CHF,15/07/2026,Y,US
O02043,GLOBEX,"3,375.72",CHF,26/09/2026,N,US
O02044,Initech,"1,045.73",EUR,20/02/2026,Y,EU
O02045,UMBRELLA,770.95,EUR,16/08/2026,N,EU
O02046,GLOBEX,"3,820.38",USD,22/07/2026,Y,EU
O02047,UMBRELLA,"1,060.32",CHF,19/03/2026,Y,EU
O02048,ACME,"3,035.34",CHF,18/08/2026,N,EU
O02049,Umbrella,"3,030.49",CHF,20/07/2026,N,US
O02050,Umbrella,"1,120.23",CHF,24/03/2026,N,EU
O02051,GLOBEX,"3,205.63",EUR,13/08/2026,Y,EU
O02052,HOOLI,"3,012.71",USD,12/05/2026,N,EU
O02053,Initech,"1,919.27",EUR,16/08/2026,N,EU
O02054,GLOBEX,"2,964.17",USD,21/08/2026,N,EU
O02055,HOOLI,"3,316.50",CHF,21/06/2026,N,US
O02056,Umbrella,"3,059.34",USD,13/08/2026,Y,EU
O02057,UMBRELLA,"1,986.03",CHF,12/03/2026,N,US
O02058,UMBRELLA,"3,352.22",USD,17/04/2026,Y,EU
O02059,Hooli,"4,822.02",CHF,21/07/2026,N,US
O02060,Umbrella,"1,720.76",EUR,20/02/2026,Y,US
O02061,Initech,"2,005.56",USD,10/08/2026,Y,EU
O02062,Hooli,"3,670.22",CHF,20/05/2026,N,US
O02063,Initech,"1,725.81",USD,13/02/2026,Y,US
O02064,Umbrella,"3,528.66",EUR,12/09/2026,Y,EU
O02065,Initech,"2,580.20",USD,14/04/2026,Y,EU
O02066,Umbrella,457.04,CHF,17/06/2026,N,EU
O02067,Initech,"1,757.64",EUR,19/05/2026,N,US
O02068,Hooli,236.75,CHF,26/03/2026,N,EU
O02069,INITECH,"3,070.91",EUR,10/01/2026,N,EU
O02070,Globex,"2,726.00",EUR,21/02/2026,N,EU
O02071,Initech,"4,540.24",EUR,12/03/2026,Y,EU
O02072,UMBRELLA,"4,949.27",CHF,24/02/2026,N,US
O02073,Globex,261.52,CHF,22/09/2026,Y,US
O02074,INITECH,"1,175.78",USD,19/03/2026,N,US
O02075,Umbrella,"3,033.44",CHF,22/08/2026,N,EU
O02076,Hooli,147.99,EUR,23/06/2026,Y,EU
O02077,ACME,"2,507.38",CHF,19/03/2026,Y,US
O02078,Globex,437.52,EUR,28/05/2026,N,US
O02079,Initech,"1,436.47",CHF,20/06/2026,Y,US
O02080,Hooli,"2,125.15",CHF,16/01/2026,N,EU
O02081,Hooli,"1,312.38",CHF,10/08/2026,N,US
O02082,Globex,"3,898.63",CHF,24/02/2026,N,US
O02083,Initech,"2,567.61",CHF,11/07/2026,N,US
O02084,Initech,635.99,USD,12/05/2026,N,US
O02085,Initech,"1,213.51",CHF,13/01/2026,Y,EU
O02086,GLOBEX,421.10,USD,11/01/2026,Y,US
O02087,Initech,"4,811.96",USD,15/07/2026,Y,US
O02088,Hooli,"4,912.18",USD,15/03/2026,N,US
O02089,GLOBEX,"2,553.11",EUR,12/01/2026,Y,EU
O02090,Hooli,497.05,USD,13/03/2026,N,US
O02091,Umbrella,325.76,USD,17/02/2026,N,EU
O02092,HOOLI,"2,780.97",CHF,18/04/2026,Y,US
O02093,Hooli,"3,607.74",USD,11/06/2026,Y,US
O02094,Umbrella,"3,612.07",EUR,20/05/2026,Y,US
O02095,ACME,"4,571.85",USD,14/01/2026,Y,EU
O02096,Initech,"4,573.00",USD,14/05/2026,N,EU
O02097,HOOLI,"1,236.32",EUR,17/07/2026,Y,US
O02098,Umbrella,"4,257.36",CHF,16/04/2026,N,EU
O02099,GLOBEX,"3,417.21",USD,18/04/2026,Y,EU
O02100,ACME,"2,979.77",USD,15/08/2026,Y,US
O02101,ACME,"3,214.60",EUR,28/04/2026,Y,US
O02102,Hooli,"2,504.11",EUR,21/01/2026,N,EU
O02103,ACME,"4,783.10",EUR,14/05/2026,Y,US
O02104,Initech,"2,446.56",CHF,27/08/2026,N,EU
O02105,UMBRELLA,676.61,CHF,13/08/2026,N,US
O02106,Umbrella,"2,300.38",CHF,21/05/2026,Y,EU
O02107,Umbrella,"3,217.34",EUR,25/07/2026,Y,US
O02108,UMBRELLA,"1,936.09",EUR,17/01/2026,N,US
O02109,Globex,"3,507.12",USD,20/01/2026,Y,EU
O02110,INITECH,862.01,USD,12/08/2026,N,US
O02111,Globex,"2,156.73",EUR,13/09/2026,Y,US
O02112,INITECH,"2,331.77",USD,20/02/2026,N,EU
O02113,HOOLI,"2,533.40",EUR,26/01/2026,N,EU
O02114,Umbrella,"2,953.50",EUR,12/08/2026,Y,EU
O02115,GLOBEX,"4,597.58",USD,23/09/2026,Y,EU
O02116,INITECH,"1,400.83",EUR,14/04/2026,Y,US
O02117,Globex,"4,033.12",USD,28/04/2026,Y,EU
O02118,Initech,537.45,USD,12/02/2026,Y,EU
O02119,UMBRELLA,"1,613.46",CHF,26/08/2026,N,US
O02120,ACME,282.86,USD,27/05/2026,N,US
O02121,GLOBEX,"3,196.84",EUR,25/02/2026,Y,US
O02122,GLOBEX,"1,330.63",CHF,20/09/2026,Y,US
O02123,ACME,"3,291.97",EUR,25/09/2026,N,US
O02124,Umbrella,"3,844.10",CHF,15/03/2026,Y,US
O02125,HOOLI,"4,470.89",CHF,19/01/2026,Y,US
O02126,ACME,209.36,EUR,27/02/2026,N,US
O02127,ACME,"1,060.97",USD,21/04/2026,N,EU
O02128,Globex,421.70,CHF,24/04/2026,N,US
O02129,INITECH,"4,289.79",EUR,21/07/2026,Y,US
O02130,HOOLI,"2,085.76",EUR,28/07/2026,Y,EU
O02131,HOOLI,"2,089.32",USD,11/08/2026,Y,EU
O02132,Hooli,"4,945.59",USD,10/07/2026,Y,EU
O02133,Hooli,"3,633.70",CHF,10/09/2026,Y,EU
O02134,Globex,"3,777.81",USD,19/04/2026,N,EU
O02135,Umbrella,"2,517.97",USD,15/04/2026,N,EU
O02136,Hooli,"4,601.03",USD,20/03/2026,Y,US
O02137,ACME,"4,200.21",CHF,16/09/2026,N,US
O02138,Initech,"4,731.05",EUR,19/06/2026,Y,EU
O02139,Globex,"3,568.26",EUR,22/08/2026,Y,EU
O02140,Initech,"3,812.61",USD,28/03/2026,N,EU
O02141,Globex,"3,782.02",EUR,18/04/2026,N,US
O02142,HOOLI,"3,349.87",EUR,28/04/2026,N,US
O02143,ACME,"2,580.60",USD,16/07/2026,Y,EU
O02144,ACME,"1,752.27",EUR,11/07/2026,Y,US
O02145,INITECH,251.38,EUR,27/03/2026,N,EU
O02146,Globex,"4,931.07",USD,15/06/2026,N,US
O02147,HOOLI,"1,824.18",CHF,15/09/2026,N,EU
O02148,ACME,"1,149.39",CHF,20/01/2026,N,US
O02149,Hooli,"4,932.44",CHF,19/06/2026,N,EU
O02150,ACME,"2,072.44",USD,16/07/2026,N,US
O02151,ACME,"3,207.85",EUR,27/01/2026,Y,US
O02152,INITECH,"4,453.64",CHF,10/01/2026,Y,EU
O02153,Umbrella,"3,963.30",EUR,12/04/2026,Y,US
O02154,HOOLI,"4,261.67",CHF,11/08/2026,Y,EU
O02155,Globex,"4,937.70",USD,20/03/2026,Y,EU
O02156,Initech,"3,750.88",EUR,10/05/2026,Y,EU
O02157,Initech,"3,916.50",CHF,14/02/2026,Y,EU
O02158,GLOBEX,"2,885.20",CHF,17/02/2026,N,US
O02159,ACME,"3,638.26",CHF,20/05/2026,Y,US
O02160,Umbrella,"2,215.75",CHF,17/01/2026,N,US
O02161,ACME,"3,916.05",EUR,13/02/2026,Y,US
O02162,Initech,"4,192.17",CHF,15/09/2026,N,EU
O02163,GLOBEX,"3,020.36",CHF,27/02/2026,N,EU
O02164,Hooli,"1,468.53",CHF,19/07/2026,N,EU
O02165,Initech,968.54,CHF,16/01/2026,N,EU
O02166,ACME,"1,385.96",EUR,25/01/2026,Y,EU
O02167,Hooli,"4,040.27",CHF,11/02/2026,Y,EU
O02168,ACME,"4,288.66",USD,12/06/2026,Y,EU
O02169,HOOLI,460.96,EUR,19/03/2026,Y,EU
O02170,GLOBEX,"4,532.97",EUR,17/03/2026,N,EU
O02171,Initech,252.04,USD,24/09/2026,N,EU
O02172,ACME,"3,477.00",EUR,27/03/2026,N,EU
O02173,ACME,"4,642.18",CHF,19/05/2026,N,US
O02174,Hooli,"2,257.14",USD,26/09/2026,Y,EU
O02175,Hooli,"1,772.52",EUR,15/08/2026,Y,US
O02176,ACME,"3,500.16",USD,19/09/2026,N,US
O02177,Umbrella,"4,758.81",EUR,13/04/2026,N,EU
O02178,Hooli,"2,035.12",CHF,25/01/2026,N,US
O02179,Hooli,"4,132.07",USD,19/04/2026,N,EU
O02180,ACME,"1,536.61",USD,21/04/2026,Y,EU
O02181,Initech,623.34,EUR,10/02/2026,Y,EU
O02182,Globex,"2,512.28",USD,24/03/2026,Y,EU
O02183,Globex,"4,231.81",EUR,18/05/2026,Y,EU
O02184,UMBRELLA,"4,232.70",CHF,17/05/2026,Y,EU
O02185,Initech,"1,635.58",CHF,22/02/2026,N,US
O02186,ACME,522.77,CHF,25/03/2026,Y,US
O02187,ACME,"1,821.19",USD,16/04/2026,Y,US
O02188,INITECH,"1,371.85",USD,18/09/2026,N,US
O02189,HOOLI,"2,862.09",CHF,24/04/2026,Y,EU
O02190,Globex,"2,581.59",USD,21/08/2026,Y,EU
O02191,Hooli,622.16,CHF,27/01/2026,Y,US
O02192,GLOBEX,630.97,CHF,23/08/2026,N,US
O02193,Globex,"1,890.96",CHF,24/07/2026,Y,EU
O02194,ACME,"3,565.87",EUR,10/05/2026,Y,EU
O02195,Umbrella,"1,524.28",USD,23/07/2026,Y,EU
O02196,Globex,17.60,CHF,26/07/2026,N,US
O02197,Initech,682.16,CHF,12/09/2026,N,US
O02198,Globex,"3,706.08",EUR,19/06/2026,N,EU
O02199,Initech,"4,171.14",EUR,17/07/2026,N,EU
O02200,Globex,722.83,EUR,18/03/2026,N,EU
O02201,Umbrella,"2,094.07",USD,11/08/2026,N,EU
O02202,INITECH,"2,545.68",EUR,25/08/2026,N,EU
O02203,Umbrella,"2,474.60",EUR,28/01/2026,N,US
O02204,INITECH,"1,417.64",USD,18/09/2026,N,EU
O02205,Globex,"3,036.91",EUR,26/01/2026,Y,US
O02206,Umbrella,"4,156.88",USD,21/07/2026,N,US
O02207,UMBRELLA,"2,274.79",USD,14/02/2026,Y,EU
O02208,ACME,"2,648.66",GBP,13/07/2026,N,US
O02209,ACME,"4,107.29",CHF,27/06/2026,Y,EU
O02210,Initech,"3,459.97",USD,13/01/2026,Y,EU
O02211,Hooli,"3,314.29",USD,15/04/2026,N,US
O02212,Initech,"4,649.83",EUR,27/04/2026,Y,EU
O02213,Globex,"4,821.46",CHF,16/09/2026,Y,US
O02214,HOOLI,723.83,EUR,17/04/2026,N,EU
O02215,ACME,"1,196.54",CHF,17/03/2026,N,EU
O02216,Initech,"2,159.51",EUR,21/03/2026,Y,EU
O02217,INITECH,461.37,EUR,18/04/2026,Y,US
O02218,INITECH,"2,402.89",CHF,22/05/2026,N,EU
O02219,Hooli,"1,611.63",EUR,15/06/2026,Y,US
O02220,Globex,"2,616.45",USD,22/06/2026,Y,US
O02221,Hooli,836.86,EUR,25/09/2026,N,US
O02222,HOOLI,"3,902.84",USD,16/06/2026,N,EU
O02223,ACME,808.56,USD,19/06/2026,N,EU
O02224,ACME,"1,000.79",CHF,25/05/2026,Y,EU
O02225,ACME,"4,223.34",EUR,17/03/2026,Y,EU
O02226,Globex,179.28,USD,23/05/2026,Y,EU
O02227,Umbrella,"4,316.55",CHF,17/05/2026,Y,US
O02228,UMBRELLA,117.74,GBP,14/09/2026,Y,US
O02229,UMBRELLA,"1,379.05",EUR,17/05/2026,N,EU
O02230,Umbrella,"2,206.29",EUR,27/08/2026,N,EU
O02231,Globex,"3,720.81",CHF,24/03/2026,Y,EU
O02232,Hooli,"1,098.91",EUR,21/06/2026,N,US
O02233,Umbrella,"3,595.91",USD,24/08/2026,N,US
O02234,Initech,"1,843.40",CHF,17/09/2026,N,US
O02235,Umbrella,"1,889.22",EUR,27/05/2026,Y,US
O02236,INITECH,551.24,EUR,21/05/2026,Y,US
O02237,ACME,"1,895.93",USD,23/02/2026,N,EU
O02238,Initech,"4,447.83",GBP,22/04/2026,N,EU
O02239,Hooli,"2,752.35",EUR,18/05/2026,Y,EU
O02240,UMBRELLA,"4,588.28",EUR,19/05/2026,Y,EU
O02241,Globex,954.24,USD,28/08/2026,Y,US
O02242,Umbrella,"4,201.26",USD,28/01/2026,Y,EU
O02243,Initech,"3,374.02",CHF,20/07/2026,N,EU
O02244,ACME,"3,809.88",EUR,19/05/2026,Y,EU
O02245,ACME,"3,511.36",CHF,15/01/2026,N,US
O02246,HOOLI,"3,260.88",CHF,19/05/2026,N,US
O02247,Umbrella,"3,726.22",CHF,27/09/2026,Y,EU
O02248,HOOLI,"4,783.68",USD,13/04/2026,Y,EU
O02249,ACME,"2,720.44",EUR,19/05/2026,Y,US
O02250,Initech,"3,721.92",EUR,21/02/2026,Y,EU
O02251,ACME,"2,622.36",USD,20/02/2026,N,EU
O02252,Globex,"4,708.92",USD,21/08/2026,Y,US
O02253,INITECH,"1,438.60",EUR,10/08/2026,Y,EU
O02254,Umbrella,981.46,EUR,12/03/2026,Y,EU
O02255,ACME,"2,781.74",EUR,11/09/2026,N,EU
O02256,Globex,900.97,EUR,25/03/2026,Y,US
O02257,Hooli,942.99,CHF,15/08/2026,N,US
O02258,Hooli,758.31,EUR,25/03/2026,N,EU
O02259,HOOLI,"1,484.82",CHF,19/01/2026,N,US
O02260,ACME,"2,302.02",EUR,20/03/2026,N,EU
O02261,HOOLI,"2,777.18",CHF,12/06/2026,Y,EU
O02262,INITECH,"3,533.52",EUR,15/06/2026,Y,EU
O02263,ACME,"2,509.17",EUR,26/06/2026,Y,US
O02264,ACME,"2,888.68",EUR,19/04/2026,Y,US
O02265,ACME,"2,947.92",USD,27/06/2026,Y,US
O02266,INITECH,969.57,CHF,26/03/2026,Y,EU
O02267,ACME,"4,041.62",EUR,17/02/2026,N,EU
O02268,Initech,"2,082.36",CHF,23/04/2026,Y,US
O02269,HOOLI,"1,268.93",USD,17/05/2026,Y,US
O02270,Umbrella,"1,283.44",CHF,12/05/2026,N,EU
O02271,ACME,"2,060.71",EUR,27/04/2026,N,EU
O02272,Umbrella,"2,680.20",USD,19/07/2026,N,EU
O02273,ACME,"2,157.37",USD,24/05/2026,N,US
O02274,GLOBEX,"3,033.37",EUR,25/08/2026,Y,EU
O02275,HOOLI,"2,309.32",USD,16/01/2026,Y,EU
O02276,GLOBEX,"2,504.33",USD,11/05/2026,Y,EU
O02277,Initech,467.56,EUR,14/03/2026,Y,US
O02278,Globex,"2,663.38",CHF,10/02/2026,N,EU
O02279,INITECH,"3,189.14",USD,17/04/2026,N,US
O02280,INITECH,"2,439.27",EUR,21/04/2026,Y,EU
O02281,Umbrella,246.30,CHF,12/01/2026,Y,US
O02282,Umbrella,"2,139.63",EUR,19/09/2026,N,EU
O02283,UMBRELLA,"2,321.55",EUR,28/07/2026,N,EU
O02284,HOOLI,"4,762.41",EUR,16/03/2026,N,US
O02285,ACME,"4,238.80",EUR,28/06/2026,N,US
O02286,Hooli,"1,234.52",USD,20/08/2026,N,US
O02287,Initech,"1,755.94",USD,19/03/2026,N,EU
O02288,Hooli,"4,808.80",EUR,10/04/2026,N,EU
O02289,Umbrella,"1,801.07",EUR,23/02/2026,Y,US
O02290,HOOLI,"4,331.45",USD,10/07/2026,N,US
O02291,HOOLI,777.49,USD,11/06/2026,Y,EU
O02292,Globex,"1,127.98",CHF,20/07/2026,Y,EU
O02293,ACME,"1,039.27",CHF,18/06/2026,Y,EU
O02294,Initech,631.29,USD,22/07/2026,N,EU
O02295,Globex,"4,727.31",CHF,16/05/2026,N,US
O02296,ACME,"3,779.06",USD,19/06/2026,Y,US
O02297,Umbrella,"2,981.54",CHF,22/08/2026,Y,US
O02298,Globex,"4,679.52",EUR,20/03/2026,N,US
O02299,Initech,"3,868.09",USD,12/09/2026,Y,US
O02300,Umbrella,"4,711.90",EUR,15/05/2026,Y,EU
O02301,Hooli,"2,795.01",CHF,15/05/2026,Y,EU
O02302,Umbrella,367.85,CHF,28/07/2026,Y,EU
O02303,ACME,"1,923.20",CHF,14/04/2026,N,US
O02304,Hooli,"1,009.85",EUR,27/08/2026,N,EU
O02305,ACME,"4,971.55",CHF,13/06/2026,Y,EU
O02306,Globex,"2,375.93",CHF,28/06/2026,Y,EU
O02307,ACME,"4,537.68",USD,27/06/2026,N,US
O02308,GLOBEX,"2,629.32",EUR,22/07/2026,N,US
O02309,GLOBEX,"2,617.08",USD,18/08/2026,Y,EU
O02310,ACME,"4,017.35",EUR,24/05/2026,N,EU
O02311,ACME,"3,521.05",USD,20/08/2026,N,US
O02312,ACME,"2,986.30",EUR,22/06/2026,Y,US
O02313,ACME,"1,028.06",CHF,14/06/2026,N,EU
O02314,ACME,"3,158.30",USD,27/05/2026,N,US
O02315,ACME,"1,731.18",CHF,17/03/2026,Y,EU
O02316,Hooli,"3,257.12",GBP,27/02/2026,N,US
O02317,Globex,"2,702.99",EUR,20/08/2026,N,US
O02318,Globex,"3,368.29",USD,19/06/2026,Y,EU
O02319,ACME,"1,557.08",EUR,25/09/2026,Y,EU
O02320,Hooli,"1,423.82",EUR,12/08/2026,N,US
O02321,Initech,"4,151.50",EUR,17/09/2026,Y,US
O02322,ACME,"2,421.38",EUR,17/09/2026,Y,EU
O02323,Globex,"4,501.08",EUR,26/07/2026,N,EU
O02324,Initech,"2,492.95",USD,15/08/2026,Y,EU
O02325,Umbrella,"2,711.59",CHF,16/04/2026,N,EU
O02326,Hooli,820.73,USD,10/06/2026,Y,EU
O02327,Hooli,"2,511.43",EUR,16/01/2026,Y,EU
O02328,GLOBEX,"1,418.66",CHF,12/06/2026,Y,US
O02329,ACME,79.16,USD,21/02/2026,N,US
O02330,UMBRELLA,"1,637.24",EUR,27/01/2026,N,US
O02331,Hooli,387.03,CHF,14/07/2026,N,EU
O02332,Umbrella,"3,724.95",EUR,24/09/2026,N,US
O02333,ACME,"3,506.17",USD,26/03/2026,Y,EU
O02334,ACME,87.06,EUR,26/02/2026,Y,US
O02335,Globex,"4,249.29",USD,27/09/2026,Y,EU
O02336,Initech,"4,568.86",EUR,18/09/2026,Y,US
O02337,UMBRELLA,"3,276.38",USD,25/02/2026,N,EU
O02338,Hooli,"2,839.78",EUR,24/08/2026,Y,EU
O02339,GLOBEX,"1,627.37",USD,24/01/2026,N,US
O02340,ACME,"1,500.60",CHF,26/05/2026,Y,EU
O02341,GLOBEX,"2,943.31",USD,20/01/2026,N,US
O02342,Hooli,778.51,CHF,12/05/2026,N,EU
O02343,Hooli,"4,143.37",USD,12/07/2026,N,EU
O02344,Umbrella,613.54,CHF,15/06/2026,N,US
O02345,Initech,659.74,EUR,24/08/2026,N,EU
O02346,Initech,"1,460.43",CHF,16/04/2026,Y,US
O02347,Initech,"2,661.71",CHF,22/09/2026,Y,US
O02348,INITECH,"3,148.74",EUR,17/04/2026,N,EU
O02349,ACME,"3,973.93",EUR,18/09/2026,N,US
O02350,ACME,"2,272.94",CHF,27/05/2026,Y,US
O02351,ACME,"2,070.52",USD,17/04/2026,Y,EU
O02352,Umbrella,"2,650.27",USD,21/08/2026,Y,EU
O02353,Initech,"1,268.04",EUR,15/07/2026,N,EU
O02354,Globex,553.17,EUR,13/05/2026,N,US
O02355,Hooli,930.52,USD,23/08/2026,N,US
O02356,ACME,"3,894.83",CHF,27/04/2026,Y,US
O02357,GLOBEX,"4,415.78",USD,28/03/2026,Y,US
O02358,Initech,"1,602.61",CHF,13/04/2026,Y,EU
O02359,Initech,236.32,CHF,17/01/2026,Y,EU
O02360,INITECH,"3,470.14",EUR,11/08/2026,Y,US
O02361,Globex,"1,567.43",EUR,14/03/2026,Y,EU
O02362,HOOLI,669.04,USD,21/09/2026,N,US
O02363,HOOLI,"3,767.30",EUR,12/08/2026,Y,EU
O02364,INITECH,"2,298.44",CHF,24/03/2026,N,EU
O02365,Umbrella,"3,561.13",USD,28/04/2026,N,EU
O02366,INITECH,"1,702.46",USD,12/01/2026,Y,EU
O02367,Umbrella,"1,340.60",EUR,28/01/2026,Y,EU
O02368,Globex,"1,608.50",EUR,10/03/2026,N,US
O02369,ACME,"1,007.99",EUR,13/03/2026,Y,EU
O02370,Initech,"3,362.81",USD,11/09/2026,N,US
O02371,ACME,"4,747.05",EUR,12/03/2026,Y,US
O02372,Hooli,"4,591.14",EUR,20/06/2026,N,US
O02373,HOOLI,"2,350.27",CHF,24/07/2026,N,EU
O02374,Initech,"2,083.24",USD,25/04/2026,Y,US
O02375,Hooli,"4,575.73",USD,26/05/2026,Y,EU
O02376,Umbrella,"2,416.22",USD,27/07/2026,N,EU
O02377,Umbrella,"1,572.82",CHF,11/01/2026,Y,US
O02378,Hooli,"3,761.44",EUR,28/03/2026,Y,EU
O02379,ACME,"4,493.28",EUR,27/04/2026,N,US
O02380,UMBRELLA,196.75,EUR,18/02/2026,Y,EU
O02381,INITECH,"2,497.78",USD,23/01/2026,N,EU
O02382,Hooli,"1,690.92",USD,10/02/2026,Y,US
O02383,Hooli,"1,017.76",CHF,16/03/2026,Y,EU
O02384,Umbrella,272.79,CHF,28/03/2026,N,EU
O02385,Initech,326.21,CHF,20/06/2026,N,US
O02386,HOOLI,886.62,CHF,22/02/2026,Y,EU
O02387,ACME,"4,342.84",USD,19/01/2026,N,EU
O02388,ACME,"3,977.57",USD,26/04/2026,N,US
O02389,GLOBEX,"4,242.67",EUR,15/07/2026,N,US
O02390,UMBRELLA,"2,534.95",EUR,11/03/2026,Y,EU
O02391,Globex,"2,381.50",EUR,27/02/2026,N,EU
O02392,Globex,278.33,EUR,15/03/2026,N,US
O02393,UMBRELLA,745.62,USD,21/01/2026,Y,EU
O02394,UMBRELLA,"4,966.97",CHF,24/05/2026,N,US
O02395,ACME,"4,986.16",CHF,16/08/2026,N,EU
O02396,Umbrella,"2,805.36",USD,13/03/2026,Y,US
O02397,ACME,"4,151.89",CHF,27/02/2026,Y,EU
O02398,ACME,516.43,EUR,21/06/2026,N,EU
O02399,INITECH,"1,250.40",EUR,17/08/2026,Y,EU
O02400,Umbrella,"3,882.68",CHF,26/03/2026,N,US
O02401,Hooli,"1,781.26",USD,26/09/2026,Y,US
O02402,Globex,"4,790.22",USD,17/02/2026,N,US
O02403,Hooli,"2,576.22",EUR,17/07/2026,N,US
O02404,Umbrella,763.37,USD,16/07/2026,N,EU
O02405,Globex,"3,566.82",CHF,10/06/2026,N,US
O02406,Initech,"3,241.44",USD,11/02/2026,N,US
O02407,Hooli,996.10,USD,18/08/2026,N,EU
O02408,ACME,"4,755.31",EUR,26/06/2026,N,EU
O02409,Umbrella,"3,231.29",CHF,13/04/2026,Y,US
O02410,Initech,285.28,CHF,26/03/2026,Y,US
O02411,Hooli,"1,575.49",USD,23/06/2026,N,US
O02412,Globex,410.98,CHF,17/07/2026,Y,EU
O02413,Hooli,"4,244.10",EUR,19/09/2026,Y,US
O02414,Hooli,"1,290.22",CHF,24/05/2026,Y,US
O02415,Globex,"2,011.98",CHF,18/08/2026,Y,US
O02416,Initech,"3,385.95",USD,22/01/2026,N,US
O02417,Hooli,"1,382.11",EUR,19/01/2026,N,US
O02418,Umbrella,116.51,CHF,19/09/2026,Y,US
O02419,Initech,632.36,CHF,19/08/2026,N,US
O02420,UMBRELLA,"3,836.39",CHF,28/05/2026,Y,US
O02421,Hooli,"3,133.28",USD,13/02/2026,N,US
O02422,Globex,539.61,USD,25/07/2026,Y,US
O02423,ACME,"3,746.35",EUR,17/04/2026,Y,US
O02424,INITECH,820.09,CHF,17/03/2026,N,EU
O02425,ACME,"3,687.12",EUR,11/09/2026,N,US
O02426,Umbrella,"3,823.26",USD,20/09/2026,Y,US
O02427,ACME,"1,172.89",CHF,13/09/2026,N,EU
O02428,Globex,"3,763.02",USD,21/09/2026,Y,US
O02429,INITECH,176.50,CHF,15/04/2026,Y,EU
O02430,GLOBEX,"4,564.54",EUR,11/02/2026,Y,US
O02431,HOOLI,"3,394.02",EUR,14/02/2026,Y,EU
O02432,ACME,"2,988.09",CHF,10/01/2026,N,US
O02433,Globex,403.09,USD,20/01/2026,Y,US
O02434,Globex,"4,079.08",EUR,21/01/2026,Y,US
O02435,ACME,655.40,EUR,18/09/2026,N,EU
O02436,GLOBEX,"3,307.27",CHF,23/02/2026,N,US
O02437,Umbrella,"4,101.75",EUR,27/05/2026,N,EU
O02438,Globex,117.40,CHF,22/08/2026,Y,EU
O02439,ACME,"3,497.04",USD,25/08/2026,Y,US
O02440,Globex,"3,536.42",CHF,14/01/2026,Y,EU
O02441,Hooli,359.49,USD,13/05/2026,Y,US
O02442,Globex,"2,568.44",EUR,26/07/2026,Y,US
O02443,Hooli,"2,959.55",USD,14/04/2026,Y,US
O02444,Umbrella,57.12,CHF,28/07/2026,N,EU
O02445,HOOLI,"4,684.37",EUR,28/01/2026,N,EU
O02446,UMBRELLA,"2,871.81",CHF,21/08/2026,Y,EU
O02447,GLOBEX,"2,458.07",EUR,16/04/2026,N,EU
O02448,Globex,"3,191.80",USD,15/03/2026,N,US
O02449,Hooli,"1,533.09",EUR,20/06/2026,Y,US
O02450,UMBRELLA,"3,089.96",CHF,11/07/2026,N,EU
O02451,Globex,"2,926.39",USD,19/01/2026,Y,EU
O02452,GLOBEX,"3,138.69",CHF,20/08/2026,N,US
O02453,ACME,"2,950.44",EUR,20/07/2026,N,US
O02454,Hooli,"2,168.54",USD,24/04/2026,N,US
O02455,Umbrella,"3,589.31",USD,17/03/2026,Y,US
O02456,Initech,"3,615.28",USD,22/09/2026,N,EU
O02457,Initech,"4,337.67",EUR,22/03/2026,Y,EU
O02458,ACME,"2,333.82",USD,18/08/2026,N,US
O02459,Umbrella,"1,020.30",EUR,28/03/2026,N,EU
O02460,Hooli,"1,831.29",EUR,13/01/2026,N,EU
O02461,ACME,"2,382.43",USD,27/05/2026,Y,EU
O02462,Hooli,"1,133.88",CHF,23/09/2026,Y,US
O02463,Globex,"2,521.97",EUR,15/05/2026,N,US
O02464,Initech,"3,950.99",USD,16/03/2026,N,EU
O02465,INITECH,"3,105.98",EUR,25/05/2026,Y,EU
O02466,HOOLI,"1,459.21",CHF,20/03/2026,N,EU
O02467,INITECH,"1,197.76",CHF,18/01/2026,N,US
O02468,Hooli,"3,605.64",CHF,26/01/2026,Y,EU
O02469,Umbrella,134.47,USD,27/08/2026,Y,EU
O02470,Umbrella,"1,828.90",EUR,16/07/2026,N,US
O02471,Initech,"4,209.38",EUR,13/08/2026,Y,US
O02472,Umbrella,"1,502.06",CHF,16/03/2026,Y,EU
O02473,Hooli,"1,772.64",USD,13/03/2026,N,EU
O02474,Globex,182.46,EUR,15/05/2026,Y,US
O02475,ACME,"4,934.56",CHF,10/03/2026,Y,US
O02476,ACME,370.34,EUR,19/04/2026,Y,EU
O02477,UMBRELLA,"4,496.90",EUR,12/06/2026,Y,EU
O02478,Globex,"1,570.84",USD,19/04/2026,Y,EU
O02479,Initech,"3,177.65",EUR,23/02/2026,N,US
O02480,Hooli,71.38,CHF,24/03/2026,N,US
O02481,ACME,"2,930.73",CHF,17/01/2026,N,EU
O02482,Umbrella,"3,519.70",CHF,14/01/2026,Y,US
O02483,INITECH,296.88,EUR,23/09/2026,N,EU
O02484,INITECH,"1,677.69",USD,22/03/2026,N,EU
O02485,Hooli,"2,713.61",EUR,24/01/2026,N,US
O02486,Hooli,"4,686.40",USD,10/01/2026,N,EU
O02487,Initech,"1,902.09",USD,24/08/2026,N,US
O02488,Initech,"4,431.49",CHF,11/08/2026,Y,EU
O02489,Globex,"2,159.29",EUR,22/09/2026,N,EU
O02490,INITECH,390.19,CHF,12/09/2026,Y,US
O02491,Hooli,840.52,EUR,20/04/2026,Y,US
O02492,Globex,806.65,USD,26/04/2026,N,EU
O02493,ACME,"1,615.85",USD,10/05/2026,Y,US
O02494,INITECH,"2,380.31",USD,23/04/2026,Y,US
O02495,Umbrella,"4,663.03",USD,14/04/2026,Y,EU
O02496,ACME,"2,271.39",EUR,11/06/2026,N,EU
O02497,Umbrella,"1,216.32",CHF,10/01/2026,N,EU
O02498,ACME,"2,434.44",EUR,13/02/2026,Y,EU
O02499,Hooli,"2,342.03",EUR,10/05/2026,N,US
O02500,Globex,"3,999.08",USD,11/05/2026,N,EU
O02501,Globex,"4,338.44",CHF,27/02/2026,Y,US
O02502,Globex,"2,384.21",CHF,11/03/2026,N,EU
O02503,Initech,307.13,USD,13/09/2026,Y,US
O02504,ACME,"2,012.15",EUR,10/01/2026,N,EU
O02505,Initech,"3,291.09",CHF,15/07/2026,Y,US
O02506,ACME,172.51,USD,27/09/2026,Y,EU
O02507,Globex,90.27,EUR,25/08/2026,Y,US
O02508,Initech,"2,051.70",USD,12/06/2026,N,US
O02509,Hooli,"3,854.48",CHF,16/06/2026,Y,US
O02510,UMBRELLA,"3,942.42",CHF,26/07/2026,Y,US
O02511,INITECH,"4,127.72",CHF,15/09/2026,Y,EU
O02512,Umbrella,241.53,EUR,24/01/2026,N,EU
O02513,Hooli,"4,158.60",USD,26/06/2026,Y,EU
O02514,UMBRELLA,"4,255.41",EUR,17/08/2026,Y,EU
O02515,GLOBEX,"2,644.58",CHF,13/08/2026,Y,EU
O02516,INITECH,"4,243.25",USD,23/01/2026,N,EU
O02517,UMBRELLA,"1,542.84",CHF,25/04/2026,Y,EU
O02518,Initech,"1,635.33",EUR,16/08/2026,N,US
O02519,Initech,84.54,CHF,16/01/2026,N,US
O02520,Initech,"1,163.62",CHF,24/05/2026,N,EU
O02521,Globex,"1,303.27",USD,11/06/2026,Y,EU
O02522,Umbrella,"1,609.68",USD,25/04/2026,N,US
O02523,Initech,"3,023.23",CHF,12/01/2026,Y,US
O02524,Hooli,"1,210.88",EUR,13/06/2026,N,EU
O02525,Globex,"2,908.16",EUR,26/08/2026,N,EU
O02526,Hooli,"4,743.64",USD,24/09/2026,N,EU
O02527,Umbrella,"3,561.20",GBP,28/03/2026,N,US
O02528,Initech,"4,015.70",EUR,15/04/2026,Y,EU
O02529,Globex,358.76,CHF,26/09/2026,N,EU
O02530,UMBRELLA,365.53,EUR,21/03/2026,N,EU
O02531,Globex,"3,149.35",CHF,17/05/2026,N,EU
O02532,Hooli,"4,571.15",USD,24/07/2026,Y,EU
O02533,Umbrella,785.99,USD,21/01/2026,Y,EU
O02534,Globex,975.30,USD,12/09/2026,Y,EU
O02535,Umbrella,437.07,EUR,14/08/2026,N,US
O02536,INITECH,"4,989.80",USD,19/01/2026,Y,US
O02537,UMBRELLA,"4,480.34",EUR,23/09/2026,N,EU
O02538,Umbrella,"1,856.27",EUR,19/01/2026,N,US
O02539,ACME,"3,836.18",USD,25/05/2026,Y,US
O02540,ACME,789.54,EUR,27/05/2026,N,EU
O02541,HOOLI,"3,557.54",USD,12/05/2026,N,EU
O02542,Globex,"3,084.74",CHF,22/08/2026,N,EU
O02543,ACME,"2,209.87",CHF,19/03/2026,N,EU
O02544,Hooli,758.99,USD,16/09/2026,Y,US
O02545,Hooli,"3,982.68",EUR,21/03/2026,Y,US
O02546,INITECH,"3,809.05",EUR,18/05/2026,Y,US
O02547,Globex,"3,734.05",EUR,10/07/2026,N,EU
O02548,GLOBEX,"1,701.33",USD,14/09/2026,Y,EU
O02549,Umbrella,"3,056.24",EUR,26/03/2026,Y,EU
O02550,Hooli,"4,685.03",EUR,12/02/2026,Y,EU
O02551,UMBRELLA,"1,844.86",USD,10/03/2026,Y,EU
O02552,Umbrella,"1,434.96",USD,14/03/2026,N,US
O02553,INITECH,"1,573.05",USD,28/03/2026,N,EU
O02554,Umbrella,"4,646.30",EUR,20/06/2026,N,EU
O02555,ACME,313.86,EUR,17/01/2026,Y,US
O02556,Initech,"2,642.08",EUR,11/05/2026,Y,EU
O02557,ACME,736.47,CHF,15/04/2026,Y,EU
O02558,INITECH,"1,114.69",USD,11/08/2026,Y,US
O02559,Umbrella,"4,466.78",CHF,21/04/2026,N,US
O02560,INITECH,714.80,USD,12/09/2026,Y,EU
O02561,ACME,"3,945.06",CHF,23/07/2026,Y,EU
O02562,Initech,"4,744.88",USD,27/08/2026,N,EU
O02563,Hooli,931.02,CHF,19/06/2026,N,US
O02564,Globex,"4,550.98",CHF,19/03/2026,Y,EU
O02565,Globex,425.85,EUR,18/01/2026,N,EU
O02566,Initech,"1,855.37",EUR,14/01/2026,N,EU
O02567,INITECH,"1,490.74",USD,27/04/2026,N,US
O02568,GLOBEX,"4,233.26",CHF,25/04/2026,N,EU
O02569,Globex,348.05,USD,22/08/2026,Y,EU
O02570,ACME,"4,205.14",EUR,15/01/2026,N,US
O02571,Umbrella,"2,030.57",CHF,28/04/2026,N,EU
O02572,ACME,"4,400.77",USD,22/05/2026,Y,US
O02573,Hooli,939.89,EUR,11/04/2026,Y,EU
O02574,ACME,"3,473.90",CHF,16/06/2026,Y,EU
O02575,Initech,"3,204.55",USD,11/09/2026,N,EU
O02576,GLOBEX,"2,171.13",CHF,22/04/2026,N,EU
O02577,ACME,495.89,EUR,19/09/2026,Y,EU
O02578,Umbrella,"2,969.35",EUR,23/06/2026,Y,US
O02579,ACME,"2,668.64",USD,19/09/2026,N,US
O02580,ACME,"3,673.28",USD,23/05/2026,Y,EU
O02581,UMBRELLA,"3,655.90",USD,21/07/2026,N,US
O02582,Initech,468.92,USD,11/02/2026,Y,EU
O02583,Hooli,285.36,EUR,23/05/2026,Y,US
O02584,UMBRELLA,"4,682.62",EUR,27/04/2026,N,US
O02585,ACME,"3,059.16",CHF,25/05/2026,Y,EU
O02586,Globex,"2,002.29",USD,23/07/2026,N,EU
O02587,Globex,"2,545.60",EUR,19/04/2026,N,EU
O02588,Initech,875.96,EUR,20/05/2026,N,US
O02589,Umbrella,587.69,CHF,18/05/2026,Y,US
O02590,ACME,"4,949.25",USD,23/08/2026,N,EU
O02591,Initech,"4,900.71",USD,12/04/2026,Y,EU
O02592,Hooli,"3,885.93",USD,11/06/2026,N,US
O02593,Initech,96.50,USD,21/03/2026,N,EU
O02594,Hooli,"2,624.96",USD,22/03/2026,Y,EU
O02595,ACME,266.43,CHF,11/06/2026,N,US
O02596,GLOBEX,"1,975.23",CHF,17/03/2026,Y,EU
O02597,Globex,"3,509.36",CHF,14/02/2026,N,EU
O02598,UMBRELLA,"2,737.89",CHF,21/02/2026,N,US
O02599,INITECH,"3,617.86",USD,26/02/2026,Y,US
O02600,ACME,"3,866.37",EUR,14/01/2026,N,US
O02601,Globex,188.15,EUR,16/06/2026,N,US
O02602,Initech,"4,248.30",EUR,17/05/2026,N,EU
O02603,INITECH,"4,662.28",EUR,14/06/2026,Y,US
O02604,Umbrella,"4,073.60",EUR,26/03/2026,Y,EU
O02605,Globex,584.88,USD,24/09/2026,N,EU
O02606,UMBRELLA,"3,360.85",EUR,10/07/2026,Y,US
O02607,Globex,775.45,USD,19/07/2026,Y,US
O02608,Umbrella,"2,311.54",CHF,11/02/2026,Y,EU
O02609,Hooli,"3,211.68",USD,14/02/2026,Y,EU
O02610,ACME,419.43,USD,26/03/2026,N,EU
O02611,ACME,"2,218.47",EUR,27/08/2026,N,US
O02612,Umbrella,"3,893.18",USD,16/09/2026,N,EU
O02613,HOOLI,867.43,USD,24/01/2026,Y,EU
O02614,Umbrella,960.83,CHF,13/08/2026,Y,US
O02615,Initech,378.81,CHF,19/05/2026,N,US
O02616,HOOLI,630.81,EUR,13/09/2026,Y,EU
O02617,Umbrella,"4,289.31",EUR,11/01/2026,N,US
O02618,Umbrella,218.32,USD,18/01/2026,N,US
O02619,UMBRELLA,"4,879.15",USD,13/05/2026,N,US
O02620,Hooli,"3,972.50",USD,10/01/2026,N,US
O02621,INITECH,"3,465.66",CHF,23/08/2026,N,US
O02622,ACME,"3,040.24",EUR,17/02/2026,Y,EU
O02623,ACME,"1,149.16",EUR,11/02/2026,N,US
O02624,GLOBEX,"3,765.36",CHF,25/07/2026,N,US
O02625,Globex,"2,239.28",EUR,19/07/2026,Y,US
O02626,INITECH,"1,424.78",USD,12/02/2026,Y,EU
O02627,ACME,"1,791.09",USD,24/04/2026,N,US
O02628,Initech,"2,309.56",USD,22/02/2026,N,EU
O02629,Globex,"2,437.60",CHF,28/01/2026,N,US
O02630,Globex,412.01,USD,25/07/2026,Y,US
O02631,Globex,"2,953.77",USD,21/02/2026,N,EU
O02632,Umbrella,"3,256.68",CHF,20/09/2026,Y,US
O02633,Umbrella,"4,146.95",CHF,13/07/2026,N,EU
O02634,Globex,"2,488.68",EUR,19/05/2026,Y,EU
O02635,ACME,"2,105.87",EUR,15/03/2026,Y,EU
O02636,ACME,"4,993.29",USD,17/06/2026,Y,US
O02637,Hooli,"4,622.92",CHF,14/07/2026,Y,EU
O02638,Hooli,"4,334.72",EUR,21/04/2026,N,EU
O02639,Umbrella,"1,074.42",EUR,15/02/2026,N,US
O02640,Umbrella,"3,642.88",EUR,11/04/2026,Y,US
O02641,Initech,"3,965.25",EUR,17/05/2026,Y,EU
O02642,ACME,"4,348.35",CHF,18/02/2026,Y,EU
O02643,ACME,"1,123.94",CHF,26/08/2026,N,EU
O02644,Hooli,"1,601.66",EUR,18/06/2026,Y,EU
O02645,HOOLI,"4,946.56",EUR,23/06/2026,N,US
O02646,Globex,450.88,USD,21/08/2026,N,EU
O02647,Initech,"3,884.56",EUR,16/06/2026,N,EU
O02648,Globex,"2,267.68",USD,12/07/2026,Y,US
O02649,Hooli,464.26,USD,12/04/2026,Y,US
O02650,Umbrella,"1,853.64",EUR,25/04/2026,Y,US
O02651,INITECH,"1,105.35",USD,16/01/2026,N,EU
O02652,ACME,"1,867.86",EUR,10/02/2026,N,US
O02653,UMBRELLA,"3,831.35",USD,11/08/2026,Y,US
O02654,Initech,738.21,CHF,17/05/2026,N,EU
O02655,Initech,"3,894.91",CHF,20/07/2026,N,EU
O02656,Umbrella,781.51,EUR,15/07/2026,N,US
O02657,ACME,"3,439.92",EUR,13/09/2026,Y,EU
O02658,ACME,"1,672.11",CHF,17/03/2026,N,US
O02659,Hooli,"4,992.00",EUR,28/08/2026,N,EU
O02660,Initech,"3,614.85",EUR,27/08/2026,Y,US
O02661,GLOBEX,"1,387.66",EUR,23/07/2026,N,US
O02662,HOOLI,"2,993.02",CHF,21/02/2026,Y,EU
O02663,INITECH,"2,014.33",CHF,20/04/2026,Y,US
O02664,Umbrella,98.67,USD,11/05/2026,N,US
O02665,Umbrella,"1,454.39",USD,16/02/2026,N,US
O02666,Umbrella,"2,244.19",USD,17/02/2026,Y,US
O02667,UMBRELLA,"4,680.31",EUR,22/02/2026,Y,EU
O02668,Umbrella,"1,263.85",EUR,25/02/2026,Y,EU
O02669,Umbrella,"2,014.93",USD,12/01/2026,N,EU
O02670,Initech,"2,311.46",CHF,18/03/2026,N,US
O02671,Globex,"1,609.27",EUR,25/01/2026,Y,EU
O02672,Globex,"1,784.79",USD,24/01/2026,N,US
O02673,Hooli,"2,989.16",USD,20/06/2026,N,EU
O02674,Hooli,"2,588.80",CHF,20/02/2026,N,EU
O02675,Hooli,"2,653.52",CHF,22/08/2026,N,EU
O02676,ACME,"1,017.10",CHF,23/09/2026,N,EU
O02677,ACME,"2,491.66",EUR,13/04/2026,N,US
O02678,Hooli,287.65,CHF,13/06/2026,N,US
O02679,INITECH,100.25,USD,20/04/2026,N,US
O02680,Globex,"1,702.10",USD,19/04/2026,N,US
O02681,ACME,"1,344.43",CHF,17/09/2026,N,EU
O02682,ACME,"4,765.22",EUR,15/01/2026,N,US
O02683,Initech,"2,252.06",CHF,27/02/2026,Y,US
O02684,Globex,"3,072.53",USD,14/05/2026,N,US
O02685,ACME,"1,902.43",USD,23/07/2026,N,EU
O02686,Initech,"2,814.27",EUR,18/06/2026,N,EU
O02687,Umbrella,463.42,CHF,18/01/2026,N,EU
O02688,Umbrella,"4,626.82",USD,25/06/2026,N,US
O02689,ACME,"4,027.01",CHF,11/01/2026,N,EU
O02690,Globex,"3,347.30",USD,26/08/2026,N,EU
O02691,Initech,545.09,EUR,24/06/2026,Y,EU
O02692,ACME,"3,970.79",USD,24/07/2026,N,EU
O02693,INITECH,"1,263.92",USD,27/02/2026,N,EU
O02694,Globex,"3,577.68",CHF,22/07/2026,N,US
O02695,ACME,"2,031.27",EUR,10/09/2026,Y,US
O02696,Hooli,"4,619.66",USD,14/01/2026,Y,EU
O02697,UMBRELLA,"1,824.22",USD,26/09/2026,Y,EU
O02698,HOOLI,"2,187.35",EUR,27/08/2026,N,EU
O02699,ACME,"2,736.81",CHF,27/04/2026,N,US
O02700,UMBRELLA,"3,915.29",USD,25/08/2026,N,US
O02701,Hooli,"1,403.46",EUR,27/09/2026,N,EU
O02702,Umbrella,616.86,CHF,15/05/2026,Y,EU
O02703,HOOLI,"2,874.07",EUR,27/03/2026,N,US
O02704,UMBRELLA,"4,612.59",USD,21/02/2026,N,EU
O02705,Umbrella,"3,782.88",CHF,13/09/2026,Y,EU
O02706,HOOLI,"4,279.36",EUR,19/04/2026,Y,US
O02707,UMBRELLA,532.75,CHF,27/07/2026,Y,EU
O02708,Initech,"3,954.25",EUR,10/01/2026,Y,US
O02709,Hooli,"4,465.62",USD,20/05/2026,N,EU
O02710,Hooli,"2,598.71",CHF,27/07/2026,N,EU
O02711,Umbrella,"2,875.21",USD,15/09/2026,N,US
O02712,Hooli,"4,230.89",EUR,16/01/2026,N,EU
O02713,Hooli,"4,001.12",EUR,22/03/2026,N,US
O02714,Globex,463.02,EUR,22/05/2026,N,US
O02715,HOOLI,938.45,USD,11/04/2026,Y,US
O02716,INITECH,"4,984.22",USD,17/07/2026,N,EU
O02717,Hooli,"3,829.39",GBP,18/03/2026,N,EU
O02718,INITECH,253.72,USD,12/06/2026,Y,EU
O02719,Initech,"1,925.14",CHF,16/07/2026,N,EU
O02720,ACME,"2,609.72",CHF,16/04/2026,N,EU
O02721,ACME,"3,549.94",EUR,22/04/2026,N,EU
O02722,Hooli,"2,710.24",EUR,25/09/2026,Y,US
O02723,INITECH,"3,009.18",CHF,10/08/2026,Y,EU
O02724,INITECH,"2,299.70",EUR,24/04/2026,Y,US
O02725,GLOBEX,"1,338.61",EUR,24/04/2026,Y,EU
O02726,Hooli,"2,662.67",EUR,21/07/2026,Y,US
O02727,ACME,"3,177.31",CHF,21/01/2026,N,US
O02728,Umbrella,"4,081.28",EUR,22/07/2026,N,US
O02729,Globex,490.82,USD,17/02/2026,Y,EU
O02730,GLOBEX,"2,096.26",EUR,11/07/2026,Y,EU
O02731,Hooli,"4,724.24",EUR,26/08/2026,Y,US
O02732,ACME,198.60,EUR,17/01/2026,N,EU
O02733,ACME,"1,690.68",USD,20/07/2026,Y,EU
O02734,HOOLI,"4,216.25",EUR,22/04/2026,N,US
O02735,ACME,"1,778.82",CHF,20/04/2026,N,EU
O02736,Initech,560.71,USD,28/05/2026,Y,EU
O02737,Globex,821.25,EUR,12/06/2026,Y,EU
O02738,Hooli,"1,089.07",GBP,21/09/2026,Y,EU
O02739,ACME,"4,968.82",CHF,17/08/2026,Y,US
O02740,Globex,361.77,EUR,13/09/2026,Y,US
O02741,Initech,"3,680.75",CHF,11/09/2026,N,US
O02742,Globex,"4,978.71",GBP,17/06/2026,N,EU
O02743,Initech,"1,128.09",USD,28/08/2026,N,EU
O02744,Initech,"1,790.33",CHF,26/06/2026,Y,US
O02745,Initech,"2,051.18",CHF,26/01/2026,N,EU
O02746,Initech,"4,324.80",CHF,10/01/2026,Y,EU
O02747,ACME,"2,359.94",CHF,12/07/2026,Y,EU
O02748,ACME,39.23,EUR,25/03/2026,N,US
O02749,ACME,"4,048.16",USD,20/02/2026,Y,US
O02750,Hooli,"3,889.40",USD,28/02/2026,N,US
O02751,INITECH,"4,664.79",EUR,25/03/2026,N,EU
O02752,Initech,"1,074.61",USD,17/02/2026,N,EU
O02753,ACME,58.95,EUR,18/07/2026,Y,US
O02754,Hooli,"1,583.30",EUR,11/09/2026,Y,US
O02755,HOOLI,"4,264.76",CHF,26/04/2026,N,EU
O02756,INITECH,"1,314.22",CHF,16/04/2026,N,US
O02757,ACME,"1,262.59",CHF,11/08/2026,Y,EU
O02758,Umbrella,109.42,CHF,17/08/2026,Y,US
O02759,GLOBEX,"2,377.77",CHF,10/06/2026,N,US
O02760,Initech,"1,481.77",EUR,23/05/2026,N,EU
O02761,HOOLI,"1,033.54",EUR,15/04/2026,Y,US
O02762,Umbrella,"3,434.41",USD,20/03/2026,N,EU
O02763,GLOBEX,806.35,USD,18/08/2026,Y,EU
O02764,Hooli,"1,938.09",EUR,18/06/2026,Y,US
O02765,Hooli,"3,145.38",USD,16/06/2026,N,EU
O02766,HOOLI,"1,602.44",EUR,28/02/2026,Y,EU
O02767,Umbrella,"1,093.16",USD,16/04/2026,N,US
O02768,Initech,"1,657.48",EUR,21/09/2026,N,EU
O02769,ACME,"4,685.36",USD,13/08/2026,Y,EU
O02770,ACME,544.52,USD,18/01/2026,Y,EU
O02771,Globex,"2,871.37",EUR,15/02/2026,Y,US
O02772,Initech,"3,830.11",EUR,26/06/2026,N,US
O02773,Hooli,"3,641.86",USD,28/09/2026,N,US
O02774,Globex,"2,878.23",EUR,12/04/2026,N,EU
O02775,Hooli,64.12,CHF,24/02/2026,Y,US
O02776,Globex,587.73,USD,22/06/2026,N,EU
O02777,Umbrella,"2,308.95",EUR,16/01/2026,N,EU
O02778,Hooli,"1,568.85",USD,16/03/2026,Y,EU
O02779,ACME,"2,168.62",EUR,15/05/2026,N,EU
O02780,Initech,"3,039.49",CHF,18/09/2026,N,EU
O02781,Umbrella,"3,135.86",EUR,15/06/2026,N,US
O02782,ACME,256.15,CHF,18/07/2026,Y,EU
O02783,Initech,"2,858.99",EUR,10/07/2026,N,US
O02784,Initech,"3,659.78",EUR,13/06/2026,Y,US
O02785,Globex,178.61,USD,12/06/2026,N,US
O02786,ACME,"2,866.82",EUR,26/04/2026,Y,EU
O02787,Umbrella,"3,953.86",USD,14/04/2026,Y,US
O02788,Globex,"2,089.42",EUR,11/01/2026,Y,US
O02789,Hooli,"3,283.32",CHF,16/04/2026,Y,EU
O02790,HOOLI,"2,807.42",USD,26/08/2026,Y,US
O02791,Umbrella,"1,659.36",USD,23/08/2026,Y,EU
O02792,Globex,"2,450.88",USD,27/07/2026,Y,EU
O02793,INITECH,"1,244.02",CHF,23/04/2026,Y,EU
O02794,Hooli,"1,790.50",GBP,12/04/2026,N,US
O02795,Umbrella,"4,714.86",CHF,19/06/2026,Y,US
O02796,ACME,"3,447.91",EUR,17/01/2026,N,US
O02797,Globex,206.30,EUR,11/07/2026,N,US
O02798,Globex,"4,809.90",EUR,10/07/2026,N,EU
O02799,Initech,"2,748.67",CHF,14/04/2026,N,US
O02800,ACME,"3,297.08",USD,22/04/2026,Y,EU
O02801,INITECH,166.77,CHF,13/03/2026,Y,US
O02802,Umbrella,"2,377.38",USD,14/04/2026,Y,EU
O02803,ACME,223.65,EUR,14/01/2026,Y,EU
O02804,Globex,"1,728.15",EUR,23/06/2026,Y,US
O02805,ACME,"3,266.61",CHF,22/08/2026,N,US
O02806,UMBRELLA,349.29,CHF,27/07/2026,Y,US
O02807,Hooli,"1,361.43",USD,19/06/2026,Y,US
O02808,GLOBEX,"1,321.59",USD,17/08/2026,N,US
O02809,HOOLI,898.15,CHF,26/03/2026,N,EU
O02810,Umbrella,"2,101.43",CHF,14/08/2026,Y,US
O02811,ACME,926.22,USD,10/03/2026,Y,EU
O02812,Umbrella,"4,116.66",CHF,22/04/2026,N,US
O02813,Initech,"4,480.66",CHF,26/05/2026,N,EU
O02814,ACME,"1,793.31",USD,19/05/2026,Y,EU
O02815,ACME,"3,010.96",CHF,11/07/2026,N,US
O02816,ACME,"4,099.72",USD,17/09/2026,Y,EU
O02817,ACME,"2,275.69",USD,10/04/2026,Y,US
O02818,Hooli,692.36,CHF,22/09/2026,N,EU
O02819,Initech,"4,108.25",EUR,10/07/2026,Y,US
O02820,ACME,536.60,USD,18/05/2026,N,EU
O02821,ACME,"1,053.85",EUR,13/02/2026,N,US
O02822,Globex,"4,125.79",USD,22/08/2026,Y,US
O02823,Initech,"3,989.97",EUR,12/04/2026,N,EU
O02824,Initech,828.77,CHF,22/07/2026,N,EU
O02825,ACME,"4,347.37",CHF,16/03/2026,N,US
O02826,Globex,"1,745.29",EUR,21/01/2026,Y,EU
O02827,HOOLI,"4,445.62",EUR,17/06/2026,N,EU
O02828,Globex,"2,104.74",USD,20/03/2026,N,US
O02829,Initech,"3,468.85",CHF,10/04/2026,N,US
O02830,HOOLI,"4,117.59",CHF,26/06/2026,N,US
O02831,INITECH,"3,739.39",EUR,15/03/2026,N,US
O02832,INITECH,"2,950.82",EUR,23/08/2026,N,EU
O02833,ACME,"1,120.20",USD,19/05/2026,Y,US
O02834,Umbrella,"2,437.53",USD,20/08/2026,Y,US
O02835,GLOBEX,"3,979.12",USD,22/01/2026,N,US
O02836,INITECH,"3,644.23",EUR,22/07/2026,N,US
O02837,Initech,"2,617.57",CHF,17/03/2026,N,EU
O02838,Hooli,"3,550.85",USD,24/09/2026,Y,US
O02839,Initech,"1,046.00",USD,16/09/2026,Y,US
O02840,Hooli,"4,244.59",EUR,26/08/2026,N,US
O02841,HOOLI,"1,710.48",USD,26/06/2026,N,EU
O02842,Hooli,"2,571.43",CHF,20/09/2026,Y,EU
O02843,Umbrella,"4,260.27",EUR,12/09/2026,N,US
O02844,Umbrella,"1,738.05",USD,27/01/2026,N,US
O02845,UMBRELLA,"2,895.71",USD,27/06/2026,N,US
O02846,ACME,"3,910.73",CHF,13/01/2026,N,EU
O02847,GLOBEX,"3,709.43",USD,11/09/2026,Y,US
O02848,Initech,"1,662.59",CHF,24/06/2026,Y,US
O02849,Hooli,"1,297.87",CHF,14/06/2026,Y,EU
O02850,HOOLI,"1,992.39",EUR,13/07/2026,N,EU
O02851,Globex,"2,523.54",CHF,21/05/2026,N,US
O02852,Initech,"3,878.36",CHF,26/05/2026,N,US
O02853,Hooli,"2,673.11",USD,16/06/2026,N,EU
O02854,Initech,"4,489.17",CHF,15/01/2026,Y,EU
O02855,GLOBEX,"3,369.23",USD,15/03/2026,Y,US
O02856,Globex,"4,077.51",USD,28/09/2026,N,EU
O02857,Umbrella,713.90,USD,19/08/2026,N,EU
O02858,Hooli,"1,916.71",EUR,18/05/2026,N,US
O02859,ACME,"1,487.58",EUR,25/08/2026,N,US
O02860,Hooli,"2,930.45",USD,16/05/2026,N,US
O02861,UMBRELLA,"4,410.18",EUR,13/05/2026,N,EU
O02862,Hooli,637.14,CHF,14/01/2026,Y,EU
O02863,Initech,"2,536.62",EUR,18/08/2026,Y,US
O02864,Initech,590.52,EUR,22/08/2026,N,US
O02865,Initech,"1,825.84",CHF,23/02/2026,Y,EU
O02866,Hooli,"4,774.21",USD,12/07/2026,Y,EU
O02867,Hooli,"2,716.21",CHF,14/09/2026,Y,EU
O02868,ACME,283.56,CHF,17/01/2026,Y,EU
O02869,Globex,"4,942.05",USD,17/07/2026,Y,US
O02870,Initech,"1,874.00",EUR,11/07/2026,N,US
O02871,Globex,"2,874.30",CHF,22/09/2026,N,US
O02872,ACME,"1,017.60",CHF,18/09/2026,N,US
O02873,Hooli,"4,550.36",USD,26/08/2026,N,EU
O02874,Hooli,"4,268.37",EUR,13/01/2026,N,US
O02875,ACME,436.29,USD,12/06/2026,N,EU
O02876,ACME,"1,693.99",EUR,11/01/2026,Y,EU
O02877,Hooli,"2,522.61",CHF,10/08/2026,N,EU
O02878,ACME,"1,723.07",CHF,11/06/2026,Y,EU
O02879,Initech,"3,801.12",CHF,18/07/2026,N,EU
O02880,ACME,"2,420.92",CHF,24/03/2026,N,US
O02881,ACME,348.25,EUR,11/05/2026,Y,EU
O02882,HOOLI,"3,201.99",CHF,27/07/2026,Y,EU
O02883,Globex,"2,679.20",EUR,14/04/2026,N,EU
O02884,Globex,"4,905.89",EUR,25/03/2026,Y,EU
O02885,Initech,165.30,USD,18/03/2026,N,EU
O02886,INITECH,"4,056.60",CHF,19/03/2026,N,EU
O02887,Hooli,"1,382.47",EUR,22/06/2026,Y,EU
O02888,INITECH,"2,174.69",CHF,18/05/2026,Y,US
O02889,Globex,"1,982.07",EUR,28/06/2026,Y,EU
O02890,INITECH,"3,071.39",CHF,14/05/2026,Y,US
O02891,Umbrella,"1,235.20",EUR,13/09/2026,Y,EU
O02892,ACME,"4,662.61",EUR,25/07/2026,N,US
O02893,GLOBEX,"3,124.76",CHF,25/03/2026,N,EU
O02894,Umbrella,281.12,CHF,17/08/2026,N,US
O02895,Globex,"4,303.59",EUR,19/08/2026,N,US
O02896,Initech,914.36,EUR,12/08/2026,Y,US
O02897,HOOLI,"3,498.26",EUR,20/02/2026,N,US
O02898,INITECH,903.81,EUR,10/02/2026,N,EU
O02899,ACME,810.24,USD,21/08/2026,N,EU
O02900,HOOLI,"1,548.31",EUR,14/05/2026,N,EU
O02901,Umbrella,"2,088.34",USD,19/02/2026,N,EU
O02902,Umbrella,176.17,EUR,13/07/2026,Y,EU
O02903,Globex,"1,670.39",USD,16/07/2026,N,US
O02904,GLOBEX,"2,091.24",USD,27/07/2026,N,US
O02905,Initech,"4,167.31",USD,15/09/2026,N,US
O02906,ACME,"3,775.65",EUR,16/06/2026,N,EU
O02907,Initech,"4,548.26",USD,28/09/2026,Y,US
O02908,Globex,"4,782.33",EUR,12/03/2026,Y,US
O02909,Hooli,15.10,CHF,13/06/2026,Y,EU
O02910,Umbrella,"1,510.25",CHF,17/09/2026,N,EU
O02911,Globex,"4,403.85",EUR,27/05/2026,Y,EU
O02912,UMBRELLA,"4,135.44",CHF,17/05/2026,N,EU
O02913,Hooli,"2,547.11",EUR,27/07/2026,N,EU
O02914,INITECH,"1,840.62",EUR,17/09/2026,N,US
O02915,UMBRELLA,"2,610.68",EUR,28/02/2026,Y,EU
O02916,Globex,"3,721.15",EUR,11/05/2026,Y,EU
O02917,Globex,"1,931.10",EUR,17/08/2026,N,EU
O02918,Initech,320.68,USD,28/09/2026,N,EU
O02919,ACME,660.26,USD,11/07/2026,N,US
O02920,ACME,"3,341.15",USD,27/02/2026,Y,US
O02921,HOOLI,"1,532.17",USD,24/05/2026,N,US
O02922,Initech,"4,218.56",USD,26/08/2026,Y,US
O02923,ACME,"3,710.83",EUR,27/09/2026,Y,EU
O02924,HOOLI,"1,747.15",CHF,26/07/2026,N,US
O02925,HOOLI,"1,850.51",EUR,22/03/2026,Y,EU
O02926,ACME,"3,482.02",USD,18/04/2026,N,EU
O02927,INITECH,"4,519.99",EUR,18/08/2026,Y,EU
O02928,Umbrella,740.48,USD,12/04/2026,Y,EU
O02929,Hooli,"3,832.74",EUR,12/07/2026,Y,US
O02930,Initech,"2,778.60",USD,10/08/2026,Y,EU
O02931,ACME,"4,723.94",EUR,28/07/2026,Y,EU
O02932,Umbrella,"3,224.00",USD,23/01/2026,N,EU
O02933,ACME,"4,777.60",EUR,24/07/2026,N,EU
O02934,Initech,"3,708.48",USD,19/01/2026,N,US
O02935,Hooli,"2,622.67",USD,23/09/2026,N,EU
O02936,Umbrella,37.25,CHF,26/04/2026,N,US
O02937,Globex,"1,517.20",EUR,20/02/2026,Y,US
O02938,Hooli,"3,829.95",CHF,16/08/2026,Y,EU
O02939,ACME,"2,874.00",EUR,10/03/2026,Y,EU
O02940,GLOBEX,"4,717.36",EUR,21/09/2026,N,US
O02941,Hooli,532.65,EUR,18/06/2026,Y,EU
O02942,Umbrella,108.13,CHF,16/07/2026,Y,EU
O02943,Umbrella,"2,938.44",USD,17/02/2026,Y,EU
O02944,Initech,"1,560.48",EUR,21/09/2026,Y,US
O02945,ACME,"3,300.86",USD,13/06/2026,Y,EU
O02946,ACME,559.84,CHF,24/09/2026,Y,US
O02947,Globex,"4,741.09",EUR,28/07/2026,Y,US
O02948,Globex,"4,411.00",USD,27/09/2026,Y,US
O02949,Hooli,"1,804.80",EUR,17/08/2026,Y,EU
O02950,Initech,"2,493.31",CHF,12/07/2026,Y,US
O02951,Umbrella,666.44,USD,23/05/2026,N,EU
O02952,GLOBEX,62.34,GBP,17/03/2026,N,EU
O02953,UMBRELLA,"1,826.67",EUR,15/03/2026,N,US
O02954,Initech,"2,957.59",USD,16/09/2026,N,US
O02955,UMBRELLA,"3,371.46",EUR,27/08/2026,Y,EU
O02956,INITECH,532.21,EUR,18/08/2026,Y,US
O02957,ACME,"3,130.93",CHF,15/03/2026,N,US
O02958,ACME,635.27,USD,22/09/2026,Y,EU
O02959,Initech,"2,621.05",USD,12/09/2026,Y,EU
O02960,Umbrella,305.42,EUR,22/02/2026,N,EU
O03001,ACME,"1,000.00",EUR,01/02/2026,Y,EU
O03002,ACME,"1,000.00",EUR,01/02/2026,Y,EU
O03003,ACME,"1,000.00",EUR,01/02/2026,Y,EU
O03004,ACME,"1,000.00",EUR,01/02/2026,Y,EU
O03005,ACME,"1,000.00",EUR,01/02/2026,Y,EU
O03006,ACME,"1,000.00",EUR,01/02/2026,Y,EU
O03007,ACME,"1,000.00",EUR,01/02/2026,Y,EU
O03008,ACME,"1,000.00",EUR,01/02/2026,Y,EU
O03009,ACME,"1,000.00",EUR,01/02/2026,Y,EU
O03010,ACME,"1,000.00",EUR,01/02/2026,Y,EU
O03011,ACME,"1,000.00",EUR,01/02/2026,Y,EU
O03012,ACME,"1,000.00",EUR,01/02/2026,Y,EU
O03013,ACME,"1,000.00",EUR,01/02/2026,Y,EU
O03014,ACME,"1,000.00",EUR,01/02/2026,Y,EU
O03015,ACME,"1,000.00",EUR,01/02/2026,Y,EU
O03016,ACME,"1,000.00",EUR,01/02/2026,Y,EU
O03017,ACME,"1,000.00",EUR,01/02/2026,Y,EU
O03018,ACME,"1,000.00",EUR,01/02/2026,Y,EU
O03019,ACME,"1,000.00",EUR,01/02/2026,Y,EU
O03020,ACME,"1,000.00",EUR,01/02/2026,Y,EU
O03021,ACME,"1,000.00",EUR,01/02/2026,Y,EU
O03022,ACME,"1,000.00",EUR,01/02/2026,Y,EU
O03023,ACME,"1,000.00",EUR,01/02/2026,Y,EU
O03024,ACME,"1,000.00",EUR,01/02/2026,Y,EU
O03025,ACME,"1,000.00",EUR,01/02/2026,Y,EU
